/*
 * Auto-generated Micro-MobileNet Quantized INT8 Model Header for ESP32-S3 / TinyML
 * Model size: 17,256 bytes (16.85 KB)
 */

#ifndef DIGIT_MODEL_QUANTIZED_H
#define DIGIT_MODEL_QUANTIZED_H

#ifdef __has_include
  #if __has_include(<pgmspace.h>)
    #include <pgmspace.h>
  #endif
#endif

#ifndef PROGMEM
  #define PROGMEM
#endif

alignas(8) const unsigned char g_digit_model[] PROGMEM = {
  0x1c, 0x00, 0x00, 0x00, 0x54, 0x46, 0x4c, 0x33, 0x14, 0x00, 0x20, 0x00,
  0x1c, 0x00, 0x18, 0x00, 0x14, 0x00, 0x10, 0x00, 0x0c, 0x00, 0x00, 0x00,
  0x08, 0x00, 0x04, 0x00, 0x14, 0x00, 0x00, 0x00, 0x1c, 0x00, 0x00, 0x00,
  0x94, 0x00, 0x00, 0x00, 0xec, 0x00, 0x00, 0x00, 0xd4, 0x12, 0x00, 0x00,
  0xe4, 0x12, 0x00, 0x00, 0xc0, 0x42, 0x00, 0x00, 0x03, 0x00, 0x00, 0x00,
  0x01, 0x00, 0x00, 0x00, 0x10, 0x00, 0x00, 0x00, 0x00, 0x00, 0x0a, 0x00,
  0x10, 0x00, 0x0c, 0x00, 0x08, 0x00, 0x04, 0x00, 0x0a, 0x00, 0x00, 0x00,
  0x0c, 0x00, 0x00, 0x00, 0x1c, 0x00, 0x00, 0x00, 0x3c, 0x00, 0x00, 0x00,
  0x0f, 0x00, 0x00, 0x00, 0x73, 0x65, 0x72, 0x76, 0x69, 0x6e, 0x67, 0x5f,
  0x64, 0x65, 0x66, 0x61, 0x75, 0x6c, 0x74, 0x00, 0x01, 0x00, 0x00, 0x00,
  0x04, 0x00, 0x00, 0x00, 0x94, 0xff, 0xff, 0xff, 0x27, 0x00, 0x00, 0x00,
  0x04, 0x00, 0x00, 0x00, 0x08, 0x00, 0x00, 0x00, 0x6f, 0x75, 0x74, 0x70,
  0x75, 0x74, 0x5f, 0x30, 0x00, 0x00, 0x00, 0x00, 0x01, 0x00, 0x00, 0x00,
  0x04, 0x00, 0x00, 0x00, 0xfa, 0xec, 0xff, 0xff, 0x04, 0x00, 0x00, 0x00,
  0x0b, 0x00, 0x00, 0x00, 0x69, 0x6e, 0x70, 0x75, 0x74, 0x5f, 0x69, 0x6d,
  0x61, 0x67, 0x65, 0x00, 0x02, 0x00, 0x00, 0x00, 0x34, 0x00, 0x00, 0x00,
  0x04, 0x00, 0x00, 0x00, 0xdc, 0xff, 0xff, 0xff, 0x2a, 0x00, 0x00, 0x00,
  0x04, 0x00, 0x00, 0x00, 0x13, 0x00, 0x00, 0x00, 0x43, 0x4f, 0x4e, 0x56,
  0x45, 0x52, 0x53, 0x49, 0x4f, 0x4e, 0x5f, 0x4d, 0x45, 0x54, 0x41, 0x44,
  0x41, 0x54, 0x41, 0x00, 0x08, 0x00, 0x0c, 0x00, 0x08, 0x00, 0x04, 0x00,
  0x08, 0x00, 0x00, 0x00, 0x29, 0x00, 0x00, 0x00, 0x04, 0x00, 0x00, 0x00,
  0x13, 0x00, 0x00, 0x00, 0x6d, 0x69, 0x6e, 0x5f, 0x72, 0x75, 0x6e, 0x74,
  0x69, 0x6d, 0x65, 0x5f, 0x76, 0x65, 0x72, 0x73, 0x69, 0x6f, 0x6e, 0x00,
  0x2b, 0x00, 0x00, 0x00, 0xe4, 0x11, 0x00, 0x00, 0xdc, 0x11, 0x00, 0x00,
  0xc4, 0x11, 0x00, 0x00, 0x8c, 0x11, 0x00, 0x00, 0x3c, 0x10, 0x00, 0x00,
  0xac, 0x0f, 0x00, 0x00, 0x9c, 0x0b, 0x00, 0x00, 0x0c, 0x0b, 0x00, 0x00,
  0xdc, 0x09, 0x00, 0x00, 0x4c, 0x09, 0x00, 0x00, 0x3c, 0x07, 0x00, 0x00,
  0xec, 0x06, 0x00, 0x00, 0x4c, 0x06, 0x00, 0x00, 0xfc, 0x05, 0x00, 0x00,
  0xec, 0x04, 0x00, 0x00, 0x9c, 0x04, 0x00, 0x00, 0xfc, 0x03, 0x00, 0x00,
  0xac, 0x03, 0x00, 0x00, 0x1c, 0x03, 0x00, 0x00, 0xec, 0x02, 0x00, 0x00,
  0x94, 0x02, 0x00, 0x00, 0x64, 0x02, 0x00, 0x00, 0x14, 0x02, 0x00, 0x00,
  0xe4, 0x01, 0x00, 0x00, 0x8c, 0x01, 0x00, 0x00, 0x5c, 0x01, 0x00, 0x00,
  0x04, 0x01, 0x00, 0x00, 0xfc, 0x00, 0x00, 0x00, 0xf4, 0x00, 0x00, 0x00,
  0xec, 0x00, 0x00, 0x00, 0xe4, 0x00, 0x00, 0x00, 0xdc, 0x00, 0x00, 0x00,
  0xd4, 0x00, 0x00, 0x00, 0xcc, 0x00, 0x00, 0x00, 0xc4, 0x00, 0x00, 0x00,
  0xbc, 0x00, 0x00, 0x00, 0xb4, 0x00, 0x00, 0x00, 0xac, 0x00, 0x00, 0x00,
  0xa4, 0x00, 0x00, 0x00, 0x9c, 0x00, 0x00, 0x00, 0x94, 0x00, 0x00, 0x00,
  0x74, 0x00, 0x00, 0x00, 0x04, 0x00, 0x00, 0x00, 0x1e, 0xee, 0xff, 0xff,
  0x04, 0x00, 0x00, 0x00, 0x60, 0x00, 0x00, 0x00, 0x0c, 0x00, 0x00, 0x00,
  0x08, 0x00, 0x0e, 0x00, 0x08, 0x00, 0x04, 0x00, 0x08, 0x00, 0x00, 0x00,
  0x10, 0x00, 0x00, 0x00, 0x28, 0x00, 0x00, 0x00, 0x00, 0x00, 0x06, 0x00,
  0x08, 0x00, 0x04, 0x00, 0x06, 0x00, 0x00, 0x00, 0x04, 0x00, 0x00, 0x00,
  0x01, 0x00, 0x00, 0x00, 0xeb, 0x03, 0x00, 0x00, 0x0c, 0x00, 0x18, 0x00,
  0x14, 0x00, 0x10, 0x00, 0x0c, 0x00, 0x04, 0x00, 0x0c, 0x00, 0x00, 0x00,
  0x2c, 0xe5, 0xf3, 0x70, 0x91, 0x3b, 0x97, 0xa2, 0x02, 0x00, 0x00, 0x00,
  0x02, 0x00, 0x00, 0x00, 0x04, 0x00, 0x00, 0x00, 0x06, 0x00, 0x00, 0x00,
  0x32, 0x2e, 0x32, 0x30, 0x2e, 0x30, 0x00, 0x00, 0x8a, 0xee, 0xff, 0xff,
  0x04, 0x00, 0x00, 0x00, 0x10, 0x00, 0x00, 0x00, 0x31, 0x2e, 0x31, 0x34,
  0x2e, 0x30, 0x00, 0x00, 0x00, 0x00, 0x00, 0x00, 0x00, 0x00, 0x00, 0x00,
  0x30, 0xc0, 0xff, 0xff, 0x34, 0xc0, 0xff, 0xff, 0x38, 0xc0, 0xff, 0xff,
  0x3c, 0xc0, 0xff, 0xff, 0x40, 0xc0, 0xff, 0xff, 0x44, 0xc0, 0xff, 0xff,
  0x48, 0xc0, 0xff, 0xff, 0x4c, 0xc0, 0xff, 0xff, 0x50, 0xc0, 0xff, 0xff,
  0x54, 0xc0, 0xff, 0xff, 0x58, 0xc0, 0xff, 0xff, 0x5c, 0xc0, 0xff, 0xff,
  0x60, 0xc0, 0xff, 0xff, 0x64, 0xc0, 0xff, 0xff, 0xde, 0xee, 0xff, 0xff,
  0x04, 0x00, 0x00, 0x00, 0x48, 0x00, 0x00, 0x00, 0xf3, 0xea, 0x81, 0x1d,
  0xda, 0xaa, 0xc3, 0x0c, 0xc1, 0xf7, 0x0d, 0xb6, 0x81, 0xea, 0x24, 0xfb,
  0xad, 0x45, 0x81, 0xb6, 0x60, 0xf5, 0x39, 0x4a, 0x08, 0xad, 0x0f, 0x7f,
  0x2c, 0xee, 0x2a, 0xd6, 0xf4, 0x15, 0xac, 0xbb, 0x81, 0x39, 0xbc, 0xef,
  0x13, 0x63, 0xa3, 0x28, 0x5b, 0x24, 0x0c, 0x78, 0xba, 0xc3, 0x02, 0x81,
  0x2b, 0x31, 0x75, 0x27, 0x5e, 0xaf, 0x67, 0xfc, 0x7f, 0x17, 0x3f, 0x81,
  0x1a, 0xcb, 0x34, 0x11, 0xbc, 0x5f, 0x3f, 0x23, 0x32, 0xef, 0xff, 0xff,
  0x04, 0x00, 0x00, 0x00, 0x20, 0x00, 0x00, 0x00, 0x73, 0xc9, 0x00, 0x00,
  0xbc, 0x4d, 0x00, 0x00, 0xd4, 0x24, 0x00, 0x00, 0x31, 0xf7, 0xff, 0xff,
  0xee, 0x2c, 0x00, 0x00, 0xee, 0x0d, 0x00, 0x00, 0x01, 0x5b, 0xff, 0xff,
  0xef, 0xf0, 0xff, 0xff, 0x5e, 0xef, 0xff, 0xff, 0x04, 0x00, 0x00, 0x00,
  0x48, 0x00, 0x00, 0x00, 0x2e, 0xea, 0x57, 0xf5, 0x79, 0xb8, 0x21, 0xd8,
  0xc0, 0xf6, 0xee, 0x00, 0x59, 0x60, 0xec, 0x81, 0x01, 0x41, 0x81, 0x20,
  0x14, 0x5b, 0x1f, 0xf9, 0x1a, 0x2a, 0x0d, 0xc7, 0x47, 0xc6, 0xc4, 0x20,
  0x7f, 0x74, 0x1d, 0x81, 0x7f, 0xc3, 0xaf, 0xe8, 0xec, 0x5a, 0xdd, 0x10,
  0x49, 0x3f, 0xcc, 0xaf, 0xbd, 0xde, 0x01, 0x3d, 0xe1, 0x81, 0x2c, 0x6f,
  0x13, 0x7f, 0x1a, 0xdf, 0x14, 0xf6, 0xeb, 0x1e, 0xf7, 0x0c, 0xe5, 0xcc,
  0x33, 0x05, 0x7f, 0x42, 0xb2, 0xef, 0xff, 0xff, 0x04, 0x00, 0x00, 0x00,
  0x20, 0x00, 0x00, 0x00, 0x4d, 0xf7, 0xff, 0xff, 0x66, 0xf0, 0xff, 0xff,
  0x4d, 0xfe, 0xff, 0xff, 0x6a, 0x0f, 0x00, 0x00, 0x22, 0xd1, 0xff, 0xff,
  0xc9, 0x0d, 0x00, 0x00, 0x20, 0x00, 0x00, 0x00, 0xe3, 0x0d, 0x00, 0x00,
  0xde, 0xef, 0xff, 0xff, 0x04, 0x00, 0x00, 0x00, 0x40, 0x00, 0x00, 0x00,
  0x1f, 0xc1, 0xe5, 0xe9, 0x81, 0xe1, 0xf7, 0xfa, 0x1c, 0x95, 0x22, 0x40,
  0x2c, 0x7f, 0x54, 0xf8, 0xfe, 0xc5, 0xd9, 0x7f, 0x41, 0xa4, 0x97, 0xd2,
  0x84, 0x0f, 0x2e, 0x61, 0x53, 0x81, 0x85, 0xb4, 0xe9, 0xe0, 0x18, 0x7f,
  0xdc, 0x47, 0xb6, 0x71, 0x7f, 0x4f, 0x41, 0xf6, 0x22, 0xdc, 0x0e, 0xf8,
  0xa5, 0x02, 0xb8, 0x34, 0x96, 0x9b, 0x81, 0xeb, 0xe0, 0xd1, 0xeb, 0x5f,
  0x8f, 0x4a, 0xb4, 0x81, 0x2a, 0xf0, 0xff, 0xff, 0x04, 0x00, 0x00, 0x00,
  0x20, 0x00, 0x00, 0x00, 0x00, 0x25, 0x00, 0x00, 0x57, 0xea, 0xff, 0xff,
  0x4a, 0x05, 0x00, 0x00, 0xc8, 0x0d, 0x00, 0x00, 0x39, 0xec, 0xff, 0xff,
  0x88, 0xdf, 0xff, 0xff, 0x0c, 0x17, 0x00, 0x00, 0x6e, 0x0b, 0x00, 0x00,
  0x56, 0xf0, 0xff, 0xff, 0x04, 0x00, 0x00, 0x00, 0x48, 0x00, 0x00, 0x00,
  0xf6, 0x0e, 0x35, 0xff, 0x4d, 0x62, 0x7f, 0xfd, 0xa3, 0xea, 0x39, 0x42,
  0x65, 0x67, 0x72, 0xb1, 0x93, 0xbc, 0x54, 0x60, 0x13, 0x44, 0x68, 0x81,
  0x09, 0x8c, 0x71, 0xa8, 0x7f, 0x25, 0x32, 0x07, 0x0b, 0x81, 0x7f, 0x25,
  0x71, 0x3f, 0x39, 0xd4, 0xdb, 0xcf, 0x3e, 0x7f, 0x2f, 0x7f, 0x18, 0xce,
  0x70, 0x02, 0x79, 0xdd, 0x5e, 0x50, 0xf7, 0x11, 0x7f, 0x58, 0x76, 0x2e,
  0x6b, 0x4d, 0xe3, 0xcf, 0xe2, 0x3f, 0x1f, 0x31, 0x52, 0x18, 0xe0, 0xe8,
  0xaa, 0xf0, 0xff, 0xff, 0x04, 0x00, 0x00, 0x00, 0x20, 0x00, 0x00, 0x00,
  0xcc, 0x05, 0x00, 0x00, 0xff, 0x07, 0x00, 0x00, 0xf6, 0xe9, 0xff, 0xff,
  0xb3, 0xf1, 0xff, 0xff, 0x71, 0xec, 0xff, 0xff, 0xa5, 0xf5, 0xff, 0xff,
  0x08, 0xf7, 0xff, 0xff, 0x7a, 0x0d, 0x00, 0x00, 0xd6, 0xf0, 0xff, 0xff,
  0x04, 0x00, 0x00, 0x00, 0x80, 0x00, 0x00, 0x00, 0x17, 0xf9, 0xcc, 0xce,
  0x7f, 0xb3, 0xe6, 0x3e, 0x30, 0xcd, 0xe7, 0x29, 0x7f, 0xd3, 0xea, 0xc1,
  0x19, 0xfc, 0x71, 0x24, 0xd7, 0x94, 0x81, 0x24, 0xea, 0xdc, 0xe1, 0x7f,
  0x4b, 0x9e, 0x96, 0x22, 0x22, 0x4c, 0xe3, 0x22, 0x7f, 0x63, 0x0e, 0xfb,
  0x8b, 0x3a, 0x38, 0x06, 0xfe, 0xe8, 0x9a, 0x7f, 0xb7, 0x1f, 0x81, 0xab,
  0xb6, 0xc1, 0x24, 0x16, 0x81, 0xe8, 0x5c, 0x04, 0xf1, 0x40, 0xff, 0xff,
  0x4c, 0x81, 0xff, 0x15, 0x45, 0xc9, 0x0c, 0xff, 0x81, 0x19, 0xdf, 0xb9,
  0x29, 0x33, 0xed, 0x17, 0xf6, 0x21, 0xb4, 0x99, 0x1c, 0x7f, 0x35, 0x2a,
  0x4e, 0x8a, 0x7d, 0x67, 0x4e, 0x86, 0x81, 0x33, 0xdb, 0xea, 0x81, 0xe9,
  0xe1, 0xdb, 0xd3, 0xaa, 0x7f, 0x3d, 0x54, 0x00, 0xc5, 0x22, 0xd2, 0xc1,
  0x27, 0xe9, 0xef, 0x97, 0xb5, 0xc5, 0x7f, 0xbc, 0xd0, 0x00, 0x81, 0xaa,
  0xad, 0x48, 0x43, 0xe1, 0x62, 0xf1, 0xff, 0xff, 0x04, 0x00, 0x00, 0x00,
  0x40, 0x00, 0x00, 0x00, 0x1d, 0x00, 0x00, 0x00, 0x0d, 0xff, 0xff, 0xff,
  0x16, 0x02, 0x00, 0x00, 0x5c, 0x06, 0x00, 0x00, 0x14, 0xe9, 0xff, 0xff,
  0xac, 0x03, 0x00, 0x00, 0x41, 0x35, 0x00, 0x00, 0x9b, 0x07, 0x00, 0x00,
  0xae, 0xed, 0xff, 0xff, 0x4a, 0x0f, 0x00, 0x00, 0x61, 0x02, 0x00, 0x00,
  0x39, 0xf3, 0xff, 0xff, 0xa4, 0x32, 0x00, 0x00, 0x14, 0xf6, 0xff, 0xff,
  0x5f, 0x0c, 0x00, 0x00, 0xb1, 0x13, 0x00, 0x00, 0xae, 0xf1, 0xff, 0xff,
  0x04, 0x00, 0x00, 0x00, 0x90, 0x00, 0x00, 0x00, 0xbf, 0x09, 0x1d, 0x08,
  0x60, 0xd4, 0x7f, 0xd6, 0x4a, 0x27, 0x81, 0x63, 0xf8, 0x86, 0x49, 0xae,
  0xb4, 0x5e, 0x45, 0x22, 0x2e, 0x44, 0x4a, 0x51, 0xd5, 0x7f, 0xf0, 0x63,
  0x1d, 0xf1, 0xf0, 0x81, 0xfd, 0x7f, 0x41, 0xef, 0xf4, 0xc3, 0xfb, 0xf1,
  0xfd, 0x60, 0x73, 0x49, 0x17, 0x06, 0xfa, 0x17, 0x23, 0xd1, 0xfb, 0xbd,
  0xe6, 0x45, 0x50, 0x7f, 0x7f, 0x2b, 0xe9, 0x81, 0x24, 0x7f, 0xce, 0x08,
  0xf9, 0xb4, 0x18, 0x81, 0x07, 0x13, 0xa7, 0x7a, 0x07, 0x2d, 0xbc, 0xfe,
  0x7f, 0xe9, 0x32, 0xee, 0x9a, 0xec, 0x2c, 0xe6, 0x06, 0xa2, 0xc7, 0xc4,
  0x03, 0x4c, 0x32, 0x51, 0x66, 0xed, 0xd2, 0x61, 0x7f, 0x1c, 0x81, 0x1a,
  0x1d, 0x7f, 0x8f, 0x33, 0x28, 0x25, 0x7d, 0x99, 0xd8, 0x2e, 0x81, 0x45,
  0x78, 0xe9, 0xa1, 0x42, 0xa6, 0xfe, 0xe8, 0x20, 0xf0, 0xee, 0x8a, 0x72,
  0x23, 0x3b, 0x8e, 0xf4, 0x75, 0xb7, 0x84, 0x15, 0x81, 0xd6, 0x26, 0xe1,
  0xf7, 0x3c, 0xc7, 0x19, 0x10, 0x0a, 0xd6, 0x5f, 0x4a, 0xf2, 0xff, 0xff,
  0x04, 0x00, 0x00, 0x00, 0x40, 0x00, 0x00, 0x00, 0x88, 0xfa, 0xff, 0xff,
  0xdd, 0xff, 0xff, 0xff, 0x1a, 0x02, 0x00, 0x00, 0xb1, 0x03, 0x00, 0x00,
  0xe8, 0x02, 0x00, 0x00, 0xd1, 0xff, 0xff, 0xff, 0x7c, 0x02, 0x00, 0x00,
  0x74, 0xf5, 0xff, 0xff, 0x78, 0x01, 0x00, 0x00, 0x66, 0xf5, 0xff, 0xff,
  0xe6, 0x02, 0x00, 0x00, 0xd3, 0xf3, 0xff, 0xff, 0xc7, 0xf0, 0xff, 0xff,
  0x2b, 0xfb, 0xff, 0xff, 0x2c, 0x16, 0x00, 0x00, 0xe2, 0x01, 0x00, 0x00,
  0x96, 0xf2, 0xff, 0xff, 0x04, 0x00, 0x00, 0x00, 0x00, 0x01, 0x00, 0x00,
  0x2c, 0x24, 0xa6, 0x55, 0x4b, 0x4d, 0xd6, 0x0c, 0x06, 0x81, 0x19, 0x57,
  0x9e, 0x35, 0xd0, 0xac, 0x1c, 0x09, 0x2b, 0xa9, 0xd6, 0x7f, 0x72, 0xe7,
  0x23, 0x33, 0xdd, 0x17, 0xe1, 0xdf, 0xbb, 0x04, 0x77, 0x11, 0x81, 0x2f,
  0x2e, 0xad, 0x42, 0x07, 0xd3, 0x8c, 0x17, 0x3f, 0x38, 0x58, 0x00, 0x27,
  0xf6, 0xb7, 0x64, 0xea, 0xee, 0x2f, 0x15, 0x17, 0x11, 0xe5, 0x2b, 0xcd,
  0xfc, 0x27, 0x01, 0x81, 0xf8, 0xaf, 0x26, 0x49, 0x21, 0xe2, 0xe4, 0xaa,
  0xe9, 0x2c, 0xae, 0xa9, 0xdc, 0x7f, 0xf4, 0xfa, 0x35, 0x34, 0x7f, 0x84,
  0xf1, 0x18, 0x74, 0x21, 0x10, 0x11, 0xcc, 0xbf, 0x14, 0xc8, 0x9f, 0xcd,
  0x7f, 0x32, 0x20, 0xcc, 0xc0, 0x1b, 0x25, 0x34, 0x07, 0xc1, 0xb7, 0xe4,
  0xed, 0xe1, 0xbd, 0xf8, 0x15, 0x54, 0x30, 0xcc, 0xee, 0x45, 0x53, 0x81,
  0x03, 0xe8, 0xc5, 0xdf, 0x21, 0x53, 0xf9, 0x94, 0x11, 0x28, 0x7f, 0x18,
  0x40, 0x93, 0x02, 0x46, 0x8f, 0x53, 0xea, 0x11, 0xe8, 0x0c, 0xa0, 0x47,
  0x24, 0x0b, 0x3c, 0x24, 0xf4, 0x04, 0x00, 0xca, 0x9d, 0x2b, 0x12, 0xd6,
  0x81, 0xff, 0xe9, 0xe4, 0x1d, 0xa3, 0x97, 0x0d, 0x81, 0xf6, 0x4c, 0x05,
  0x19, 0xf3, 0x20, 0x53, 0x1c, 0xe5, 0xd2, 0xc4, 0x73, 0xee, 0xc3, 0x9c,
  0xa6, 0xeb, 0x6f, 0x81, 0x10, 0xda, 0x87, 0x16, 0x4b, 0xb4, 0xfc, 0xc1,
  0x04, 0x81, 0xe8, 0x8a, 0x10, 0xfd, 0x63, 0x96, 0x04, 0x2c, 0x3c, 0x5d,
  0x91, 0xda, 0xd0, 0x30, 0x0f, 0x0b, 0x13, 0x4e, 0x17, 0x0c, 0x17, 0xd2,
  0x32, 0xd9, 0x7a, 0xbb, 0x81, 0x25, 0x4d, 0xe5, 0x5f, 0x22, 0x33, 0x54,
  0x9d, 0xf1, 0x1f, 0xd6, 0x81, 0x05, 0xe1, 0xee, 0xfc, 0xf8, 0xd7, 0xdf,
  0xe3, 0xc4, 0x08, 0x0d, 0x8b, 0xfc, 0xfd, 0x2c, 0x00, 0x81, 0x37, 0x0e,
  0xd2, 0x00, 0x9e, 0xe4, 0xa2, 0xf3, 0xff, 0xff, 0x04, 0x00, 0x00, 0x00,
  0x40, 0x00, 0x00, 0x00, 0xbf, 0x39, 0x00, 0x00, 0x51, 0xdf, 0xff, 0xff,
  0x4b, 0xf1, 0xff, 0xff, 0xf5, 0x0e, 0x00, 0x00, 0xd3, 0x0d, 0x00, 0x00,
  0x2d, 0xf0, 0xff, 0xff, 0x8b, 0xf9, 0xff, 0xff, 0xfd, 0x02, 0x00, 0x00,
  0x9e, 0xff, 0xff, 0xff, 0xd5, 0x09, 0x00, 0x00, 0xc0, 0x0a, 0x00, 0x00,
  0x72, 0x1e, 0x00, 0x00, 0x46, 0x09, 0x00, 0x00, 0x4e, 0xfd, 0xff, 0xff,
  0xb9, 0x01, 0x00, 0x00, 0x9d, 0x53, 0x00, 0x00, 0xee, 0xf3, 0xff, 0xff,
  0x04, 0x00, 0x00, 0x00, 0x90, 0x00, 0x00, 0x00, 0xb4, 0xf7, 0x5b, 0x2b,
  0x3b, 0x6d, 0x29, 0x31, 0x39, 0x18, 0x21, 0x3a, 0xfb, 0x53, 0x37, 0xec,
  0xef, 0x3c, 0x71, 0x49, 0x07, 0x62, 0x4c, 0x38, 0x65, 0x3d, 0x63, 0x6a,
  0x33, 0x58, 0x56, 0x15, 0x47, 0x42, 0x18, 0x52, 0x15, 0x2e, 0x37, 0x1d,
  0x67, 0x30, 0x65, 0x57, 0x81, 0x2c, 0x5b, 0x50, 0xae, 0x45, 0x5d, 0x40,
  0x7f, 0x55, 0x7f, 0x76, 0x3e, 0x15, 0x2e, 0x81, 0xa8, 0x7f, 0x56, 0xaf,
  0x0a, 0x67, 0x7f, 0x6a, 0x28, 0x7f, 0x7d, 0x6e, 0x7f, 0x4c, 0x5c, 0xa1,
  0x3d, 0x75, 0x7f, 0xfb, 0x7f, 0x57, 0x48, 0x7f, 0x01, 0x58, 0x25, 0x30,
  0x6d, 0x7f, 0x7f, 0x05, 0xf8, 0x3d, 0x67, 0x52, 0xdd, 0x5c, 0x18, 0x45,
  0x7e, 0x18, 0x7a, 0x62, 0xe1, 0x04, 0x48, 0xf2, 0xa5, 0x4d, 0x34, 0x81,
  0x26, 0x7f, 0x38, 0x63, 0x37, 0x4c, 0x55, 0x7f, 0x5f, 0x2b, 0x44, 0xd6,
  0x06, 0x5a, 0x44, 0xea, 0x74, 0x67, 0x2c, 0x50, 0x2f, 0x47, 0xe4, 0x56,
  0x71, 0x55, 0x3b, 0xb0, 0xf6, 0x2f, 0x32, 0x0f, 0x8a, 0xf4, 0xff, 0xff,
  0x04, 0x00, 0x00, 0x00, 0x40, 0x00, 0x00, 0x00, 0x54, 0x05, 0x00, 0x00,
  0xca, 0xf8, 0xff, 0xff, 0xf5, 0xf0, 0xff, 0xff, 0x90, 0xd0, 0xff, 0xff,
  0x9b, 0xec, 0xff, 0xff, 0x7c, 0xee, 0xff, 0xff, 0x22, 0xf4, 0xff, 0xff,
  0x88, 0xde, 0xff, 0xff, 0x15, 0xdc, 0xff, 0xff, 0xbf, 0xff, 0xff, 0xff,
  0x26, 0xda, 0xff, 0xff, 0x8a, 0x06, 0x00, 0x00, 0xc8, 0xff, 0xff, 0xff,
  0xe4, 0xd2, 0xff, 0xff, 0xc9, 0xf5, 0xff, 0xff, 0x2a, 0x10, 0x00, 0x00,
  0xd6, 0xf4, 0xff, 0xff, 0x04, 0x00, 0x00, 0x00, 0x00, 0x02, 0x00, 0x00,
  0x0a, 0x3f, 0xcb, 0xbc, 0xc2, 0x7f, 0x44, 0x43, 0xda, 0x0a, 0xc2, 0x3a,
  0x11, 0x4c, 0x30, 0x27, 0xe5, 0xff, 0x18, 0x0c, 0x16, 0x39, 0x28, 0x2b,
  0xbc, 0x21, 0xc8, 0x7f, 0xfa, 0xc0, 0x63, 0x64, 0x15, 0xbe, 0xd4, 0xdb,
  0xd7, 0xf9, 0x28, 0x41, 0x81, 0xbd, 0x41, 0xc6, 0x18, 0xd7, 0x26, 0x26,
  0x32, 0x23, 0x40, 0x18, 0x87, 0x1d, 0x0b, 0x16, 0x04, 0x81, 0x12, 0x33,
  0xed, 0xc7, 0x18, 0x49, 0x1d, 0x14, 0xef, 0xaa, 0xb2, 0x91, 0xb2, 0xeb,
  0xaf, 0x88, 0x41, 0xa6, 0xeb, 0xc8, 0x81, 0x08, 0x0a, 0xd3, 0x55, 0x22,
  0x88, 0xec, 0x83, 0x51, 0x2d, 0x81, 0x84, 0x35, 0x59, 0xff, 0xca, 0xbc,
  0x7f, 0x3b, 0xcc, 0x85, 0xb7, 0x14, 0x42, 0x07, 0xa4, 0xed, 0xc9, 0xe8,
  0x11, 0xbf, 0xf8, 0xb7, 0x2d, 0x09, 0xaf, 0xf0, 0x81, 0x58, 0x2e, 0xfe,
  0xaf, 0xfc, 0xe3, 0x09, 0x3f, 0xfb, 0x34, 0xa8, 0x2f, 0xc1, 0x3e, 0x02,
  0xe0, 0x0a, 0xe3, 0xc9, 0x1a, 0xd0, 0xf0, 0x01, 0xe0, 0xcc, 0x40, 0x81,
  0xf9, 0x23, 0x33, 0x26, 0xce, 0x28, 0xff, 0x97, 0x1f, 0xc5, 0x19, 0x49,
  0xf5, 0x0a, 0x7f, 0xf8, 0xcd, 0xe9, 0xed, 0xd0, 0x9c, 0x26, 0x58, 0xb9,
  0xf8, 0x81, 0x36, 0xc7, 0xd2, 0xab, 0x2a, 0x6a, 0x76, 0x7f, 0xac, 0x23,
  0xca, 0x56, 0xc9, 0x0f, 0x87, 0xd9, 0x2a, 0xf6, 0xa2, 0xe5, 0x29, 0x9f,
  0x35, 0xe9, 0xda, 0xe1, 0xc9, 0x50, 0x7f, 0xe9, 0xe5, 0x9e, 0x3f, 0x13,
  0x54, 0xca, 0x1d, 0xab, 0x18, 0xf3, 0xbc, 0x08, 0xb8, 0x61, 0x08, 0x3b,
  0x92, 0x0f, 0x25, 0x7f, 0x17, 0x24, 0x4a, 0x07, 0x22, 0x09, 0xee, 0xa6,
  0x12, 0x7f, 0x52, 0xd5, 0xcc, 0x8e, 0xce, 0xec, 0x2d, 0xa1, 0xeb, 0xe2,
  0x4b, 0xf8, 0x0f, 0x4d, 0xe3, 0x81, 0x7a, 0x49, 0xd5, 0xb9, 0x33, 0x0e,
  0x40, 0xff, 0xcc, 0x95, 0x09, 0xf2, 0xd9, 0x68, 0xfd, 0xc6, 0x14, 0x09,
  0xfe, 0x18, 0x81, 0x23, 0xc3, 0xa1, 0x6a, 0xd1, 0x28, 0xf0, 0x10, 0xe3,
  0xd8, 0xfd, 0xe2, 0x37, 0xd7, 0x54, 0xd0, 0x7f, 0xf8, 0x63, 0x44, 0x36,
  0x52, 0x16, 0x06, 0xcc, 0x03, 0xe8, 0xf0, 0x17, 0x03, 0x97, 0x40, 0xea,
  0xff, 0x01, 0x81, 0xc3, 0x30, 0xec, 0x1d, 0xe0, 0xff, 0x2e, 0xeb, 0x7f,
  0x90, 0x12, 0xcb, 0x03, 0xce, 0x2c, 0xdf, 0x16, 0x49, 0xc5, 0xef, 0x63,
  0x81, 0x27, 0xd8, 0x5e, 0x85, 0x4b, 0xaf, 0x09, 0xff, 0x2a, 0x42, 0xe3,
  0xb7, 0xe2, 0x08, 0x1c, 0xb8, 0xf9, 0x4f, 0x05, 0xb0, 0x35, 0x60, 0xef,
  0x0f, 0x7f, 0xf5, 0x54, 0x16, 0x1b, 0xdb, 0xec, 0xd2, 0x02, 0x10, 0xcb,
  0x2b, 0xbe, 0x50, 0xd7, 0x25, 0xf5, 0x81, 0xb2, 0xea, 0xee, 0xbb, 0x26,
  0xea, 0x0b, 0xee, 0x46, 0x7f, 0x5c, 0x73, 0xae, 0x05, 0x52, 0x3a, 0x9b,
  0xcc, 0xb9, 0x09, 0x9d, 0xb4, 0x26, 0x7f, 0x91, 0xd1, 0xe4, 0x06, 0x15,
  0x17, 0xeb, 0xf8, 0x17, 0x0e, 0x4d, 0xd0, 0xb3, 0xf5, 0xa0, 0x7f, 0x04,
  0x19, 0x94, 0xfc, 0x17, 0xc3, 0x1f, 0x35, 0xcc, 0x39, 0x2c, 0x12, 0x0c,
  0xf7, 0x60, 0x35, 0xea, 0xdf, 0x9d, 0x5b, 0xdd, 0xf8, 0xd3, 0xfc, 0x81,
  0x5e, 0x81, 0x50, 0xe3, 0xcc, 0x15, 0xdb, 0xa8, 0x12, 0x07, 0x18, 0x4c,
  0xf9, 0x9a, 0x53, 0xd2, 0xf7, 0x16, 0x49, 0xff, 0x19, 0xa1, 0x47, 0x11,
  0xeb, 0xa2, 0xf1, 0xae, 0x09, 0x81, 0xd9, 0x20, 0xc8, 0x02, 0x0f, 0xeb,
  0x27, 0x19, 0x32, 0xfd, 0xe4, 0x7f, 0xe1, 0x26, 0x30, 0xcc, 0x07, 0x4f,
  0xbc, 0xe0, 0x2a, 0x8d, 0xf5, 0x2c, 0x94, 0x6f, 0x25, 0xc8, 0x9d, 0x7f,
  0xb0, 0x14, 0x41, 0x79, 0xfe, 0xda, 0x4d, 0x01, 0x3b, 0xe0, 0xdb, 0xef,
  0x7f, 0x43, 0xc8, 0xf8, 0x1d, 0x1d, 0xf0, 0x97, 0xe2, 0xf6, 0xff, 0xff,
  0x04, 0x00, 0x00, 0x00, 0x80, 0x00, 0x00, 0x00, 0x8e, 0xf9, 0xff, 0xff,
  0x79, 0xf6, 0xff, 0xff, 0x2e, 0xf1, 0xff, 0xff, 0xa1, 0xde, 0xff, 0xff,
  0xc0, 0x48, 0x00, 0x00, 0x4f, 0x2d, 0x00, 0x00, 0x6b, 0x08, 0x00, 0x00,
  0x5e, 0x00, 0x00, 0x00, 0xa8, 0x07, 0x00, 0x00, 0xd1, 0xf4, 0xff, 0xff,
  0xf1, 0x0e, 0x00, 0x00, 0x40, 0x06, 0x00, 0x00, 0x7d, 0x16, 0x00, 0x00,
  0x48, 0xfb, 0xff, 0xff, 0x43, 0x06, 0x00, 0x00, 0x1f, 0x0f, 0x00, 0x00,
  0xe6, 0x03, 0x00, 0x00, 0xa7, 0xef, 0xff, 0xff, 0x91, 0x05, 0x00, 0x00,
  0x9f, 0x03, 0x00, 0x00, 0x12, 0xd4, 0xff, 0xff, 0x57, 0xfe, 0xff, 0xff,
  0x52, 0x0a, 0x00, 0x00, 0xd7, 0xf2, 0xff, 0xff, 0x58, 0x0a, 0x00, 0x00,
  0xdf, 0x0b, 0x00, 0x00, 0x01, 0x00, 0x00, 0x00, 0x90, 0xf4, 0xff, 0xff,
  0xfb, 0x04, 0x00, 0x00, 0x2e, 0xf3, 0xff, 0xff, 0x17, 0x0c, 0x00, 0x00,
  0x50, 0x04, 0x00, 0x00, 0x6e, 0xf7, 0xff, 0xff, 0x04, 0x00, 0x00, 0x00,
  0x20, 0x01, 0x00, 0x00, 0x90, 0xbc, 0x43, 0x62, 0xbb, 0xc4, 0x58, 0x69,
  0x90, 0xe3, 0xa5, 0x67, 0x81, 0x3d, 0x5f, 0x39, 0xf2, 0x36, 0xc1, 0x8a,
  0x37, 0x81, 0x58, 0xf5, 0x2a, 0x03, 0xc8, 0x79, 0x47, 0x0e, 0x83, 0x81,
  0x9f, 0xa9, 0x37, 0x7f, 0x81, 0x81, 0x64, 0x6e, 0x81, 0xde, 0x81, 0x6d,
  0x9d, 0x36, 0x7d, 0x19, 0xaa, 0x30, 0xb0, 0x3b, 0xfb, 0x2b, 0x48, 0xf4,
  0x31, 0xd9, 0xc5, 0x68, 0x34, 0x13, 0xc5, 0xa6, 0x94, 0x81, 0x01, 0x62,
  0xc2, 0xd0, 0x31, 0x64, 0xf0, 0xea, 0x81, 0x60, 0xbe, 0x38, 0x7f, 0x2a,
  0x9d, 0x30, 0x81, 0x51, 0xf1, 0x24, 0x7f, 0xe7, 0x1a, 0xe9, 0xe8, 0x7f,
  0x59, 0x1c, 0x81, 0x91, 0x7c, 0xc7, 0x6f, 0x5d, 0xce, 0xb4, 0x5e, 0x7f,
  0x22, 0xd6, 0xa1, 0x13, 0xe4, 0x0c, 0x6e, 0xfe, 0xe3, 0x00, 0xfa, 0x81,
  0x3f, 0x07, 0x5a, 0xe8, 0x29, 0xcb, 0xd0, 0x41, 0x08, 0xea, 0xeb, 0xf8,
  0x7f, 0xc5, 0x6c, 0x36, 0xb7, 0x8d, 0x62, 0x74, 0x27, 0xd6, 0x8f, 0x1c,
  0xfd, 0x06, 0x73, 0xd9, 0xa1, 0xf8, 0x01, 0x04, 0x41, 0xd8, 0x4b, 0xd3,
  0x20, 0xa9, 0xbf, 0x35, 0x25, 0xeb, 0xed, 0xe8, 0x55, 0xd7, 0x7f, 0x50,
  0xe1, 0xd8, 0x79, 0x67, 0x39, 0xb5, 0xbd, 0x20, 0x1b, 0x1a, 0x70, 0xe2,
  0xe8, 0x13, 0xf2, 0x73, 0x00, 0x22, 0x64, 0xad, 0xd6, 0x81, 0xc1, 0x3a,
  0x14, 0xe1, 0xf4, 0x0f, 0xc5, 0x4c, 0x62, 0x1c, 0xf7, 0x8a, 0x7f, 0x37,
  0x67, 0xee, 0xa1, 0xae, 0x48, 0xb9, 0xf4, 0x9f, 0x81, 0xc3, 0xc6, 0xb5,
  0x7b, 0x68, 0x35, 0xe1, 0x1d, 0xc5, 0xa6, 0x2c, 0x71, 0x81, 0xde, 0x11,
  0xd5, 0x4c, 0x5d, 0x0e, 0xbd, 0x8f, 0x5b, 0x32, 0x69, 0xdd, 0xbf, 0xab,
  0x34, 0x95, 0xe6, 0x81, 0xcd, 0x9b, 0xd0, 0xbb, 0x7f, 0xac, 0x23, 0xc9,
  0xe2, 0xb4, 0x81, 0x20, 0x7f, 0x9d, 0xd4, 0x0f, 0xe5, 0x50, 0x69, 0x1e,
  0xb0, 0x08, 0x74, 0x1c, 0x6a, 0x81, 0x13, 0x81, 0x31, 0x81, 0xd9, 0x9b,
  0x2b, 0x81, 0xbd, 0x66, 0x72, 0x03, 0x0c, 0x81, 0x81, 0x81, 0xbe, 0x02,
  0x79, 0xaa, 0xc4, 0x31, 0x9a, 0xf8, 0xff, 0xff, 0x04, 0x00, 0x00, 0x00,
  0x80, 0x00, 0x00, 0x00, 0x71, 0x00, 0x00, 0x00, 0x20, 0x04, 0x00, 0x00,
  0x76, 0xfc, 0xff, 0xff, 0x56, 0xf8, 0xff, 0xff, 0xc0, 0x1d, 0x00, 0x00,
  0x86, 0x2d, 0x00, 0x00, 0x1d, 0xf1, 0xff, 0xff, 0x94, 0xf5, 0xff, 0xff,
  0xcc, 0xf8, 0xff, 0xff, 0xb2, 0x1c, 0x00, 0x00, 0x24, 0x1b, 0x00, 0x00,
  0xfa, 0xf9, 0xff, 0xff, 0xf9, 0xfa, 0xff, 0xff, 0xd7, 0xf8, 0xff, 0xff,
  0xf7, 0xfa, 0xff, 0xff, 0xc9, 0x12, 0x00, 0x00, 0xf9, 0x15, 0x00, 0x00,
  0xd2, 0xf7, 0xff, 0xff, 0xd5, 0x09, 0x00, 0x00, 0xe4, 0xf3, 0xff, 0xff,
  0xfd, 0xfc, 0xff, 0xff, 0x21, 0xfa, 0xff, 0xff, 0x2f, 0xfa, 0xff, 0xff,
  0xe1, 0x1b, 0x00, 0x00, 0x8a, 0x00, 0x00, 0x00, 0x3a, 0x28, 0x00, 0x00,
  0x7a, 0x29, 0x00, 0x00, 0x99, 0xf6, 0xff, 0xff, 0x0f, 0xf6, 0xff, 0xff,
  0x65, 0x0b, 0x00, 0x00, 0x35, 0x14, 0x00, 0x00, 0x7d, 0x0e, 0x00, 0x00,
  0x26, 0xf9, 0xff, 0xff, 0x04, 0x00, 0x00, 0x00, 0x00, 0x04, 0x00, 0x00,
  0x11, 0x7e, 0x62, 0xdb, 0x2e, 0x2b, 0x14, 0xc1, 0xff, 0x65, 0xbf, 0x17,
  0x17, 0x5f, 0xdd, 0xd2, 0xb4, 0x0a, 0x81, 0xd5, 0xd8, 0x24, 0x4e, 0x4f,
  0x16, 0x87, 0x1f, 0x05, 0xf0, 0x7c, 0xeb, 0x05, 0x7f, 0x5f, 0x08, 0xef,
  0xca, 0xe4, 0x10, 0xb8, 0x26, 0x76, 0x3a, 0xe1, 0x0e, 0x32, 0x34, 0xf2,
  0x28, 0x5e, 0xc0, 0x33, 0xf8, 0x2a, 0xef, 0xbb, 0x0c, 0x3b, 0xc1, 0xef,
  0x14, 0x22, 0xdf, 0xd8, 0xc3, 0x0b, 0x62, 0xc9, 0xe8, 0x50, 0xe6, 0x21,
  0x0c, 0x54, 0x0d, 0x6a, 0x7f, 0xaf, 0x05, 0xda, 0xae, 0x54, 0xc0, 0xf1,
  0xe3, 0xf1, 0x62, 0x44, 0x51, 0xca, 0x38, 0x18, 0x08, 0x0c, 0xd4, 0xf2,
  0x2d, 0x6a, 0x48, 0xfe, 0x9d, 0xd5, 0x09, 0x6e, 0xf6, 0x5e, 0x05, 0xd8,
  0xd6, 0x7f, 0x2a, 0xe0, 0x24, 0x6f, 0xff, 0x6b, 0x0d, 0x05, 0xe5, 0xe3,
  0xff, 0x45, 0x97, 0xc2, 0xfc, 0x8b, 0x1c, 0xbd, 0xea, 0x0c, 0xcd, 0x0c,
  0x0f, 0xf5, 0x35, 0x07, 0xd8, 0xfa, 0x0c, 0xd9, 0x81, 0xee, 0xf7, 0x2e,
  0x0b, 0x0e, 0x06, 0xef, 0x05, 0x0e, 0x2a, 0x09, 0xe1, 0x11, 0xa9, 0x03,
  0xf5, 0x11, 0xe2, 0x1b, 0xbf, 0xc9, 0x29, 0x1a, 0x1b, 0xf9, 0xad, 0x0c,
  0x55, 0x19, 0xf1, 0x1d, 0x07, 0xf4, 0xf0, 0xd1, 0xa9, 0xee, 0x81, 0x08,
  0xeb, 0xf3, 0x09, 0x20, 0x16, 0xad, 0x25, 0x25, 0x37, 0xe6, 0xeb, 0xb8,
  0xe1, 0x0e, 0x6b, 0x7f, 0xdb, 0x16, 0xe5, 0x26, 0x20, 0x02, 0xb2, 0x97,
  0x20, 0xfc, 0x25, 0xce, 0x11, 0x96, 0xf5, 0xc5, 0xc2, 0xec, 0xb2, 0xf9,
  0xd6, 0xbe, 0xde, 0x02, 0xe8, 0x34, 0x64, 0xe0, 0x1b, 0x24, 0x3d, 0xeb,
  0xcc, 0xf1, 0x09, 0x33, 0x0d, 0x16, 0xec, 0xe3, 0x9d, 0x7f, 0xb0, 0xeb,
  0x21, 0x00, 0x08, 0x43, 0x43, 0x11, 0xf2, 0xee, 0xe8, 0x1e, 0xd1, 0xe1,
  0x09, 0xd6, 0x15, 0xd1, 0x51, 0x0c, 0xb9, 0xf8, 0xa6, 0x54, 0x50, 0xbf,
  0x15, 0x04, 0x11, 0x1d, 0x63, 0xc8, 0x24, 0xed, 0xb4, 0xc3, 0x0b, 0xe2,
  0xf0, 0x7f, 0xe4, 0x51, 0x45, 0x1b, 0xc2, 0x20, 0x5a, 0x30, 0x07, 0xe4,
  0x57, 0x34, 0xe4, 0xe0, 0xd0, 0xf0, 0xfa, 0xee, 0x18, 0x55, 0x46, 0xfb,
  0x39, 0x20, 0x1a, 0xd7, 0x23, 0x7f, 0xa9, 0x09, 0x12, 0x15, 0x04, 0xd5,
  0x20, 0x33, 0xe5, 0xeb, 0x2a, 0x02, 0xe1, 0xbe, 0x36, 0x67, 0x83, 0xfa,
  0xdf, 0xf3, 0x2a, 0xd5, 0xe3, 0x3b, 0x4c, 0xeb, 0x88, 0xcb, 0x16, 0x16,
  0x12, 0x4a, 0xd9, 0xe5, 0x05, 0x44, 0x4d, 0x19, 0xfc, 0x41, 0x81, 0x2a,
  0x10, 0x46, 0xc5, 0xf0, 0xb9, 0xa1, 0x00, 0xea, 0x13, 0xf0, 0xe8, 0x60,
  0xff, 0xfb, 0x00, 0xfc, 0x10, 0xb7, 0x0c, 0xd7, 0xf4, 0xf4, 0x05, 0x53,
  0x2a, 0xce, 0x05, 0x12, 0x13, 0xdc, 0x15, 0x13, 0x4f, 0x81, 0xfe, 0xce,
  0xee, 0xde, 0x1b, 0x66, 0x06, 0xf4, 0x19, 0xd0, 0x26, 0xc5, 0xd3, 0xad,
  0x0d, 0xd6, 0x29, 0xe7, 0xfe, 0x81, 0x29, 0xdb, 0xde, 0x55, 0xac, 0x48,
  0xae, 0xcb, 0x8c, 0x0e, 0x12, 0x2a, 0x38, 0x00, 0xd7, 0xca, 0x20, 0x74,
  0x25, 0xcd, 0xce, 0xfe, 0x5d, 0xe4, 0x08, 0xca, 0xd4, 0xc5, 0x1c, 0xbc,
  0x0e, 0xc5, 0x12, 0xf6, 0xda, 0x01, 0xe1, 0x32, 0xc2, 0xf2, 0x81, 0x07,
  0x07, 0x21, 0xe9, 0xbb, 0x30, 0xd9, 0xc4, 0xe0, 0xf8, 0xc3, 0xaa, 0xff,
  0x7f, 0xbc, 0x6a, 0x37, 0xab, 0x08, 0xe3, 0xc3, 0x38, 0x1e, 0xf0, 0x3a,
  0x1e, 0x02, 0x27, 0xd2, 0xee, 0x5a, 0xc8, 0x02, 0x33, 0x00, 0xae, 0xa1,
  0xfc, 0xb7, 0xd6, 0xd7, 0xf5, 0xef, 0xf3, 0x52, 0x75, 0xf4, 0x4b, 0x04,
  0x81, 0xe7, 0x8c, 0xc4, 0x4b, 0x30, 0xfe, 0x59, 0x54, 0xfd, 0x1e, 0x17,
  0xf3, 0x30, 0xbc, 0xde, 0x22, 0xf6, 0xbe, 0xbe, 0x30, 0x7f, 0x40, 0x2a,
  0xca, 0xec, 0xd0, 0xe6, 0xd2, 0x16, 0xe5, 0x02, 0xcb, 0x45, 0xf1, 0x22,
  0xec, 0x2d, 0xc2, 0xe0, 0xed, 0x39, 0x19, 0xbd, 0xe8, 0x17, 0xbe, 0x04,
  0xab, 0x48, 0xf8, 0xd0, 0x03, 0x16, 0x04, 0x0c, 0x04, 0xdf, 0x07, 0xdd,
  0x21, 0xf6, 0x37, 0xf8, 0xd1, 0xc9, 0x06, 0xfa, 0x30, 0xfc, 0x0a, 0x02,
  0x05, 0x4f, 0x12, 0x2b, 0xc5, 0x11, 0x81, 0x22, 0xfa, 0x5a, 0xc8, 0xe0,
  0xc7, 0xbc, 0xe6, 0x1b, 0x29, 0xe6, 0x0a, 0x50, 0xcc, 0xed, 0xff, 0xb9,
  0x81, 0xd6, 0xdb, 0x43, 0x0b, 0xea, 0xe2, 0xed, 0x01, 0xde, 0x1a, 0x28,
  0xce, 0xc8, 0xa7, 0x04, 0xd6, 0xf6, 0x0c, 0x33, 0xfc, 0x21, 0x61, 0xfc,
  0xab, 0x46, 0xcc, 0x28, 0x06, 0x52, 0x16, 0x5b, 0x6a, 0x83, 0x03, 0xe3,
  0xc5, 0x7f, 0xe4, 0xea, 0xe2, 0xf7, 0x2b, 0x09, 0x3c, 0x18, 0x12, 0x15,
  0xf7, 0x0c, 0xe4, 0xe9, 0xc5, 0xad, 0xde, 0x0e, 0x06, 0x01, 0xc4, 0xf9,
  0x37, 0xf4, 0x45, 0x37, 0xe4, 0x81, 0xff, 0xe8, 0xe2, 0x1e, 0xfa, 0xfb,
  0xfd, 0xf5, 0x1e, 0x33, 0x1c, 0x13, 0xbf, 0x47, 0x05, 0x05, 0xb3, 0xde,
  0xff, 0xc8, 0xc3, 0x0f, 0xcc, 0x54, 0x73, 0xf9, 0x22, 0xea, 0x01, 0xf0,
  0x5a, 0x81, 0x55, 0xda, 0xba, 0xad, 0x24, 0xe4, 0xc7, 0x5f, 0xca, 0x6f,
  0x16, 0x02, 0x8e, 0x23, 0x46, 0x34, 0x18, 0x30, 0xc4, 0xc3, 0x31, 0xcc,
  0xe1, 0x19, 0x1a, 0x7f, 0xe6, 0x29, 0xda, 0xf6, 0x1d, 0x40, 0x1c, 0xa5,
  0xea, 0x15, 0xf7, 0x57, 0x5d, 0xbe, 0xff, 0x1a, 0x1f, 0xd7, 0x21, 0xbc,
  0x37, 0x9f, 0x30, 0xfc, 0xf2, 0xf3, 0x04, 0xe4, 0xcb, 0x7f, 0x5e, 0x27,
  0x06, 0xf2, 0xe2, 0x15, 0x67, 0xa2, 0x35, 0xfd, 0xc6, 0x1f, 0xfb, 0xe3,
  0xcf, 0x0f, 0x1a, 0x74, 0x38, 0xcc, 0x0f, 0xeb, 0xfe, 0x20, 0x06, 0x52,
  0xea, 0x11, 0xcc, 0xc5, 0x11, 0x45, 0x24, 0x20, 0xfe, 0x39, 0x05, 0x46,
  0x52, 0xef, 0xde, 0xaf, 0x99, 0x4b, 0xc7, 0xeb, 0x2c, 0xff, 0x7f, 0x7c,
  0x40, 0xd6, 0x50, 0xfc, 0x16, 0xf9, 0xc2, 0xfd, 0xdb, 0xb8, 0xfc, 0xc6,
  0xe5, 0x2a, 0x05, 0xe8, 0x0a, 0x09, 0xfc, 0x46, 0x6c, 0x94, 0x29, 0xd8,
  0xdb, 0x23, 0xec, 0x3d, 0x26, 0xf6, 0x14, 0x18, 0x6d, 0xf1, 0x4c, 0x37,
  0x6f, 0x81, 0xdc, 0xdb, 0xd1, 0x81, 0xd0, 0xbf, 0x0f, 0x07, 0xff, 0x72,
  0x0b, 0x08, 0x00, 0x08, 0xc5, 0xf0, 0x88, 0x8c, 0xe4, 0x19, 0xd3, 0x48,
  0x54, 0xca, 0x70, 0x52, 0x24, 0xc8, 0x41, 0xde, 0x78, 0xc7, 0x0c, 0xc7,
  0xcc, 0x11, 0x7f, 0xe0, 0xcc, 0x46, 0xea, 0x2b, 0xe9, 0x3e, 0x0f, 0x5b,
  0x70, 0x96, 0xf4, 0xf7, 0xc8, 0x62, 0xe9, 0xf2, 0xd9, 0xf4, 0x44, 0x1c,
  0x3c, 0xf0, 0x0e, 0x10, 0xe4, 0x0e, 0xe6, 0xfe, 0xd5, 0xde, 0xf1, 0x07,
  0xf8, 0xc4, 0xc3, 0x7f, 0x09, 0xdc, 0x04, 0xe0, 0xc3, 0x15, 0x0b, 0xe4,
  0x0d, 0xec, 0x16, 0x58, 0x23, 0xd0, 0xf5, 0xf1, 0xe7, 0xf6, 0xdc, 0xfb,
  0x14, 0x81, 0x1f, 0xd4, 0xe9, 0x2b, 0x7f, 0xe6, 0xb4, 0x33, 0x42, 0x5c,
  0xe4, 0x5e, 0xef, 0x03, 0x1c, 0xc7, 0x45, 0xdb, 0xf7, 0x44, 0x08, 0x59,
  0xea, 0xd6, 0xee, 0x21, 0x34, 0xe2, 0x01, 0xd1, 0x1c, 0xb6, 0xfd, 0x1f,
  0xac, 0xba, 0x56, 0x35, 0xd0, 0x05, 0xb1, 0xf5, 0x79, 0xa9, 0x8e, 0xf9,
  0x29, 0x40, 0xf9, 0x9b, 0xc8, 0x98, 0xd6, 0x16, 0xd3, 0x19, 0xa7, 0x0a,
  0xf9, 0xc2, 0xfe, 0x1d, 0x42, 0xe2, 0x56, 0x81, 0x2c, 0xe7, 0xe0, 0xc7,
  0xdc, 0xfb, 0x0d, 0x30, 0x45, 0x34, 0x65, 0x0e, 0xb9, 0x18, 0xc5, 0xc3,
  0x4d, 0x7f, 0xb6, 0x48, 0x6c, 0x04, 0x0b, 0xf3, 0x1c, 0x3d, 0xe0, 0xdf,
  0x40, 0x10, 0xca, 0xb6, 0x32, 0xfd, 0xff, 0xff, 0x04, 0x00, 0x00, 0x00,
  0x80, 0x00, 0x00, 0x00, 0xab, 0xf2, 0xff, 0xff, 0xca, 0xf8, 0xff, 0xff,
  0xe0, 0xe2, 0xff, 0xff, 0xa5, 0x07, 0x00, 0x00, 0x2c, 0x08, 0x00, 0x00,
  0xd9, 0x14, 0x00, 0x00, 0xee, 0x13, 0x00, 0x00, 0x31, 0x09, 0x00, 0x00,
  0x04, 0xf2, 0xff, 0xff, 0xbc, 0xf8, 0xff, 0xff, 0xe7, 0xfa, 0xff, 0xff,
  0x06, 0x09, 0x00, 0x00, 0x60, 0x1d, 0x00, 0x00, 0x1a, 0x23, 0x00, 0x00,
  0xd2, 0x13, 0x00, 0x00, 0xed, 0x07, 0x00, 0x00, 0x63, 0x12, 0x00, 0x00,
  0xf5, 0x09, 0x00, 0x00, 0xd1, 0x14, 0x00, 0x00, 0xaa, 0xe9, 0xff, 0xff,
  0x81, 0x09, 0x00, 0x00, 0x4b, 0xff, 0xff, 0xff, 0x84, 0xfe, 0xff, 0xff,
  0xa9, 0xe2, 0xff, 0xff, 0x24, 0xe0, 0xff, 0xff, 0x7e, 0xf1, 0xff, 0xff,
  0x71, 0xfc, 0xff, 0xff, 0x5f, 0xeb, 0xff, 0xff, 0xa2, 0x17, 0x00, 0x00,
  0x71, 0xed, 0xff, 0xff, 0x6f, 0x2d, 0x00, 0x00, 0x5b, 0xf6, 0xff, 0xff,
  0xbe, 0xfd, 0xff, 0xff, 0x04, 0x00, 0x00, 0x00, 0x40, 0x01, 0x00, 0x00,
  0x32, 0x30, 0x30, 0x01, 0x19, 0xe2, 0xc6, 0xe9, 0x37, 0x20, 0x2d, 0xdd,
  0xe0, 0x81, 0xaa, 0xb6, 0xf9, 0xfc, 0xb4, 0x1f, 0xcc, 0x14, 0x05, 0x36,
  0x45, 0x29, 0x07, 0x1f, 0xac, 0x0c, 0xaf, 0x02, 0x1d, 0xb6, 0x23, 0x81,
  0x2d, 0x20, 0x16, 0xbd, 0xfb, 0xb5, 0x23, 0xa0, 0x20, 0x24, 0x02, 0xd2,
  0x1c, 0x1d, 0x0d, 0x0c, 0x2a, 0xf6, 0xb8, 0x11, 0x28, 0xcd, 0xf9, 0x1b,
  0xb0, 0x9d, 0x1a, 0xb6, 0xcd, 0x5c, 0x8f, 0x3f, 0x25, 0x94, 0xe7, 0x3b,
  0x0f, 0x47, 0x48, 0xbf, 0xf4, 0xe9, 0x2b, 0x1b, 0x33, 0x1f, 0xae, 0xe0,
  0xee, 0xec, 0xdf, 0xde, 0xd4, 0x81, 0xb4, 0xa5, 0x09, 0xcf, 0xcf, 0x38,
  0x9f, 0x1c, 0xbd, 0xbe, 0x9c, 0x2c, 0xea, 0xc7, 0x3e, 0xe5, 0xc4, 0x05,
  0x40, 0x48, 0x28, 0x39, 0xb0, 0x2b, 0xac, 0x95, 0x38, 0x1f, 0xc8, 0xdf,
  0xa6, 0x31, 0xd0, 0x81, 0xfd, 0xc1, 0x30, 0x08, 0x2a, 0x23, 0x10, 0x1a,
  0xac, 0x1e, 0x4b, 0x38, 0xa9, 0xef, 0xb4, 0xb7, 0x1e, 0x2a, 0xec, 0xc7,
  0x46, 0x0e, 0xbf, 0x25, 0xb6, 0xc4, 0xee, 0xcc, 0xa2, 0x8a, 0x81, 0x28,
  0xe7, 0xf7, 0x35, 0xd8, 0xf4, 0x11, 0xd5, 0x18, 0x8e, 0x29, 0xbb, 0x38,
  0xa0, 0x1e, 0xaf, 0x23, 0xca, 0xe8, 0x26, 0x40, 0xd7, 0x9b, 0xdf, 0x9d,
  0xea, 0x99, 0x24, 0x81, 0x0a, 0x0c, 0x52, 0x90, 0x2f, 0xda, 0x1c, 0x33,
  0xae, 0xb1, 0x14, 0x27, 0x24, 0x8a, 0xb6, 0x37, 0xe8, 0xbc, 0xc6, 0x2d,
  0xcf, 0x98, 0xc8, 0x3c, 0x8c, 0xb3, 0x43, 0xe7, 0xe3, 0x12, 0x36, 0x26,
  0x14, 0x22, 0x55, 0x0c, 0x3a, 0x27, 0x81, 0x1c, 0x16, 0x26, 0x26, 0xe9,
  0x24, 0x18, 0xbe, 0xe8, 0x9f, 0x27, 0x2e, 0xaa, 0x92, 0x10, 0x24, 0x0d,
  0x21, 0x22, 0xf8, 0x28, 0x39, 0x81, 0x8b, 0xc8, 0x24, 0xd4, 0xf5, 0x22,
  0xaf, 0x88, 0xc3, 0x1c, 0xae, 0xfd, 0x8e, 0x2b, 0x2e, 0x9a, 0x45, 0xd0,
  0x1a, 0xa4, 0xda, 0x2c, 0x4f, 0x18, 0x8d, 0x9c, 0xdc, 0xd9, 0x65, 0x88,
  0x97, 0x35, 0x36, 0x31, 0xa8, 0x03, 0xc6, 0xab, 0x40, 0x31, 0xc7, 0x81,
  0xb9, 0xdd, 0x13, 0x08, 0x8b, 0x20, 0x22, 0xb3, 0x2c, 0xef, 0x97, 0x22,
  0x17, 0xfc, 0xd3, 0x9d, 0xe0, 0x81, 0xc9, 0x40, 0x0e, 0x20, 0x1e, 0x27,
  0x01, 0x3a, 0xe4, 0x20, 0x1e, 0x17, 0x1c, 0xc6, 0x0a, 0xff, 0xff, 0xff,
  0x04, 0x00, 0x00, 0x00, 0x28, 0x00, 0x00, 0x00, 0xa0, 0xfa, 0xff, 0xff,
  0x86, 0x01, 0x00, 0x00, 0xe1, 0x02, 0x00, 0x00, 0x56, 0x05, 0x00, 0x00,
  0xa5, 0x03, 0x00, 0x00, 0x04, 0x08, 0x00, 0x00, 0xa3, 0xf2, 0xff, 0xff,
  0x41, 0xfc, 0xff, 0xff, 0xd7, 0xfe, 0xff, 0xff, 0x1a, 0x00, 0x00, 0x00,
  0x3e, 0xff, 0xff, 0xff, 0x04, 0x00, 0x00, 0x00, 0x08, 0x00, 0x00, 0x00,
  0x01, 0x00, 0x00, 0x00, 0x02, 0x00, 0x00, 0x00, 0xdc, 0xd0, 0xff, 0xff,
  0xe0, 0xd0, 0xff, 0xff, 0x0f, 0x00, 0x00, 0x00, 0x4d, 0x4c, 0x49, 0x52,
  0x20, 0x43, 0x6f, 0x6e, 0x76, 0x65, 0x72, 0x74, 0x65, 0x64, 0x2e, 0x00,
  0x01, 0x00, 0x00, 0x00, 0x14, 0x00, 0x00, 0x00, 0x00, 0x00, 0x0e, 0x00,
  0x18, 0x00, 0x14, 0x00, 0x10, 0x00, 0x0c, 0x00, 0x08, 0x00, 0x04, 0x00,
  0x0e, 0x00, 0x00, 0x00, 0x14, 0x00, 0x00, 0x00, 0x1c, 0x00, 0x00, 0x00,
  0xf8, 0x03, 0x00, 0x00, 0xfc, 0x03, 0x00, 0x00, 0x00, 0x04, 0x00, 0x00,
  0x04, 0x00, 0x00, 0x00, 0x6d, 0x61, 0x69, 0x6e, 0x00, 0x00, 0x00, 0x00,
  0x0e, 0x00, 0x00, 0x00, 0x94, 0x03, 0x00, 0x00, 0x2c, 0x03, 0x00, 0x00,
  0xdc, 0x02, 0x00, 0x00, 0x94, 0x02, 0x00, 0x00, 0x44, 0x02, 0x00, 0x00,
  0xfc, 0x01, 0x00, 0x00, 0xbc, 0x01, 0x00, 0x00, 0x74, 0x01, 0x00, 0x00,
  0x34, 0x01, 0x00, 0x00, 0xec, 0x00, 0x00, 0x00, 0xac, 0x00, 0x00, 0x00,
  0x78, 0x00, 0x00, 0x00, 0x40, 0x00, 0x00, 0x00, 0x04, 0x00, 0x00, 0x00,
  0x16, 0xfd, 0xff, 0xff, 0x1c, 0x00, 0x00, 0x00, 0x00, 0x00, 0x00, 0x09,
  0x1c, 0x00, 0x00, 0x00, 0x20, 0x00, 0x00, 0x00, 0x04, 0x00, 0x00, 0x00,
  0x00, 0x00, 0x06, 0x00, 0x08, 0x00, 0x04, 0x00, 0x06, 0x00, 0x00, 0x00,
  0x00, 0x00, 0x80, 0x3f, 0x01, 0x00, 0x00, 0x00, 0x27, 0x00, 0x00, 0x00,
  0x01, 0x00, 0x00, 0x00, 0x26, 0x00, 0x00, 0x00, 0xde, 0xfd, 0xff, 0xff,
  0x14, 0x00, 0x00, 0x00, 0x00, 0x00, 0x00, 0x08, 0x10, 0x00, 0x00, 0x00,
  0x14, 0x00, 0x00, 0x00, 0x03, 0x00, 0x00, 0x00, 0xc0, 0xd1, 0xff, 0xff,
  0x01, 0x00, 0x00, 0x00, 0x26, 0x00, 0x00, 0x00, 0x03, 0x00, 0x00, 0x00,
  0x25, 0x00, 0x00, 0x00, 0x03, 0x00, 0x00, 0x00, 0x02, 0x00, 0x00, 0x00,
  0x12, 0xfe, 0xff, 0xff, 0x14, 0x00, 0x00, 0x00, 0x00, 0x00, 0x00, 0x1b,
  0x10, 0x00, 0x00, 0x00, 0x14, 0x00, 0x00, 0x00, 0x02, 0x00, 0x00, 0x00,
  0xf4, 0xd1, 0xff, 0xff, 0x01, 0x00, 0x00, 0x00, 0x25, 0x00, 0x00, 0x00,
  0x02, 0x00, 0x00, 0x00, 0x24, 0x00, 0x00, 0x00, 0x01, 0x00, 0x00, 0x00,
  0x4e, 0xfd, 0xff, 0xff, 0x10, 0x00, 0x00, 0x00, 0x00, 0x00, 0x00, 0x01,
  0x18, 0x00, 0x00, 0x00, 0x1c, 0x00, 0x00, 0x00, 0x40, 0xfd, 0xff, 0xff,
  0x00, 0x00, 0x00, 0x03, 0x01, 0x00, 0x00, 0x00, 0x01, 0x00, 0x00, 0x00,
  0x01, 0x00, 0x00, 0x00, 0x24, 0x00, 0x00, 0x00, 0x03, 0x00, 0x00, 0x00,
  0x23, 0x00, 0x00, 0x00, 0x05, 0x00, 0x00, 0x00, 0x04, 0x00, 0x00, 0x00,
  0x7e, 0xfe, 0xff, 0xff, 0x14, 0x00, 0x00, 0x00, 0x00, 0x00, 0x00, 0x02,
  0x20, 0x00, 0x00, 0x00, 0x24, 0x00, 0x00, 0x00, 0x01, 0x00, 0x00, 0x00,
  0xde, 0xfd, 0xff, 0xff, 0x00, 0x00, 0x00, 0x03, 0x01, 0x00, 0x00, 0x00,
  0x01, 0x00, 0x00, 0x00, 0x01, 0x00, 0x00, 0x00, 0x01, 0x00, 0x00, 0x00,
  0x23, 0x00, 0x00, 0x00, 0x03, 0x00, 0x00, 0x00, 0x22, 0x00, 0x00, 0x00,
  0x07, 0x00, 0x00, 0x00, 0x06, 0x00, 0x00, 0x00, 0xce, 0xfd, 0xff, 0xff,
  0x10, 0x00, 0x00, 0x00, 0x00, 0x00, 0x00, 0x01, 0x18, 0x00, 0x00, 0x00,
  0x1c, 0x00, 0x00, 0x00, 0xc0, 0xfd, 0xff, 0xff, 0x00, 0x00, 0x00, 0x03,
  0x01, 0x00, 0x00, 0x00, 0x01, 0x00, 0x00, 0x00, 0x01, 0x00, 0x00, 0x00,
  0x22, 0x00, 0x00, 0x00, 0x03, 0x00, 0x00, 0x00, 0x21, 0x00, 0x00, 0x00,
  0x09, 0x00, 0x00, 0x00, 0x08, 0x00, 0x00, 0x00, 0xfe, 0xfe, 0xff, 0xff,
  0x14, 0x00, 0x00, 0x00, 0x00, 0x00, 0x00, 0x02, 0x20, 0x00, 0x00, 0x00,
  0x24, 0x00, 0x00, 0x00, 0x01, 0x00, 0x00, 0x00, 0x5e, 0xfe, 0xff, 0xff,
  0x00, 0x00, 0x00, 0x03, 0x01, 0x00, 0x00, 0x00, 0x02, 0x00, 0x00, 0x00,
  0x02, 0x00, 0x00, 0x00, 0x01, 0x00, 0x00, 0x00, 0x21, 0x00, 0x00, 0x00,
  0x03, 0x00, 0x00, 0x00, 0x20, 0x00, 0x00, 0x00, 0x0b, 0x00, 0x00, 0x00,
  0x0a, 0x00, 0x00, 0x00, 0x4e, 0xfe, 0xff, 0xff, 0x10, 0x00, 0x00, 0x00,
  0x00, 0x00, 0x00, 0x01, 0x18, 0x00, 0x00, 0x00, 0x1c, 0x00, 0x00, 0x00,
  0x40, 0xfe, 0xff, 0xff, 0x00, 0x00, 0x00, 0x03, 0x01, 0x00, 0x00, 0x00,
  0x01, 0x00, 0x00, 0x00, 0x01, 0x00, 0x00, 0x00, 0x20, 0x00, 0x00, 0x00,
  0x03, 0x00, 0x00, 0x00, 0x1f, 0x00, 0x00, 0x00, 0x0d, 0x00, 0x00, 0x00,
  0x0c, 0x00, 0x00, 0x00, 0x7e, 0xff, 0xff, 0xff, 0x14, 0x00, 0x00, 0x00,
  0x00, 0x00, 0x00, 0x02, 0x20, 0x00, 0x00, 0x00, 0x24, 0x00, 0x00, 0x00,
  0x01, 0x00, 0x00, 0x00, 0xde, 0xfe, 0xff, 0xff, 0x00, 0x00, 0x00, 0x03,
  0x01, 0x00, 0x00, 0x00, 0x01, 0x00, 0x00, 0x00, 0x01, 0x00, 0x00, 0x00,
  0x01, 0x00, 0x00, 0x00, 0x1f, 0x00, 0x00, 0x00, 0x03, 0x00, 0x00, 0x00,
  0x1e, 0x00, 0x00, 0x00, 0x0f, 0x00, 0x00, 0x00, 0x0e, 0x00, 0x00, 0x00,
  0xce, 0xfe, 0xff, 0xff, 0x10, 0x00, 0x00, 0x00, 0x00, 0x00, 0x00, 0x01,
  0x18, 0x00, 0x00, 0x00, 0x1c, 0x00, 0x00, 0x00, 0xc0, 0xfe, 0xff, 0xff,
  0x00, 0x00, 0x00, 0x03, 0x01, 0x00, 0x00, 0x00, 0x01, 0x00, 0x00, 0x00,
  0x01, 0x00, 0x00, 0x00, 0x1e, 0x00, 0x00, 0x00, 0x03, 0x00, 0x00, 0x00,
  0x1d, 0x00, 0x00, 0x00, 0x11, 0x00, 0x00, 0x00, 0x10, 0x00, 0x00, 0x00,
  0x00, 0x00, 0x0e, 0x00, 0x18, 0x00, 0x14, 0x00, 0x10, 0x00, 0x0c, 0x00,
  0x0b, 0x00, 0x04, 0x00, 0x0e, 0x00, 0x00, 0x00, 0x14, 0x00, 0x00, 0x00,
  0x00, 0x00, 0x00, 0x02, 0x20, 0x00, 0x00, 0x00, 0x24, 0x00, 0x00, 0x00,
  0x01, 0x00, 0x00, 0x00, 0x6e, 0xff, 0xff, 0xff, 0x00, 0x00, 0x00, 0x03,
  0x01, 0x00, 0x00, 0x00, 0x02, 0x00, 0x00, 0x00, 0x02, 0x00, 0x00, 0x00,
  0x01, 0x00, 0x00, 0x00, 0x1d, 0x00, 0x00, 0x00, 0x03, 0x00, 0x00, 0x00,
  0x1c, 0x00, 0x00, 0x00, 0x13, 0x00, 0x00, 0x00, 0x12, 0x00, 0x00, 0x00,
  0x5e, 0xff, 0xff, 0xff, 0x10, 0x00, 0x00, 0x00, 0x00, 0x00, 0x00, 0x01,
  0x18, 0x00, 0x00, 0x00, 0x1c, 0x00, 0x00, 0x00, 0x50, 0xff, 0xff, 0xff,
  0x00, 0x00, 0x00, 0x03, 0x01, 0x00, 0x00, 0x00, 0x01, 0x00, 0x00, 0x00,
  0x01, 0x00, 0x00, 0x00, 0x1c, 0x00, 0x00, 0x00, 0x03, 0x00, 0x00, 0x00,
  0x1b, 0x00, 0x00, 0x00, 0x15, 0x00, 0x00, 0x00, 0x14, 0x00, 0x00, 0x00,
  0x00, 0x00, 0x0e, 0x00, 0x1a, 0x00, 0x14, 0x00, 0x10, 0x00, 0x0c, 0x00,
  0x0b, 0x00, 0x04, 0x00, 0x0e, 0x00, 0x00, 0x00, 0x24, 0x00, 0x00, 0x00,
  0x00, 0x00, 0x00, 0x02, 0x30, 0x00, 0x00, 0x00, 0x34, 0x00, 0x00, 0x00,
  0x01, 0x00, 0x00, 0x00, 0x00, 0x00, 0x0e, 0x00, 0x14, 0x00, 0x00, 0x00,
  0x10, 0x00, 0x0c, 0x00, 0x08, 0x00, 0x07, 0x00, 0x0e, 0x00, 0x00, 0x00,
  0x00, 0x00, 0x00, 0x03, 0x01, 0x00, 0x00, 0x00, 0x01, 0x00, 0x00, 0x00,
  0x01, 0x00, 0x00, 0x00, 0x01, 0x00, 0x00, 0x00, 0x1b, 0x00, 0x00, 0x00,
  0x03, 0x00, 0x00, 0x00, 0x1a, 0x00, 0x00, 0x00, 0x17, 0x00, 0x00, 0x00,
  0x16, 0x00, 0x00, 0x00, 0x00, 0x00, 0x0e, 0x00, 0x14, 0x00, 0x00, 0x00,
  0x10, 0x00, 0x0c, 0x00, 0x0b, 0x00, 0x04, 0x00, 0x0e, 0x00, 0x00, 0x00,
  0x1c, 0x00, 0x00, 0x00, 0x00, 0x00, 0x00, 0x01, 0x24, 0x00, 0x00, 0x00,
  0x28, 0x00, 0x00, 0x00, 0x0c, 0x00, 0x10, 0x00, 0x00, 0x00, 0x0c, 0x00,
  0x08, 0x00, 0x07, 0x00, 0x0c, 0x00, 0x00, 0x00, 0x00, 0x00, 0x00, 0x03,
  0x02, 0x00, 0x00, 0x00, 0x02, 0x00, 0x00, 0x00, 0x01, 0x00, 0x00, 0x00,
  0x1a, 0x00, 0x00, 0x00, 0x03, 0x00, 0x00, 0x00, 0x00, 0x00, 0x00, 0x00,
  0x19, 0x00, 0x00, 0x00, 0x18, 0x00, 0x00, 0x00, 0x01, 0x00, 0x00, 0x00,
  0x27, 0x00, 0x00, 0x00, 0x01, 0x00, 0x00, 0x00, 0x00, 0x00, 0x00, 0x00,
  0x28, 0x00, 0x00, 0x00, 0x14, 0x2b, 0x00, 0x00, 0xb8, 0x2a, 0x00, 0x00,
  0xd0, 0x29, 0x00, 0x00, 0xfc, 0x28, 0x00, 0x00, 0x28, 0x27, 0x00, 0x00,
  0x44, 0x25, 0x00, 0x00, 0x70, 0x23, 0x00, 0x00, 0x74, 0x21, 0x00, 0x00,
  0x88, 0x1f, 0x00, 0x00, 0xa4, 0x1d, 0x00, 0x00, 0x90, 0x1c, 0x00, 0x00,
  0x68, 0x1b, 0x00, 0x00, 0x50, 0x1a, 0x00, 0x00, 0x2c, 0x19, 0x00, 0x00,
  0x18, 0x18, 0x00, 0x00, 0xf0, 0x16, 0x00, 0x00, 0xd8, 0x15, 0x00, 0x00,
  0xb4, 0x14, 0x00, 0x00, 0x00, 0x14, 0x00, 0x00, 0x38, 0x13, 0x00, 0x00,
  0x80, 0x12, 0x00, 0x00, 0xbc, 0x11, 0x00, 0x00, 0x08, 0x11, 0x00, 0x00,
  0x40, 0x10, 0x00, 0x00, 0x88, 0x0f, 0x00, 0x00, 0xc4, 0x0e, 0x00, 0x00,
  0xb8, 0x0d, 0x00, 0x00, 0x6c, 0x0c, 0x00, 0x00, 0x58, 0x0b, 0x00, 0x00,
  0x0c, 0x0a, 0x00, 0x00, 0xf8, 0x08, 0x00, 0x00, 0xac, 0x07, 0x00, 0x00,
  0x98, 0x06, 0x00, 0x00, 0x4c, 0x05, 0x00, 0x00, 0x38, 0x04, 0x00, 0x00,
  0xec, 0x02, 0x00, 0x00, 0xd8, 0x01, 0x00, 0x00, 0x44, 0x01, 0x00, 0x00,
  0x80, 0x00, 0x00, 0x00, 0x04, 0x00, 0x00, 0x00, 0xa2, 0xd5, 0xff, 0xff,
  0x00, 0x00, 0x00, 0x01, 0x18, 0x00, 0x00, 0x00, 0x20, 0x00, 0x00, 0x00,
  0x3c, 0x00, 0x00, 0x00, 0x28, 0x00, 0x00, 0x00, 0x00, 0x00, 0x00, 0x09,
  0x50, 0x00, 0x00, 0x00, 0x02, 0x00, 0x00, 0x00, 0xff, 0xff, 0xff, 0xff,
  0x0a, 0x00, 0x00, 0x00, 0x84, 0xd5, 0xff, 0xff, 0x08, 0x00, 0x00, 0x00,
  0x10, 0x00, 0x00, 0x00, 0x01, 0x00, 0x00, 0x00, 0x80, 0xff, 0xff, 0xff,
  0xff, 0xff, 0xff, 0xff, 0x01, 0x00, 0x00, 0x00, 0x00, 0x00, 0x80, 0x3b,
  0x1b, 0x00, 0x00, 0x00, 0x53, 0x74, 0x61, 0x74, 0x65, 0x66, 0x75, 0x6c,
  0x50, 0x61, 0x72, 0x74, 0x69, 0x74, 0x69, 0x6f, 0x6e, 0x65, 0x64, 0x43,
  0x61, 0x6c, 0x6c, 0x5f, 0x31, 0x3a, 0x30, 0x00, 0x02, 0x00, 0x00, 0x00,
  0x01, 0x00, 0x00, 0x00, 0x0a, 0x00, 0x00, 0x00, 0x1a, 0xd6, 0xff, 0xff,
  0x00, 0x00, 0x00, 0x01, 0x18, 0x00, 0x00, 0x00, 0x20, 0x00, 0x00, 0x00,
  0x3c, 0x00, 0x00, 0x00, 0x27, 0x00, 0x00, 0x00, 0x00, 0x00, 0x00, 0x09,
  0x98, 0x00, 0x00, 0x00, 0x02, 0x00, 0x00, 0x00, 0xff, 0xff, 0xff, 0xff,
  0x0a, 0x00, 0x00, 0x00, 0xfc, 0xd5, 0xff, 0xff, 0x08, 0x00, 0x00, 0x00,
  0x10, 0x00, 0x00, 0x00, 0x01, 0x00, 0x00, 0x00, 0x35, 0x00, 0x00, 0x00,
  0x00, 0x00, 0x00, 0x00, 0x01, 0x00, 0x00, 0x00, 0x1c, 0x50, 0x2e, 0x3e,
  0x60, 0x00, 0x00, 0x00, 0x4d, 0x69, 0x63, 0x72, 0x6f, 0x4d, 0x6f, 0x62,
  0x69, 0x6c, 0x65, 0x4e, 0x65, 0x74, 0x5f, 0x61, 0x6c, 0x70, 0x68, 0x61,
  0x30, 0x2e, 0x35, 0x30, 0x5f, 0x31, 0x2f, 0x70, 0x72, 0x65, 0x64, 0x69,
  0x63, 0x74, 0x69, 0x6f, 0x6e, 0x73, 0x5f, 0x31, 0x2f, 0x4d, 0x61, 0x74,
  0x4d, 0x75, 0x6c, 0x3b, 0x4d, 0x69, 0x63, 0x72, 0x6f, 0x4d, 0x6f, 0x62,
  0x69, 0x6c, 0x65, 0x4e, 0x65, 0x74, 0x5f, 0x61, 0x6c, 0x70, 0x68, 0x61,
  0x30, 0x2e, 0x35, 0x30, 0x5f, 0x31, 0x2f, 0x70, 0x72, 0x65, 0x64, 0x69,
  0x63, 0x74, 0x69, 0x6f, 0x6e, 0x73, 0x5f, 0x31, 0x2f, 0x42, 0x69, 0x61,
  0x73, 0x41, 0x64, 0x64, 0x00, 0x00, 0x00, 0x00, 0x02, 0x00, 0x00, 0x00,
  0x01, 0x00, 0x00, 0x00, 0x0a, 0x00, 0x00, 0x00, 0xda, 0xd6, 0xff, 0xff,
  0x00, 0x00, 0x00, 0x01, 0x18, 0x00, 0x00, 0x00, 0x20, 0x00, 0x00, 0x00,
  0x3c, 0x00, 0x00, 0x00, 0x26, 0x00, 0x00, 0x00, 0x00, 0x00, 0x00, 0x09,
  0x68, 0x00, 0x00, 0x00, 0x02, 0x00, 0x00, 0x00, 0xff, 0xff, 0xff, 0xff,
  0x20, 0x00, 0x00, 0x00, 0xbc, 0xd6, 0xff, 0xff, 0x08, 0x00, 0x00, 0x00,
  0x10, 0x00, 0x00, 0x00, 0x01, 0x00, 0x00, 0x00, 0x80, 0xff, 0xff, 0xff,
  0xff, 0xff, 0xff, 0xff, 0x01, 0x00, 0x00, 0x00, 0xc0, 0x9d, 0x4c, 0x3c,
  0x31, 0x00, 0x00, 0x00, 0x4d, 0x69, 0x63, 0x72, 0x6f, 0x4d, 0x6f, 0x62,
  0x69, 0x6c, 0x65, 0x4e, 0x65, 0x74, 0x5f, 0x61, 0x6c, 0x70, 0x68, 0x61,
  0x30, 0x2e, 0x35, 0x30, 0x5f, 0x31, 0x2f, 0x67, 0x6c, 0x6f, 0x62, 0x61,
  0x6c, 0x5f, 0x61, 0x76, 0x67, 0x5f, 0x70, 0x6f, 0x6f, 0x6c, 0x5f, 0x31,
  0x2f, 0x4d, 0x65, 0x61, 0x6e, 0x00, 0x00, 0x00, 0x02, 0x00, 0x00, 0x00,
  0x01, 0x00, 0x00, 0x00, 0x20, 0x00, 0x00, 0x00, 0x6a, 0xd7, 0xff, 0xff,
  0x00, 0x00, 0x00, 0x01, 0x18, 0x00, 0x00, 0x00, 0x28, 0x00, 0x00, 0x00,
  0x48, 0x00, 0x00, 0x00, 0x25, 0x00, 0x00, 0x00, 0x00, 0x00, 0x00, 0x09,
  0xe0, 0x00, 0x00, 0x00, 0x04, 0x00, 0x00, 0x00, 0xff, 0xff, 0xff, 0xff,
  0x08, 0x00, 0x00, 0x00, 0x04, 0x00, 0x00, 0x00, 0x20, 0x00, 0x00, 0x00,
  0x54, 0xd7, 0xff, 0xff, 0x08, 0x00, 0x00, 0x00, 0x14, 0x00, 0x00, 0x00,
  0x01, 0x00, 0x00, 0x00, 0x80, 0xff, 0xff, 0xff, 0xff, 0xff, 0xff, 0xff,
  0x00, 0x00, 0x00, 0x00, 0x01, 0x00, 0x00, 0x00, 0xc1, 0xc0, 0xc0, 0x3c,
  0x9f, 0x00, 0x00, 0x00, 0x4d, 0x69, 0x63, 0x72, 0x6f, 0x4d, 0x6f, 0x62,
  0x69, 0x6c, 0x65, 0x4e, 0x65, 0x74, 0x5f, 0x61, 0x6c, 0x70, 0x68, 0x61,
  0x30, 0x2e, 0x35, 0x30, 0x5f, 0x31, 0x2f, 0x63, 0x6f, 0x6e, 0x76, 0x5f,
  0x70, 0x77, 0x5f, 0x35, 0x5f, 0x72, 0x65, 0x6c, 0x75, 0x5f, 0x31, 0x2f,
  0x52, 0x65, 0x6c, 0x75, 0x36, 0x3b, 0x4d, 0x69, 0x63, 0x72, 0x6f, 0x4d,
  0x6f, 0x62, 0x69, 0x6c, 0x65, 0x4e, 0x65, 0x74, 0x5f, 0x61, 0x6c, 0x70,
  0x68, 0x61, 0x30, 0x2e, 0x35, 0x30, 0x5f, 0x31, 0x2f, 0x63, 0x6f, 0x6e,
  0x76, 0x5f, 0x70, 0x77, 0x5f, 0x35, 0x5f, 0x62, 0x6e, 0x5f, 0x31, 0x2f,
  0x62, 0x61, 0x74, 0x63, 0x68, 0x6e, 0x6f, 0x72, 0x6d, 0x2f, 0x61, 0x64,
  0x64, 0x5f, 0x31, 0x3b, 0x4d, 0x69, 0x63, 0x72, 0x6f, 0x4d, 0x6f, 0x62,
  0x69, 0x6c, 0x65, 0x4e, 0x65, 0x74, 0x5f, 0x61, 0x6c, 0x70, 0x68, 0x61,
  0x30, 0x2e, 0x35, 0x30, 0x5f, 0x31, 0x2f, 0x63, 0x6f, 0x6e, 0x76, 0x5f,
  0x70, 0x77, 0x5f, 0x35, 0x5f, 0x31, 0x2f, 0x63, 0x6f, 0x6e, 0x76, 0x6f,
  0x6c, 0x75, 0x74, 0x69, 0x6f, 0x6e, 0x3b, 0x00, 0x04, 0x00, 0x00, 0x00,
  0x01, 0x00, 0x00, 0x00, 0x08, 0x00, 0x00, 0x00, 0x04, 0x00, 0x00, 0x00,
  0x20, 0x00, 0x00, 0x00, 0x7a, 0xd8, 0xff, 0xff, 0x00, 0x00, 0x00, 0x01,
  0x18, 0x00, 0x00, 0x00, 0x28, 0x00, 0x00, 0x00, 0x48, 0x00, 0x00, 0x00,
  0x24, 0x00, 0x00, 0x00, 0x00, 0x00, 0x00, 0x09, 0x18, 0x01, 0x00, 0x00,
  0x04, 0x00, 0x00, 0x00, 0xff, 0xff, 0xff, 0xff, 0x08, 0x00, 0x00, 0x00,
  0x04, 0x00, 0x00, 0x00, 0x20, 0x00, 0x00, 0x00, 0x64, 0xd8, 0xff, 0xff,
  0x08, 0x00, 0x00, 0x00, 0x14, 0x00, 0x00, 0x00, 0x01, 0x00, 0x00, 0x00,
  0x80, 0xff, 0xff, 0xff, 0xff, 0xff, 0xff, 0xff, 0x00, 0x00, 0x00, 0x00,
  0x01, 0x00, 0x00, 0x00, 0xc1, 0xc0, 0xc0, 0x3c, 0xd7, 0x00, 0x00, 0x00,
  0x4d, 0x69, 0x63, 0x72, 0x6f, 0x4d, 0x6f, 0x62, 0x69, 0x6c, 0x65, 0x4e,
  0x65, 0x74, 0x5f, 0x61, 0x6c, 0x70, 0x68, 0x61, 0x30, 0x2e, 0x35, 0x30,
  0x5f, 0x31, 0x2f, 0x63, 0x6f, 0x6e, 0x76, 0x5f, 0x64, 0x77, 0x5f, 0x35,
  0x5f, 0x72, 0x65, 0x6c, 0x75, 0x5f, 0x31, 0x2f, 0x52, 0x65, 0x6c, 0x75,
  0x36, 0x3b, 0x4d, 0x69, 0x63, 0x72, 0x6f, 0x4d, 0x6f, 0x62, 0x69, 0x6c,
  0x65, 0x4e, 0x65, 0x74, 0x5f, 0x61, 0x6c, 0x70, 0x68, 0x61, 0x30, 0x2e,
  0x35, 0x30, 0x5f, 0x31, 0x2f, 0x63, 0x6f, 0x6e, 0x76, 0x5f, 0x64, 0x77,
  0x5f, 0x35, 0x5f, 0x62, 0x6e, 0x5f, 0x31, 0x2f, 0x62, 0x61, 0x74, 0x63,
  0x68, 0x6e, 0x6f, 0x72, 0x6d, 0x2f, 0x61, 0x64, 0x64, 0x5f, 0x31, 0x3b,
  0x4d, 0x69, 0x63, 0x72, 0x6f, 0x4d, 0x6f, 0x62, 0x69, 0x6c, 0x65, 0x4e,
  0x65, 0x74, 0x5f, 0x61, 0x6c, 0x70, 0x68, 0x61, 0x30, 0x2e, 0x35, 0x30,
  0x5f, 0x31, 0x2f, 0x63, 0x6f, 0x6e, 0x76, 0x5f, 0x64, 0x77, 0x5f, 0x35,
  0x5f, 0x62, 0x6e, 0x5f, 0x31, 0x2f, 0x62, 0x61, 0x74, 0x63, 0x68, 0x6e,
  0x6f, 0x72, 0x6d, 0x2f, 0x6d, 0x75, 0x6c, 0x5f, 0x31, 0x3b, 0x4d, 0x69,
  0x63, 0x72, 0x6f, 0x4d, 0x6f, 0x62, 0x69, 0x6c, 0x65, 0x4e, 0x65, 0x74,
  0x5f, 0x61, 0x6c, 0x70, 0x68, 0x61, 0x30, 0x2e, 0x35, 0x30, 0x5f, 0x31,
  0x2f, 0x63, 0x6f, 0x6e, 0x76, 0x5f, 0x64, 0x77, 0x5f, 0x35, 0x5f, 0x31,
  0x2f, 0x64, 0x65, 0x70, 0x74, 0x68, 0x77, 0x69, 0x73, 0x65, 0x3b, 0x00,
  0x04, 0x00, 0x00, 0x00, 0x01, 0x00, 0x00, 0x00, 0x08, 0x00, 0x00, 0x00,
  0x04, 0x00, 0x00, 0x00, 0x20, 0x00, 0x00, 0x00, 0xc2, 0xd9, 0xff, 0xff,
  0x00, 0x00, 0x00, 0x01, 0x18, 0x00, 0x00, 0x00, 0x28, 0x00, 0x00, 0x00,
  0x48, 0x00, 0x00, 0x00, 0x23, 0x00, 0x00, 0x00, 0x00, 0x00, 0x00, 0x09,
  0xe0, 0x00, 0x00, 0x00, 0x04, 0x00, 0x00, 0x00, 0xff, 0xff, 0xff, 0xff,
  0x08, 0x00, 0x00, 0x00, 0x04, 0x00, 0x00, 0x00, 0x20, 0x00, 0x00, 0x00,
  0xac, 0xd9, 0xff, 0xff, 0x08, 0x00, 0x00, 0x00, 0x14, 0x00, 0x00, 0x00,
  0x01, 0x00, 0x00, 0x00, 0x80, 0xff, 0xff, 0xff, 0xff, 0xff, 0xff, 0xff,
  0x00, 0x00, 0x00, 0x00, 0x01, 0x00, 0x00, 0x00, 0xc1, 0xc0, 0xc0, 0x3c,
  0x9f, 0x00, 0x00, 0x00, 0x4d, 0x69, 0x63, 0x72, 0x6f, 0x4d, 0x6f, 0x62,
  0x69, 0x6c, 0x65, 0x4e, 0x65, 0x74, 0x5f, 0x61, 0x6c, 0x70, 0x68, 0x61,
  0x30, 0x2e, 0x35, 0x30, 0x5f, 0x31, 0x2f, 0x63, 0x6f, 0x6e, 0x76, 0x5f,
  0x70, 0x77, 0x5f, 0x34, 0x5f, 0x72, 0x65, 0x6c, 0x75, 0x5f, 0x31, 0x2f,
  0x52, 0x65, 0x6c, 0x75, 0x36, 0x3b, 0x4d, 0x69, 0x63, 0x72, 0x6f, 0x4d,
  0x6f, 0x62, 0x69, 0x6c, 0x65, 0x4e, 0x65, 0x74, 0x5f, 0x61, 0x6c, 0x70,
  0x68, 0x61, 0x30, 0x2e, 0x35, 0x30, 0x5f, 0x31, 0x2f, 0x63, 0x6f, 0x6e,
  0x76, 0x5f, 0x70, 0x77, 0x5f, 0x34, 0x5f, 0x62, 0x6e, 0x5f, 0x31, 0x2f,
  0x62, 0x61, 0x74, 0x63, 0x68, 0x6e, 0x6f, 0x72, 0x6d, 0x2f, 0x61, 0x64,
  0x64, 0x5f, 0x31, 0x3b, 0x4d, 0x69, 0x63, 0x72, 0x6f, 0x4d, 0x6f, 0x62,
  0x69, 0x6c, 0x65, 0x4e, 0x65, 0x74, 0x5f, 0x61, 0x6c, 0x70, 0x68, 0x61,
  0x30, 0x2e, 0x35, 0x30, 0x5f, 0x31, 0x2f, 0x63, 0x6f, 0x6e, 0x76, 0x5f,
  0x70, 0x77, 0x5f, 0x34, 0x5f, 0x31, 0x2f, 0x63, 0x6f, 0x6e, 0x76, 0x6f,
  0x6c, 0x75, 0x74, 0x69, 0x6f, 0x6e, 0x3b, 0x00, 0x04, 0x00, 0x00, 0x00,
  0x01, 0x00, 0x00, 0x00, 0x08, 0x00, 0x00, 0x00, 0x04, 0x00, 0x00, 0x00,
  0x20, 0x00, 0x00, 0x00, 0xd2, 0xda, 0xff, 0xff, 0x00, 0x00, 0x00, 0x01,
  0x18, 0x00, 0x00, 0x00, 0x28, 0x00, 0x00, 0x00, 0x48, 0x00, 0x00, 0x00,
  0x22, 0x00, 0x00, 0x00, 0x00, 0x00, 0x00, 0x09, 0x18, 0x01, 0x00, 0x00,
  0x04, 0x00, 0x00, 0x00, 0xff, 0xff, 0xff, 0xff, 0x08, 0x00, 0x00, 0x00,
  0x04, 0x00, 0x00, 0x00, 0x10, 0x00, 0x00, 0x00, 0xbc, 0xda, 0xff, 0xff,
  0x08, 0x00, 0x00, 0x00, 0x14, 0x00, 0x00, 0x00, 0x01, 0x00, 0x00, 0x00,
  0x80, 0xff, 0xff, 0xff, 0xff, 0xff, 0xff, 0xff, 0x00, 0x00, 0x00, 0x00,
  0x01, 0x00, 0x00, 0x00, 0xc1, 0xc0, 0xc0, 0x3c, 0xd7, 0x00, 0x00, 0x00,
  0x4d, 0x69, 0x63, 0x72, 0x6f, 0x4d, 0x6f, 0x62, 0x69, 0x6c, 0x65, 0x4e,
  0x65, 0x74, 0x5f, 0x61, 0x6c, 0x70, 0x68, 0x61, 0x30, 0x2e, 0x35, 0x30,
  0x5f, 0x31, 0x2f, 0x63, 0x6f, 0x6e, 0x76, 0x5f, 0x64, 0x77, 0x5f, 0x34,
  0x5f, 0x72, 0x65, 0x6c, 0x75, 0x5f, 0x31, 0x2f, 0x52, 0x65, 0x6c, 0x75,
  0x36, 0x3b, 0x4d, 0x69, 0x63, 0x72, 0x6f, 0x4d, 0x6f, 0x62, 0x69, 0x6c,
  0x65, 0x4e, 0x65, 0x74, 0x5f, 0x61, 0x6c, 0x70, 0x68, 0x61, 0x30, 0x2e,
  0x35, 0x30, 0x5f, 0x31, 0x2f, 0x63, 0x6f, 0x6e, 0x76, 0x5f, 0x64, 0x77,
  0x5f, 0x34, 0x5f, 0x62, 0x6e, 0x5f, 0x31, 0x2f, 0x62, 0x61, 0x74, 0x63,
  0x68, 0x6e, 0x6f, 0x72, 0x6d, 0x2f, 0x61, 0x64, 0x64, 0x5f, 0x31, 0x3b,
  0x4d, 0x69, 0x63, 0x72, 0x6f, 0x4d, 0x6f, 0x62, 0x69, 0x6c, 0x65, 0x4e,
  0x65, 0x74, 0x5f, 0x61, 0x6c, 0x70, 0x68, 0x61, 0x30, 0x2e, 0x35, 0x30,
  0x5f, 0x31, 0x2f, 0x63, 0x6f, 0x6e, 0x76, 0x5f, 0x64, 0x77, 0x5f, 0x34,
  0x5f, 0x62, 0x6e, 0x5f, 0x31, 0x2f, 0x62, 0x61, 0x74, 0x63, 0x68, 0x6e,
  0x6f, 0x72, 0x6d, 0x2f, 0x6d, 0x75, 0x6c, 0x5f, 0x31, 0x3b, 0x4d, 0x69,
  0x63, 0x72, 0x6f, 0x4d, 0x6f, 0x62, 0x69, 0x6c, 0x65, 0x4e, 0x65, 0x74,
  0x5f, 0x61, 0x6c, 0x70, 0x68, 0x61, 0x30, 0x2e, 0x35, 0x30, 0x5f, 0x31,
  0x2f, 0x63, 0x6f, 0x6e, 0x76, 0x5f, 0x64, 0x77, 0x5f, 0x34, 0x5f, 0x31,
  0x2f, 0x64, 0x65, 0x70, 0x74, 0x68, 0x77, 0x69, 0x73, 0x65, 0x3b, 0x00,
  0x04, 0x00, 0x00, 0x00, 0x01, 0x00, 0x00, 0x00, 0x08, 0x00, 0x00, 0x00,
  0x04, 0x00, 0x00, 0x00, 0x10, 0x00, 0x00, 0x00, 0x1a, 0xdc, 0xff, 0xff,
  0x00, 0x00, 0x00, 0x01, 0x18, 0x00, 0x00, 0x00, 0x28, 0x00, 0x00, 0x00,
  0x48, 0x00, 0x00, 0x00, 0x21, 0x00, 0x00, 0x00, 0x00, 0x00, 0x00, 0x09,
  0xe0, 0x00, 0x00, 0x00, 0x04, 0x00, 0x00, 0x00, 0xff, 0xff, 0xff, 0xff,
  0x10, 0x00, 0x00, 0x00, 0x08, 0x00, 0x00, 0x00, 0x10, 0x00, 0x00, 0x00,
  0x04, 0xdc, 0xff, 0xff, 0x08, 0x00, 0x00, 0x00, 0x14, 0x00, 0x00, 0x00,
  0x01, 0x00, 0x00, 0x00, 0x80, 0xff, 0xff, 0xff, 0xff, 0xff, 0xff, 0xff,
  0x00, 0x00, 0x00, 0x00, 0x01, 0x00, 0x00, 0x00, 0xb6, 0x7e, 0xad, 0x3c,
  0x9f, 0x00, 0x00, 0x00, 0x4d, 0x69, 0x63, 0x72, 0x6f, 0x4d, 0x6f, 0x62,
  0x69, 0x6c, 0x65, 0x4e, 0x65, 0x74, 0x5f, 0x61, 0x6c, 0x70, 0x68, 0x61,
  0x30, 0x2e, 0x35, 0x30, 0x5f, 0x31, 0x2f, 0x63, 0x6f, 0x6e, 0x76, 0x5f,
  0x70, 0x77, 0x5f, 0x33, 0x5f, 0x72, 0x65, 0x6c, 0x75, 0x5f, 0x31, 0x2f,
  0x52, 0x65, 0x6c, 0x75, 0x36, 0x3b, 0x4d, 0x69, 0x63, 0x72, 0x6f, 0x4d,
  0x6f, 0x62, 0x69, 0x6c, 0x65, 0x4e, 0x65, 0x74, 0x5f, 0x61, 0x6c, 0x70,
  0x68, 0x61, 0x30, 0x2e, 0x35, 0x30, 0x5f, 0x31, 0x2f, 0x63, 0x6f, 0x6e,
  0x76, 0x5f, 0x70, 0x77, 0x5f, 0x33, 0x5f, 0x62, 0x6e, 0x5f, 0x31, 0x2f,
  0x62, 0x61, 0x74, 0x63, 0x68, 0x6e, 0x6f, 0x72, 0x6d, 0x2f, 0x61, 0x64,
  0x64, 0x5f, 0x31, 0x3b, 0x4d, 0x69, 0x63, 0x72, 0x6f, 0x4d, 0x6f, 0x62,
  0x69, 0x6c, 0x65, 0x4e, 0x65, 0x74, 0x5f, 0x61, 0x6c, 0x70, 0x68, 0x61,
  0x30, 0x2e, 0x35, 0x30, 0x5f, 0x31, 0x2f, 0x63, 0x6f, 0x6e, 0x76, 0x5f,
  0x70, 0x77, 0x5f, 0x33, 0x5f, 0x31, 0x2f, 0x63, 0x6f, 0x6e, 0x76, 0x6f,
  0x6c, 0x75, 0x74, 0x69, 0x6f, 0x6e, 0x3b, 0x00, 0x04, 0x00, 0x00, 0x00,
  0x01, 0x00, 0x00, 0x00, 0x10, 0x00, 0x00, 0x00, 0x08, 0x00, 0x00, 0x00,
  0x10, 0x00, 0x00, 0x00, 0x2a, 0xdd, 0xff, 0xff, 0x00, 0x00, 0x00, 0x01,
  0x18, 0x00, 0x00, 0x00, 0x28, 0x00, 0x00, 0x00, 0x48, 0x00, 0x00, 0x00,
  0x20, 0x00, 0x00, 0x00, 0x00, 0x00, 0x00, 0x09, 0x18, 0x01, 0x00, 0x00,
  0x04, 0x00, 0x00, 0x00, 0xff, 0xff, 0xff, 0xff, 0x10, 0x00, 0x00, 0x00,
  0x08, 0x00, 0x00, 0x00, 0x10, 0x00, 0x00, 0x00, 0x14, 0xdd, 0xff, 0xff,
  0x08, 0x00, 0x00, 0x00, 0x14, 0x00, 0x00, 0x00, 0x01, 0x00, 0x00, 0x00,
  0x80, 0xff, 0xff, 0xff, 0xff, 0xff, 0xff, 0xff, 0x00, 0x00, 0x00, 0x00,
  0x01, 0x00, 0x00, 0x00, 0xc1, 0xc0, 0xc0, 0x3c, 0xd7, 0x00, 0x00, 0x00,
  0x4d, 0x69, 0x63, 0x72, 0x6f, 0x4d, 0x6f, 0x62, 0x69, 0x6c, 0x65, 0x4e,
  0x65, 0x74, 0x5f, 0x61, 0x6c, 0x70, 0x68, 0x61, 0x30, 0x2e, 0x35, 0x30,
  0x5f, 0x31, 0x2f, 0x63, 0x6f, 0x6e, 0x76, 0x5f, 0x64, 0x77, 0x5f, 0x33,
  0x5f, 0x72, 0x65, 0x6c, 0x75, 0x5f, 0x31, 0x2f, 0x52, 0x65, 0x6c, 0x75,
  0x36, 0x3b, 0x4d, 0x69, 0x63, 0x72, 0x6f, 0x4d, 0x6f, 0x62, 0x69, 0x6c,
  0x65, 0x4e, 0x65, 0x74, 0x5f, 0x61, 0x6c, 0x70, 0x68, 0x61, 0x30, 0x2e,
  0x35, 0x30, 0x5f, 0x31, 0x2f, 0x63, 0x6f, 0x6e, 0x76, 0x5f, 0x64, 0x77,
  0x5f, 0x33, 0x5f, 0x62, 0x6e, 0x5f, 0x31, 0x2f, 0x62, 0x61, 0x74, 0x63,
  0x68, 0x6e, 0x6f, 0x72, 0x6d, 0x2f, 0x61, 0x64, 0x64, 0x5f, 0x31, 0x3b,
  0x4d, 0x69, 0x63, 0x72, 0x6f, 0x4d, 0x6f, 0x62, 0x69, 0x6c, 0x65, 0x4e,
  0x65, 0x74, 0x5f, 0x61, 0x6c, 0x70, 0x68, 0x61, 0x30, 0x2e, 0x35, 0x30,
  0x5f, 0x31, 0x2f, 0x63, 0x6f, 0x6e, 0x76, 0x5f, 0x64, 0x77, 0x5f, 0x33,
  0x5f, 0x62, 0x6e, 0x5f, 0x31, 0x2f, 0x62, 0x61, 0x74, 0x63, 0x68, 0x6e,
  0x6f, 0x72, 0x6d, 0x2f, 0x6d, 0x75, 0x6c, 0x5f, 0x31, 0x3b, 0x4d, 0x69,
  0x63, 0x72, 0x6f, 0x4d, 0x6f, 0x62, 0x69, 0x6c, 0x65, 0x4e, 0x65, 0x74,
  0x5f, 0x61, 0x6c, 0x70, 0x68, 0x61, 0x30, 0x2e, 0x35, 0x30, 0x5f, 0x31,
  0x2f, 0x63, 0x6f, 0x6e, 0x76, 0x5f, 0x64, 0x77, 0x5f, 0x33, 0x5f, 0x31,
  0x2f, 0x64, 0x65, 0x70, 0x74, 0x68, 0x77, 0x69, 0x73, 0x65, 0x3b, 0x00,
  0x04, 0x00, 0x00, 0x00, 0x01, 0x00, 0x00, 0x00, 0x10, 0x00, 0x00, 0x00,
  0x08, 0x00, 0x00, 0x00, 0x10, 0x00, 0x00, 0x00, 0x72, 0xde, 0xff, 0xff,
  0x00, 0x00, 0x00, 0x01, 0x18, 0x00, 0x00, 0x00, 0x28, 0x00, 0x00, 0x00,
  0x48, 0x00, 0x00, 0x00, 0x1f, 0x00, 0x00, 0x00, 0x00, 0x00, 0x00, 0x09,
  0xe0, 0x00, 0x00, 0x00, 0x04, 0x00, 0x00, 0x00, 0xff, 0xff, 0xff, 0xff,
  0x10, 0x00, 0x00, 0x00, 0x08, 0x00, 0x00, 0x00, 0x10, 0x00, 0x00, 0x00,
  0x5c, 0xde, 0xff, 0xff, 0x08, 0x00, 0x00, 0x00, 0x14, 0x00, 0x00, 0x00,
  0x01, 0x00, 0x00, 0x00, 0x80, 0xff, 0xff, 0xff, 0xff, 0xff, 0xff, 0xff,
  0x00, 0x00, 0x00, 0x00, 0x01, 0x00, 0x00, 0x00, 0xc1, 0xc0, 0xc0, 0x3c,
  0x9f, 0x00, 0x00, 0x00, 0x4d, 0x69, 0x63, 0x72, 0x6f, 0x4d, 0x6f, 0x62,
  0x69, 0x6c, 0x65, 0x4e, 0x65, 0x74, 0x5f, 0x61, 0x6c, 0x70, 0x68, 0x61,
  0x30, 0x2e, 0x35, 0x30, 0x5f, 0x31, 0x2f, 0x63, 0x6f, 0x6e, 0x76, 0x5f,
  0x70, 0x77, 0x5f, 0x32, 0x5f, 0x72, 0x65, 0x6c, 0x75, 0x5f, 0x31, 0x2f,
  0x52, 0x65, 0x6c, 0x75, 0x36, 0x3b, 0x4d, 0x69, 0x63, 0x72, 0x6f, 0x4d,
  0x6f, 0x62, 0x69, 0x6c, 0x65, 0x4e, 0x65, 0x74, 0x5f, 0x61, 0x6c, 0x70,
  0x68, 0x61, 0x30, 0x2e, 0x35, 0x30, 0x5f, 0x31, 0x2f, 0x63, 0x6f, 0x6e,
  0x76, 0x5f, 0x70, 0x77, 0x5f, 0x32, 0x5f, 0x62, 0x6e, 0x5f, 0x31, 0x2f,
  0x62, 0x61, 0x74, 0x63, 0x68, 0x6e, 0x6f, 0x72, 0x6d, 0x2f, 0x61, 0x64,
  0x64, 0x5f, 0x31, 0x3b, 0x4d, 0x69, 0x63, 0x72, 0x6f, 0x4d, 0x6f, 0x62,
  0x69, 0x6c, 0x65, 0x4e, 0x65, 0x74, 0x5f, 0x61, 0x6c, 0x70, 0x68, 0x61,
  0x30, 0x2e, 0x35, 0x30, 0x5f, 0x31, 0x2f, 0x63, 0x6f, 0x6e, 0x76, 0x5f,
  0x70, 0x77, 0x5f, 0x32, 0x5f, 0x31, 0x2f, 0x63, 0x6f, 0x6e, 0x76, 0x6f,
  0x6c, 0x75, 0x74, 0x69, 0x6f, 0x6e, 0x3b, 0x00, 0x04, 0x00, 0x00, 0x00,
  0x01, 0x00, 0x00, 0x00, 0x10, 0x00, 0x00, 0x00, 0x08, 0x00, 0x00, 0x00,
  0x10, 0x00, 0x00, 0x00, 0x82, 0xdf, 0xff, 0xff, 0x00, 0x00, 0x00, 0x01,
  0x18, 0x00, 0x00, 0x00, 0x28, 0x00, 0x00, 0x00, 0x48, 0x00, 0x00, 0x00,
  0x1e, 0x00, 0x00, 0x00, 0x00, 0x00, 0x00, 0x09, 0x18, 0x01, 0x00, 0x00,
  0x04, 0x00, 0x00, 0x00, 0xff, 0xff, 0xff, 0xff, 0x10, 0x00, 0x00, 0x00,
  0x08, 0x00, 0x00, 0x00, 0x08, 0x00, 0x00, 0x00, 0x6c, 0xdf, 0xff, 0xff,
  0x08, 0x00, 0x00, 0x00, 0x14, 0x00, 0x00, 0x00, 0x01, 0x00, 0x00, 0x00,
  0x80, 0xff, 0xff, 0xff, 0xff, 0xff, 0xff, 0xff, 0x00, 0x00, 0x00, 0x00,
  0x01, 0x00, 0x00, 0x00, 0xc1, 0xc0, 0xc0, 0x3c, 0xd7, 0x00, 0x00, 0x00,
  0x4d, 0x69, 0x63, 0x72, 0x6f, 0x4d, 0x6f, 0x62, 0x69, 0x6c, 0x65, 0x4e,
  0x65, 0x74, 0x5f, 0x61, 0x6c, 0x70, 0x68, 0x61, 0x30, 0x2e, 0x35, 0x30,
  0x5f, 0x31, 0x2f, 0x63, 0x6f, 0x6e, 0x76, 0x5f, 0x64, 0x77, 0x5f, 0x32,
  0x5f, 0x72, 0x65, 0x6c, 0x75, 0x5f, 0x31, 0x2f, 0x52, 0x65, 0x6c, 0x75,
  0x36, 0x3b, 0x4d, 0x69, 0x63, 0x72, 0x6f, 0x4d, 0x6f, 0x62, 0x69, 0x6c,
  0x65, 0x4e, 0x65, 0x74, 0x5f, 0x61, 0x6c, 0x70, 0x68, 0x61, 0x30, 0x2e,
  0x35, 0x30, 0x5f, 0x31, 0x2f, 0x63, 0x6f, 0x6e, 0x76, 0x5f, 0x64, 0x77,
  0x5f, 0x32, 0x5f, 0x62, 0x6e, 0x5f, 0x31, 0x2f, 0x62, 0x61, 0x74, 0x63,
  0x68, 0x6e, 0x6f, 0x72, 0x6d, 0x2f, 0x61, 0x64, 0x64, 0x5f, 0x31, 0x3b,
  0x4d, 0x69, 0x63, 0x72, 0x6f, 0x4d, 0x6f, 0x62, 0x69, 0x6c, 0x65, 0x4e,
  0x65, 0x74, 0x5f, 0x61, 0x6c, 0x70, 0x68, 0x61, 0x30, 0x2e, 0x35, 0x30,
  0x5f, 0x31, 0x2f, 0x63, 0x6f, 0x6e, 0x76, 0x5f, 0x64, 0x77, 0x5f, 0x32,
  0x5f, 0x62, 0x6e, 0x5f, 0x31, 0x2f, 0x62, 0x61, 0x74, 0x63, 0x68, 0x6e,
  0x6f, 0x72, 0x6d, 0x2f, 0x6d, 0x75, 0x6c, 0x5f, 0x31, 0x3b, 0x4d, 0x69,
  0x63, 0x72, 0x6f, 0x4d, 0x6f, 0x62, 0x69, 0x6c, 0x65, 0x4e, 0x65, 0x74,
  0x5f, 0x61, 0x6c, 0x70, 0x68, 0x61, 0x30, 0x2e, 0x35, 0x30, 0x5f, 0x31,
  0x2f, 0x63, 0x6f, 0x6e, 0x76, 0x5f, 0x64, 0x77, 0x5f, 0x32, 0x5f, 0x31,
  0x2f, 0x64, 0x65, 0x70, 0x74, 0x68, 0x77, 0x69, 0x73, 0x65, 0x3b, 0x00,
  0x04, 0x00, 0x00, 0x00, 0x01, 0x00, 0x00, 0x00, 0x10, 0x00, 0x00, 0x00,
  0x08, 0x00, 0x00, 0x00, 0x08, 0x00, 0x00, 0x00, 0xca, 0xe0, 0xff, 0xff,
  0x00, 0x00, 0x00, 0x01, 0x18, 0x00, 0x00, 0x00, 0x28, 0x00, 0x00, 0x00,
  0x48, 0x00, 0x00, 0x00, 0x1d, 0x00, 0x00, 0x00, 0x00, 0x00, 0x00, 0x09,
  0xe0, 0x00, 0x00, 0x00, 0x04, 0x00, 0x00, 0x00, 0xff, 0xff, 0xff, 0xff,
  0x20, 0x00, 0x00, 0x00, 0x10, 0x00, 0x00, 0x00, 0x08, 0x00, 0x00, 0x00,
  0xb4, 0xe0, 0xff, 0xff, 0x08, 0x00, 0x00, 0x00, 0x14, 0x00, 0x00, 0x00,
  0x01, 0x00, 0x00, 0x00, 0x80, 0xff, 0xff, 0xff, 0xff, 0xff, 0xff, 0xff,
  0x00, 0x00, 0x00, 0x00, 0x01, 0x00, 0x00, 0x00, 0xc1, 0xc0, 0xc0, 0x3c,
  0x9f, 0x00, 0x00, 0x00, 0x4d, 0x69, 0x63, 0x72, 0x6f, 0x4d, 0x6f, 0x62,
  0x69, 0x6c, 0x65, 0x4e, 0x65, 0x74, 0x5f, 0x61, 0x6c, 0x70, 0x68, 0x61,
  0x30, 0x2e, 0x35, 0x30, 0x5f, 0x31, 0x2f, 0x63, 0x6f, 0x6e, 0x76, 0x5f,
  0x70, 0x77, 0x5f, 0x31, 0x5f, 0x72, 0x65, 0x6c, 0x75, 0x5f, 0x31, 0x2f,
  0x52, 0x65, 0x6c, 0x75, 0x36, 0x3b, 0x4d, 0x69, 0x63, 0x72, 0x6f, 0x4d,
  0x6f, 0x62, 0x69, 0x6c, 0x65, 0x4e, 0x65, 0x74, 0x5f, 0x61, 0x6c, 0x70,
  0x68, 0x61, 0x30, 0x2e, 0x35, 0x30, 0x5f, 0x31, 0x2f, 0x63, 0x6f, 0x6e,
  0x76, 0x5f, 0x70, 0x77, 0x5f, 0x31, 0x5f, 0x62, 0x6e, 0x5f, 0x31, 0x2f,
  0x62, 0x61, 0x74, 0x63, 0x68, 0x6e, 0x6f, 0x72, 0x6d, 0x2f, 0x61, 0x64,
  0x64, 0x5f, 0x31, 0x3b, 0x4d, 0x69, 0x63, 0x72, 0x6f, 0x4d, 0x6f, 0x62,
  0x69, 0x6c, 0x65, 0x4e, 0x65, 0x74, 0x5f, 0x61, 0x6c, 0x70, 0x68, 0x61,
  0x30, 0x2e, 0x35, 0x30, 0x5f, 0x31, 0x2f, 0x63, 0x6f, 0x6e, 0x76, 0x5f,
  0x70, 0x77, 0x5f, 0x31, 0x5f, 0x31, 0x2f, 0x63, 0x6f, 0x6e, 0x76, 0x6f,
  0x6c, 0x75, 0x74, 0x69, 0x6f, 0x6e, 0x3b, 0x00, 0x04, 0x00, 0x00, 0x00,
  0x01, 0x00, 0x00, 0x00, 0x20, 0x00, 0x00, 0x00, 0x10, 0x00, 0x00, 0x00,
  0x08, 0x00, 0x00, 0x00, 0xda, 0xe1, 0xff, 0xff, 0x00, 0x00, 0x00, 0x01,
  0x18, 0x00, 0x00, 0x00, 0x28, 0x00, 0x00, 0x00, 0x48, 0x00, 0x00, 0x00,
  0x1c, 0x00, 0x00, 0x00, 0x00, 0x00, 0x00, 0x09, 0x18, 0x01, 0x00, 0x00,
  0x04, 0x00, 0x00, 0x00, 0xff, 0xff, 0xff, 0xff, 0x20, 0x00, 0x00, 0x00,
  0x10, 0x00, 0x00, 0x00, 0x08, 0x00, 0x00, 0x00, 0xc4, 0xe1, 0xff, 0xff,
  0x08, 0x00, 0x00, 0x00, 0x14, 0x00, 0x00, 0x00, 0x01, 0x00, 0x00, 0x00,
  0x80, 0xff, 0xff, 0xff, 0xff, 0xff, 0xff, 0xff, 0x00, 0x00, 0x00, 0x00,
  0x01, 0x00, 0x00, 0x00, 0xa9, 0x90, 0xa2, 0x3c, 0xd7, 0x00, 0x00, 0x00,
  0x4d, 0x69, 0x63, 0x72, 0x6f, 0x4d, 0x6f, 0x62, 0x69, 0x6c, 0x65, 0x4e,
  0x65, 0x74, 0x5f, 0x61, 0x6c, 0x70, 0x68, 0x61, 0x30, 0x2e, 0x35, 0x30,
  0x5f, 0x31, 0x2f, 0x63, 0x6f, 0x6e, 0x76, 0x5f, 0x64, 0x77, 0x5f, 0x31,
  0x5f, 0x72, 0x65, 0x6c, 0x75, 0x5f, 0x31, 0x2f, 0x52, 0x65, 0x6c, 0x75,
  0x36, 0x3b, 0x4d, 0x69, 0x63, 0x72, 0x6f, 0x4d, 0x6f, 0x62, 0x69, 0x6c,
  0x65, 0x4e, 0x65, 0x74, 0x5f, 0x61, 0x6c, 0x70, 0x68, 0x61, 0x30, 0x2e,
  0x35, 0x30, 0x5f, 0x31, 0x2f, 0x63, 0x6f, 0x6e, 0x76, 0x5f, 0x64, 0x77,
  0x5f, 0x31, 0x5f, 0x62, 0x6e, 0x5f, 0x31, 0x2f, 0x62, 0x61, 0x74, 0x63,
  0x68, 0x6e, 0x6f, 0x72, 0x6d, 0x2f, 0x61, 0x64, 0x64, 0x5f, 0x31, 0x3b,
  0x4d, 0x69, 0x63, 0x72, 0x6f, 0x4d, 0x6f, 0x62, 0x69, 0x6c, 0x65, 0x4e,
  0x65, 0x74, 0x5f, 0x61, 0x6c, 0x70, 0x68, 0x61, 0x30, 0x2e, 0x35, 0x30,
  0x5f, 0x31, 0x2f, 0x63, 0x6f, 0x6e, 0x76, 0x5f, 0x64, 0x77, 0x5f, 0x31,
  0x5f, 0x62, 0x6e, 0x5f, 0x31, 0x2f, 0x62, 0x61, 0x74, 0x63, 0x68, 0x6e,
  0x6f, 0x72, 0x6d, 0x2f, 0x6d, 0x75, 0x6c, 0x5f, 0x31, 0x3b, 0x4d, 0x69,
  0x63, 0x72, 0x6f, 0x4d, 0x6f, 0x62, 0x69, 0x6c, 0x65, 0x4e, 0x65, 0x74,
  0x5f, 0x61, 0x6c, 0x70, 0x68, 0x61, 0x30, 0x2e, 0x35, 0x30, 0x5f, 0x31,
  0x2f, 0x63, 0x6f, 0x6e, 0x76, 0x5f, 0x64, 0x77, 0x5f, 0x31, 0x5f, 0x31,
  0x2f, 0x64, 0x65, 0x70, 0x74, 0x68, 0x77, 0x69, 0x73, 0x65, 0x3b, 0x00,
  0x04, 0x00, 0x00, 0x00, 0x01, 0x00, 0x00, 0x00, 0x20, 0x00, 0x00, 0x00,
  0x10, 0x00, 0x00, 0x00, 0x08, 0x00, 0x00, 0x00, 0x22, 0xe3, 0xff, 0xff,
  0x00, 0x00, 0x00, 0x01, 0x18, 0x00, 0x00, 0x00, 0x28, 0x00, 0x00, 0x00,
  0x48, 0x00, 0x00, 0x00, 0x1b, 0x00, 0x00, 0x00, 0x00, 0x00, 0x00, 0x09,
  0xd8, 0x00, 0x00, 0x00, 0x04, 0x00, 0x00, 0x00, 0xff, 0xff, 0xff, 0xff,
  0x20, 0x00, 0x00, 0x00, 0x10, 0x00, 0x00, 0x00, 0x08, 0x00, 0x00, 0x00,
  0x0c, 0xe3, 0xff, 0xff, 0x08, 0x00, 0x00, 0x00, 0x14, 0x00, 0x00, 0x00,
  0x01, 0x00, 0x00, 0x00, 0x80, 0xff, 0xff, 0xff, 0xff, 0xff, 0xff, 0xff,
  0x00, 0x00, 0x00, 0x00, 0x01, 0x00, 0x00, 0x00, 0xf3, 0x10, 0x88, 0x3c,
  0x94, 0x00, 0x00, 0x00, 0x4d, 0x69, 0x63, 0x72, 0x6f, 0x4d, 0x6f, 0x62,
  0x69, 0x6c, 0x65, 0x4e, 0x65, 0x74, 0x5f, 0x61, 0x6c, 0x70, 0x68, 0x61,
  0x30, 0x2e, 0x35, 0x30, 0x5f, 0x31, 0x2f, 0x63, 0x6f, 0x6e, 0x76, 0x31,
  0x5f, 0x72, 0x65, 0x6c, 0x75, 0x5f, 0x31, 0x2f, 0x52, 0x65, 0x6c, 0x75,
  0x36, 0x3b, 0x4d, 0x69, 0x63, 0x72, 0x6f, 0x4d, 0x6f, 0x62, 0x69, 0x6c,
  0x65, 0x4e, 0x65, 0x74, 0x5f, 0x61, 0x6c, 0x70, 0x68, 0x61, 0x30, 0x2e,
  0x35, 0x30, 0x5f, 0x31, 0x2f, 0x63, 0x6f, 0x6e, 0x76, 0x31, 0x5f, 0x62,
  0x6e, 0x5f, 0x31, 0x2f, 0x62, 0x61, 0x74, 0x63, 0x68, 0x6e, 0x6f, 0x72,
  0x6d, 0x2f, 0x61, 0x64, 0x64, 0x5f, 0x31, 0x3b, 0x4d, 0x69, 0x63, 0x72,
  0x6f, 0x4d, 0x6f, 0x62, 0x69, 0x6c, 0x65, 0x4e, 0x65, 0x74, 0x5f, 0x61,
  0x6c, 0x70, 0x68, 0x61, 0x30, 0x2e, 0x35, 0x30, 0x5f, 0x31, 0x2f, 0x63,
  0x6f, 0x6e, 0x76, 0x31, 0x5f, 0x31, 0x2f, 0x63, 0x6f, 0x6e, 0x76, 0x6f,
  0x6c, 0x75, 0x74, 0x69, 0x6f, 0x6e, 0x3b, 0x31, 0x00, 0x00, 0x00, 0x00,
  0x04, 0x00, 0x00, 0x00, 0x01, 0x00, 0x00, 0x00, 0x20, 0x00, 0x00, 0x00,
  0x10, 0x00, 0x00, 0x00, 0x08, 0x00, 0x00, 0x00, 0x82, 0xe4, 0xff, 0xff,
  0x00, 0x00, 0x00, 0x01, 0x14, 0x00, 0x00, 0x00, 0x88, 0x00, 0x00, 0x00,
  0x1a, 0x00, 0x00, 0x00, 0x00, 0x00, 0x00, 0x09, 0x94, 0x00, 0x00, 0x00,
  0xfc, 0xe3, 0xff, 0xff, 0x08, 0x00, 0x00, 0x00, 0x4c, 0x00, 0x00, 0x00,
  0x08, 0x00, 0x00, 0x00, 0x00, 0x00, 0x00, 0x00, 0x00, 0x00, 0x00, 0x00,
  0x00, 0x00, 0x00, 0x00, 0x00, 0x00, 0x00, 0x00, 0x00, 0x00, 0x00, 0x00,
  0x00, 0x00, 0x00, 0x00, 0x00, 0x00, 0x00, 0x00, 0x00, 0x00, 0x00, 0x00,
  0x00, 0x00, 0x00, 0x00, 0x00, 0x00, 0x00, 0x00, 0x00, 0x00, 0x00, 0x00,
  0x00, 0x00, 0x00, 0x00, 0x00, 0x00, 0x00, 0x00, 0x00, 0x00, 0x00, 0x00,
  0x00, 0x00, 0x00, 0x00, 0x00, 0x00, 0x00, 0x00, 0x00, 0x00, 0x00, 0x00,
  0x08, 0x00, 0x00, 0x00, 0xa9, 0x1d, 0x08, 0x38, 0x85, 0x25, 0x1f, 0x38,
  0x95, 0x63, 0x9b, 0x38, 0xd1, 0x58, 0xd9, 0x38, 0x89, 0x33, 0x1b, 0x38,
  0xb1, 0x0b, 0xa0, 0x38, 0x61, 0x29, 0x8e, 0x37, 0x8c, 0x5d, 0xc3, 0x38,
  0x13, 0x00, 0x00, 0x00, 0x74, 0x66, 0x6c, 0x2e, 0x70, 0x73, 0x65, 0x75,
  0x64, 0x6f, 0x5f, 0x71, 0x63, 0x6f, 0x6e, 0x73, 0x74, 0x32, 0x33, 0x00,
  0x04, 0x00, 0x00, 0x00, 0x08, 0x00, 0x00, 0x00, 0x03, 0x00, 0x00, 0x00,
  0x03, 0x00, 0x00, 0x00, 0x01, 0x00, 0x00, 0x00, 0x42, 0xe5, 0xff, 0xff,
  0x00, 0x00, 0x00, 0x01, 0x14, 0x00, 0x00, 0x00, 0x88, 0x00, 0x00, 0x00,
  0x19, 0x00, 0x00, 0x00, 0x00, 0x00, 0x00, 0x02, 0x94, 0x00, 0x00, 0x00,
  0xbc, 0xe4, 0xff, 0xff, 0x08, 0x00, 0x00, 0x00, 0x4c, 0x00, 0x00, 0x00,
  0x08, 0x00, 0x00, 0x00, 0x00, 0x00, 0x00, 0x00, 0x00, 0x00, 0x00, 0x00,
  0x00, 0x00, 0x00, 0x00, 0x00, 0x00, 0x00, 0x00, 0x00, 0x00, 0x00, 0x00,
  0x00, 0x00, 0x00, 0x00, 0x00, 0x00, 0x00, 0x00, 0x00, 0x00, 0x00, 0x00,
  0x00, 0x00, 0x00, 0x00, 0x00, 0x00, 0x00, 0x00, 0x00, 0x00, 0x00, 0x00,
  0x00, 0x00, 0x00, 0x00, 0x00, 0x00, 0x00, 0x00, 0x00, 0x00, 0x00, 0x00,
  0x00, 0x00, 0x00, 0x00, 0x00, 0x00, 0x00, 0x00, 0x00, 0x00, 0x00, 0x00,
  0x08, 0x00, 0x00, 0x00, 0xa9, 0x1d, 0x08, 0x38, 0x85, 0x25, 0x1f, 0x38,
  0x95, 0x63, 0x9b, 0x38, 0xd1, 0x58, 0xd9, 0x38, 0x89, 0x33, 0x1b, 0x38,
  0xb1, 0x0b, 0xa0, 0x38, 0x61, 0x29, 0x8e, 0x37, 0x8c, 0x5d, 0xc3, 0x38,
  0x13, 0x00, 0x00, 0x00, 0x74, 0x66, 0x6c, 0x2e, 0x70, 0x73, 0x65, 0x75,
  0x64, 0x6f, 0x5f, 0x71, 0x63, 0x6f, 0x6e, 0x73, 0x74, 0x32, 0x32, 0x00,
  0x01, 0x00, 0x00, 0x00, 0x08, 0x00, 0x00, 0x00, 0xf6, 0xe5, 0xff, 0xff,
  0x00, 0x00, 0x00, 0x01, 0x14, 0x00, 0x00, 0x00, 0x8c, 0x00, 0x00, 0x00,
  0x18, 0x00, 0x00, 0x00, 0x00, 0x00, 0x00, 0x09, 0x98, 0x00, 0x00, 0x00,
  0x0a, 0xef, 0xff, 0xff, 0x03, 0x00, 0x00, 0x00, 0x08, 0x00, 0x00, 0x00,
  0x4c, 0x00, 0x00, 0x00, 0x08, 0x00, 0x00, 0x00, 0x00, 0x00, 0x00, 0x00,
  0x00, 0x00, 0x00, 0x00, 0x00, 0x00, 0x00, 0x00, 0x00, 0x00, 0x00, 0x00,
  0x00, 0x00, 0x00, 0x00, 0x00, 0x00, 0x00, 0x00, 0x00, 0x00, 0x00, 0x00,
  0x00, 0x00, 0x00, 0x00, 0x00, 0x00, 0x00, 0x00, 0x00, 0x00, 0x00, 0x00,
  0x00, 0x00, 0x00, 0x00, 0x00, 0x00, 0x00, 0x00, 0x00, 0x00, 0x00, 0x00,
  0x00, 0x00, 0x00, 0x00, 0x00, 0x00, 0x00, 0x00, 0x00, 0x00, 0x00, 0x00,
  0x00, 0x00, 0x00, 0x00, 0x08, 0x00, 0x00, 0x00, 0x1a, 0xa3, 0x8a, 0x3c,
  0xe7, 0xe1, 0x22, 0x3c, 0x21, 0x2a, 0x1d, 0x3c, 0x19, 0xd1, 0x37, 0x3c,
  0x6b, 0x65, 0x12, 0x3c, 0x6b, 0x8b, 0x0c, 0x3c, 0x13, 0x8b, 0xfa, 0x3c,
  0xd6, 0x40, 0x16, 0x3c, 0x13, 0x00, 0x00, 0x00, 0x74, 0x66, 0x6c, 0x2e,
  0x70, 0x73, 0x65, 0x75, 0x64, 0x6f, 0x5f, 0x71, 0x63, 0x6f, 0x6e, 0x73,
  0x74, 0x32, 0x31, 0x00, 0x04, 0x00, 0x00, 0x00, 0x01, 0x00, 0x00, 0x00,
  0x03, 0x00, 0x00, 0x00, 0x03, 0x00, 0x00, 0x00, 0x08, 0x00, 0x00, 0x00,
  0xba, 0xe6, 0xff, 0xff, 0x00, 0x00, 0x00, 0x01, 0x14, 0x00, 0x00, 0x00,
  0x84, 0x00, 0x00, 0x00, 0x17, 0x00, 0x00, 0x00, 0x00, 0x00, 0x00, 0x02,
  0x90, 0x00, 0x00, 0x00, 0x34, 0xe6, 0xff, 0xff, 0x08, 0x00, 0x00, 0x00,
  0x48, 0x00, 0x00, 0x00, 0x08, 0x00, 0x00, 0x00, 0x00, 0x00, 0x00, 0x00,
  0x00, 0x00, 0x00, 0x00, 0x00, 0x00, 0x00, 0x00, 0x00, 0x00, 0x00, 0x00,
  0x00, 0x00, 0x00, 0x00, 0x00, 0x00, 0x00, 0x00, 0x00, 0x00, 0x00, 0x00,
  0x00, 0x00, 0x00, 0x00, 0x00, 0x00, 0x00, 0x00, 0x00, 0x00, 0x00, 0x00,
  0x00, 0x00, 0x00, 0x00, 0x00, 0x00, 0x00, 0x00, 0x00, 0x00, 0x00, 0x00,
  0x00, 0x00, 0x00, 0x00, 0x00, 0x00, 0x00, 0x00, 0x00, 0x00, 0x00, 0x00,
  0x08, 0x00, 0x00, 0x00, 0xa7, 0x5f, 0x93, 0x39, 0x97, 0x25, 0x2d, 0x39,
  0x93, 0x11, 0x27, 0x39, 0x82, 0x66, 0x43, 0x39, 0x24, 0x9f, 0x1b, 0x39,
  0xbe, 0x66, 0x15, 0x39, 0x79, 0x2a, 0x05, 0x3a, 0xc9, 0xb8, 0x1f, 0x39,
  0x13, 0x00, 0x00, 0x00, 0x74, 0x66, 0x6c, 0x2e, 0x70, 0x73, 0x65, 0x75,
  0x64, 0x6f, 0x5f, 0x71, 0x63, 0x6f, 0x6e, 0x73, 0x74, 0x32, 0x30, 0x00,
  0x01, 0x00, 0x00, 0x00, 0x08, 0x00, 0x00, 0x00, 0x6a, 0xe7, 0xff, 0xff,
  0x00, 0x00, 0x00, 0x01, 0x14, 0x00, 0x00, 0x00, 0x88, 0x00, 0x00, 0x00,
  0x16, 0x00, 0x00, 0x00, 0x00, 0x00, 0x00, 0x09, 0x94, 0x00, 0x00, 0x00,
  0xe4, 0xe6, 0xff, 0xff, 0x08, 0x00, 0x00, 0x00, 0x4c, 0x00, 0x00, 0x00,
  0x08, 0x00, 0x00, 0x00, 0x00, 0x00, 0x00, 0x00, 0x00, 0x00, 0x00, 0x00,
  0x00, 0x00, 0x00, 0x00, 0x00, 0x00, 0x00, 0x00, 0x00, 0x00, 0x00, 0x00,
  0x00, 0x00, 0x00, 0x00, 0x00, 0x00, 0x00, 0x00, 0x00, 0x00, 0x00, 0x00,
  0x00, 0x00, 0x00, 0x00, 0x00, 0x00, 0x00, 0x00, 0x00, 0x00, 0x00, 0x00,
  0x00, 0x00, 0x00, 0x00, 0x00, 0x00, 0x00, 0x00, 0x00, 0x00, 0x00, 0x00,
  0x00, 0x00, 0x00, 0x00, 0x00, 0x00, 0x00, 0x00, 0x00, 0x00, 0x00, 0x00,
  0x08, 0x00, 0x00, 0x00, 0xfc, 0xb3, 0x8f, 0x3b, 0x61, 0x98, 0xe0, 0x3b,
  0xbe, 0xcf, 0xf7, 0x3b, 0x86, 0x5a, 0xb0, 0x3b, 0x3d, 0x40, 0x8f, 0x3c,
  0x54, 0x31, 0x8e, 0x3b, 0xcc, 0x80, 0x95, 0x3b, 0x8b, 0xe1, 0xc1, 0x3b,
  0x13, 0x00, 0x00, 0x00, 0x74, 0x66, 0x6c, 0x2e, 0x70, 0x73, 0x65, 0x75,
  0x64, 0x6f, 0x5f, 0x71, 0x63, 0x6f, 0x6e, 0x73, 0x74, 0x31, 0x39, 0x00,
  0x04, 0x00, 0x00, 0x00, 0x08, 0x00, 0x00, 0x00, 0x01, 0x00, 0x00, 0x00,
  0x01, 0x00, 0x00, 0x00, 0x08, 0x00, 0x00, 0x00, 0x2a, 0xe8, 0xff, 0xff,
  0x00, 0x00, 0x00, 0x01, 0x14, 0x00, 0x00, 0x00, 0x88, 0x00, 0x00, 0x00,
  0x15, 0x00, 0x00, 0x00, 0x00, 0x00, 0x00, 0x02, 0x94, 0x00, 0x00, 0x00,
  0xa4, 0xe7, 0xff, 0xff, 0x08, 0x00, 0x00, 0x00, 0x4c, 0x00, 0x00, 0x00,
  0x08, 0x00, 0x00, 0x00, 0x00, 0x00, 0x00, 0x00, 0x00, 0x00, 0x00, 0x00,
  0x00, 0x00, 0x00, 0x00, 0x00, 0x00, 0x00, 0x00, 0x00, 0x00, 0x00, 0x00,
  0x00, 0x00, 0x00, 0x00, 0x00, 0x00, 0x00, 0x00, 0x00, 0x00, 0x00, 0x00,
  0x00, 0x00, 0x00, 0x00, 0x00, 0x00, 0x00, 0x00, 0x00, 0x00, 0x00, 0x00,
  0x00, 0x00, 0x00, 0x00, 0x00, 0x00, 0x00, 0x00, 0x00, 0x00, 0x00, 0x00,
  0x00, 0x00, 0x00, 0x00, 0x00, 0x00, 0x00, 0x00, 0x00, 0x00, 0x00, 0x00,
  0x08, 0x00, 0x00, 0x00, 0x33, 0x82, 0xb6, 0x38, 0x57, 0x9f, 0x0e, 0x39,
  0x7f, 0x5d, 0x1d, 0x39, 0xe0, 0xf9, 0xdf, 0x38, 0x33, 0xef, 0xb5, 0x39,
  0x22, 0x97, 0xb4, 0x38, 0xf8, 0xdf, 0xbd, 0x38, 0x92, 0x3c, 0xf6, 0x38,
  0x13, 0x00, 0x00, 0x00, 0x74, 0x66, 0x6c, 0x2e, 0x70, 0x73, 0x65, 0x75,
  0x64, 0x6f, 0x5f, 0x71, 0x63, 0x6f, 0x6e, 0x73, 0x74, 0x31, 0x38, 0x00,
  0x01, 0x00, 0x00, 0x00, 0x08, 0x00, 0x00, 0x00, 0xde, 0xe8, 0xff, 0xff,
  0x00, 0x00, 0x00, 0x01, 0x14, 0x00, 0x00, 0x00, 0x8c, 0x00, 0x00, 0x00,
  0x14, 0x00, 0x00, 0x00, 0x00, 0x00, 0x00, 0x09, 0x98, 0x00, 0x00, 0x00,
  0xf2, 0xf1, 0xff, 0xff, 0x03, 0x00, 0x00, 0x00, 0x08, 0x00, 0x00, 0x00,
  0x4c, 0x00, 0x00, 0x00, 0x08, 0x00, 0x00, 0x00, 0x00, 0x00, 0x00, 0x00,
  0x00, 0x00, 0x00, 0x00, 0x00, 0x00, 0x00, 0x00, 0x00, 0x00, 0x00, 0x00,
  0x00, 0x00, 0x00, 0x00, 0x00, 0x00, 0x00, 0x00, 0x00, 0x00, 0x00, 0x00,
  0x00, 0x00, 0x00, 0x00, 0x00, 0x00, 0x00, 0x00, 0x00, 0x00, 0x00, 0x00,
  0x00, 0x00, 0x00, 0x00, 0x00, 0x00, 0x00, 0x00, 0x00, 0x00, 0x00, 0x00,
  0x00, 0x00, 0x00, 0x00, 0x00, 0x00, 0x00, 0x00, 0x00, 0x00, 0x00, 0x00,
  0x00, 0x00, 0x00, 0x00, 0x08, 0x00, 0x00, 0x00, 0x4e, 0x23, 0x37, 0x3c,
  0xb3, 0x57, 0xe0, 0x3b, 0xe5, 0xb5, 0x84, 0x3b, 0xaf, 0xf3, 0xaa, 0x3b,
  0xb7, 0x28, 0xf9, 0x3a, 0xef, 0x81, 0x19, 0x3c, 0xc2, 0xd7, 0x60, 0x3c,
  0x02, 0x0a, 0x4f, 0x3c, 0x13, 0x00, 0x00, 0x00, 0x74, 0x66, 0x6c, 0x2e,
  0x70, 0x73, 0x65, 0x75, 0x64, 0x6f, 0x5f, 0x71, 0x63, 0x6f, 0x6e, 0x73,
  0x74, 0x31, 0x37, 0x00, 0x04, 0x00, 0x00, 0x00, 0x01, 0x00, 0x00, 0x00,
  0x03, 0x00, 0x00, 0x00, 0x03, 0x00, 0x00, 0x00, 0x08, 0x00, 0x00, 0x00,
  0xa2, 0xe9, 0xff, 0xff, 0x00, 0x00, 0x00, 0x01, 0x14, 0x00, 0x00, 0x00,
  0x84, 0x00, 0x00, 0x00, 0x13, 0x00, 0x00, 0x00, 0x00, 0x00, 0x00, 0x02,
  0x90, 0x00, 0x00, 0x00, 0x1c, 0xe9, 0xff, 0xff, 0x08, 0x00, 0x00, 0x00,
  0x48, 0x00, 0x00, 0x00, 0x08, 0x00, 0x00, 0x00, 0x00, 0x00, 0x00, 0x00,
  0x00, 0x00, 0x00, 0x00, 0x00, 0x00, 0x00, 0x00, 0x00, 0x00, 0x00, 0x00,
  0x00, 0x00, 0x00, 0x00, 0x00, 0x00, 0x00, 0x00, 0x00, 0x00, 0x00, 0x00,
  0x00, 0x00, 0x00, 0x00, 0x00, 0x00, 0x00, 0x00, 0x00, 0x00, 0x00, 0x00,
  0x00, 0x00, 0x00, 0x00, 0x00, 0x00, 0x00, 0x00, 0x00, 0x00, 0x00, 0x00,
  0x00, 0x00, 0x00, 0x00, 0x00, 0x00, 0x00, 0x00, 0x00, 0x00, 0x00, 0x00,
  0x08, 0x00, 0x00, 0x00, 0x5f, 0xe4, 0x89, 0x39, 0xb1, 0xea, 0x28, 0x39,
  0xb0, 0xd8, 0xc7, 0x38, 0x7b, 0xb7, 0x00, 0x39, 0x24, 0x9a, 0x3b, 0x38,
  0x11, 0x2a, 0x67, 0x39, 0x1d, 0x4b, 0xa9, 0x39, 0x65, 0xe3, 0x9b, 0x39,
  0x13, 0x00, 0x00, 0x00, 0x74, 0x66, 0x6c, 0x2e, 0x70, 0x73, 0x65, 0x75,
  0x64, 0x6f, 0x5f, 0x71, 0x63, 0x6f, 0x6e, 0x73, 0x74, 0x31, 0x36, 0x00,
  0x01, 0x00, 0x00, 0x00, 0x08, 0x00, 0x00, 0x00, 0x52, 0xea, 0xff, 0xff,
  0x00, 0x00, 0x00, 0x01, 0x14, 0x00, 0x00, 0x00, 0xe8, 0x00, 0x00, 0x00,
  0x12, 0x00, 0x00, 0x00, 0x00, 0x00, 0x00, 0x09, 0xf4, 0x00, 0x00, 0x00,
  0xcc, 0xe9, 0xff, 0xff, 0x08, 0x00, 0x00, 0x00, 0x8c, 0x00, 0x00, 0x00,
  0x10, 0x00, 0x00, 0x00, 0x00, 0x00, 0x00, 0x00, 0x00, 0x00, 0x00, 0x00,
  0x00, 0x00, 0x00, 0x00, 0x00, 0x00, 0x00, 0x00, 0x00, 0x00, 0x00, 0x00,
  0x00, 0x00, 0x00, 0x00, 0x00, 0x00, 0x00, 0x00, 0x00, 0x00, 0x00, 0x00,
  0x00, 0x00, 0x00, 0x00, 0x00, 0x00, 0x00, 0x00, 0x00, 0x00, 0x00, 0x00,
  0x00, 0x00, 0x00, 0x00, 0x00, 0x00, 0x00, 0x00, 0x00, 0x00, 0x00, 0x00,
  0x00, 0x00, 0x00, 0x00, 0x00, 0x00, 0x00, 0x00, 0x00, 0x00, 0x00, 0x00,
  0x00, 0x00, 0x00, 0x00, 0x00, 0x00, 0x00, 0x00, 0x00, 0x00, 0x00, 0x00,
  0x00, 0x00, 0x00, 0x00, 0x00, 0x00, 0x00, 0x00, 0x00, 0x00, 0x00, 0x00,
  0x00, 0x00, 0x00, 0x00, 0x00, 0x00, 0x00, 0x00, 0x00, 0x00, 0x00, 0x00,
  0x00, 0x00, 0x00, 0x00, 0x00, 0x00, 0x00, 0x00, 0x00, 0x00, 0x00, 0x00,
  0x00, 0x00, 0x00, 0x00, 0x00, 0x00, 0x00, 0x00, 0x00, 0x00, 0x00, 0x00,
  0x00, 0x00, 0x00, 0x00, 0x10, 0x00, 0x00, 0x00, 0x6c, 0x0b, 0xc7, 0x3b,
  0x45, 0x60, 0x27, 0x3c, 0xa1, 0xe0, 0xf5, 0x3b, 0xee, 0x19, 0xc3, 0x3b,
  0xe8, 0x91, 0xe4, 0x3b, 0x1d, 0x39, 0x03, 0x3c, 0xb6, 0x74, 0x68, 0x3b,
  0xaa, 0x7a, 0xa1, 0x3b, 0x25, 0xc2, 0xc0, 0x3b, 0x50, 0x99, 0xf6, 0x3b,
  0x2f, 0x65, 0xae, 0x3b, 0x3c, 0xed, 0x7f, 0x3b, 0x76, 0xc1, 0xa5, 0x3b,
  0xd4, 0x5d, 0x19, 0x3c, 0x39, 0x0e, 0xb2, 0x3b, 0xb8, 0x83, 0x97, 0x3b,
  0x13, 0x00, 0x00, 0x00, 0x74, 0x66, 0x6c, 0x2e, 0x70, 0x73, 0x65, 0x75,
  0x64, 0x6f, 0x5f, 0x71, 0x63, 0x6f, 0x6e, 0x73, 0x74, 0x31, 0x35, 0x00,
  0x04, 0x00, 0x00, 0x00, 0x10, 0x00, 0x00, 0x00, 0x01, 0x00, 0x00, 0x00,
  0x01, 0x00, 0x00, 0x00, 0x08, 0x00, 0x00, 0x00, 0x72, 0xeb, 0xff, 0xff,
  0x00, 0x00, 0x00, 0x01, 0x14, 0x00, 0x00, 0x00, 0xe8, 0x00, 0x00, 0x00,
  0x11, 0x00, 0x00, 0x00, 0x00, 0x00, 0x00, 0x02, 0xf4, 0x00, 0x00, 0x00,
  0xec, 0xea, 0xff, 0xff, 0x08, 0x00, 0x00, 0x00, 0x8c, 0x00, 0x00, 0x00,
  0x10, 0x00, 0x00, 0x00, 0x00, 0x00, 0x00, 0x00, 0x00, 0x00, 0x00, 0x00,
  0x00, 0x00, 0x00, 0x00, 0x00, 0x00, 0x00, 0x00, 0x00, 0x00, 0x00, 0x00,
  0x00, 0x00, 0x00, 0x00, 0x00, 0x00, 0x00, 0x00, 0x00, 0x00, 0x00, 0x00,
  0x00, 0x00, 0x00, 0x00, 0x00, 0x00, 0x00, 0x00, 0x00, 0x00, 0x00, 0x00,
  0x00, 0x00, 0x00, 0x00, 0x00, 0x00, 0x00, 0x00, 0x00, 0x00, 0x00, 0x00,
  0x00, 0x00, 0x00, 0x00, 0x00, 0x00, 0x00, 0x00, 0x00, 0x00, 0x00, 0x00,
  0x00, 0x00, 0x00, 0x00, 0x00, 0x00, 0x00, 0x00, 0x00, 0x00, 0x00, 0x00,
  0x00, 0x00, 0x00, 0x00, 0x00, 0x00, 0x00, 0x00, 0x00, 0x00, 0x00, 0x00,
  0x00, 0x00, 0x00, 0x00, 0x00, 0x00, 0x00, 0x00, 0x00, 0x00, 0x00, 0x00,
  0x00, 0x00, 0x00, 0x00, 0x00, 0x00, 0x00, 0x00, 0x00, 0x00, 0x00, 0x00,
  0x00, 0x00, 0x00, 0x00, 0x00, 0x00, 0x00, 0x00, 0x00, 0x00, 0x00, 0x00,
  0x00, 0x00, 0x00, 0x00, 0x10, 0x00, 0x00, 0x00, 0x70, 0xde, 0x15, 0x39,
  0x74, 0x0c, 0x7c, 0x39, 0x9b, 0x21, 0x39, 0x39, 0x59, 0xe6, 0x12, 0x39,
  0x88, 0x19, 0x2c, 0x39, 0x47, 0x9b, 0x45, 0x39, 0x8f, 0x06, 0xaf, 0x38,
  0x2a, 0x2b, 0xf3, 0x38, 0xbf, 0x22, 0x11, 0x39, 0xa9, 0xac, 0x39, 0x39,
  0x33, 0x4f, 0x03, 0x39, 0xa0, 0xb2, 0xc0, 0x38, 0xcd, 0x9b, 0xf9, 0x38,
  0xb2, 0xf3, 0x66, 0x39, 0xbc, 0x10, 0x06, 0x39, 0xbe, 0x29, 0xe4, 0x38,
  0x13, 0x00, 0x00, 0x00, 0x74, 0x66, 0x6c, 0x2e, 0x70, 0x73, 0x65, 0x75,
  0x64, 0x6f, 0x5f, 0x71, 0x63, 0x6f, 0x6e, 0x73, 0x74, 0x31, 0x34, 0x00,
  0x01, 0x00, 0x00, 0x00, 0x10, 0x00, 0x00, 0x00, 0x86, 0xec, 0xff, 0xff,
  0x00, 0x00, 0x00, 0x01, 0x14, 0x00, 0x00, 0x00, 0xec, 0x00, 0x00, 0x00,
  0x10, 0x00, 0x00, 0x00, 0x00, 0x00, 0x00, 0x09, 0xf8, 0x00, 0x00, 0x00,
  0x9a, 0xf5, 0xff, 0xff, 0x03, 0x00, 0x00, 0x00, 0x08, 0x00, 0x00, 0x00,
  0x8c, 0x00, 0x00, 0x00, 0x10, 0x00, 0x00, 0x00, 0x00, 0x00, 0x00, 0x00,
  0x00, 0x00, 0x00, 0x00, 0x00, 0x00, 0x00, 0x00, 0x00, 0x00, 0x00, 0x00,
  0x00, 0x00, 0x00, 0x00, 0x00, 0x00, 0x00, 0x00, 0x00, 0x00, 0x00, 0x00,
  0x00, 0x00, 0x00, 0x00, 0x00, 0x00, 0x00, 0x00, 0x00, 0x00, 0x00, 0x00,
  0x00, 0x00, 0x00, 0x00, 0x00, 0x00, 0x00, 0x00, 0x00, 0x00, 0x00, 0x00,
  0x00, 0x00, 0x00, 0x00, 0x00, 0x00, 0x00, 0x00, 0x00, 0x00, 0x00, 0x00,
  0x00, 0x00, 0x00, 0x00, 0x00, 0x00, 0x00, 0x00, 0x00, 0x00, 0x00, 0x00,
  0x00, 0x00, 0x00, 0x00, 0x00, 0x00, 0x00, 0x00, 0x00, 0x00, 0x00, 0x00,
  0x00, 0x00, 0x00, 0x00, 0x00, 0x00, 0x00, 0x00, 0x00, 0x00, 0x00, 0x00,
  0x00, 0x00, 0x00, 0x00, 0x00, 0x00, 0x00, 0x00, 0x00, 0x00, 0x00, 0x00,
  0x00, 0x00, 0x00, 0x00, 0x00, 0x00, 0x00, 0x00, 0x00, 0x00, 0x00, 0x00,
  0x00, 0x00, 0x00, 0x00, 0x00, 0x00, 0x00, 0x00, 0x10, 0x00, 0x00, 0x00,
  0x98, 0x88, 0xb2, 0x3b, 0xf9, 0xdc, 0x92, 0x3b, 0x4d, 0x1e, 0xf6, 0x3b,
  0x17, 0xd7, 0x78, 0x3c, 0x53, 0xcb, 0xef, 0x3b, 0xbc, 0x00, 0xec, 0x3b,
  0x32, 0x2f, 0x4c, 0x3c, 0x1a, 0x33, 0xdd, 0x3b, 0xa1, 0xd6, 0x62, 0x3c,
  0x2d, 0x77, 0xc3, 0x3b, 0xc5, 0x31, 0x0d, 0x3c, 0x38, 0xba, 0xb9, 0x3b,
  0x78, 0x61, 0x02, 0x3c, 0x3b, 0xe5, 0x1d, 0x3c, 0x47, 0xb0, 0x04, 0x3c,
  0x67, 0xa0, 0x53, 0x3c, 0x13, 0x00, 0x00, 0x00, 0x74, 0x66, 0x6c, 0x2e,
  0x70, 0x73, 0x65, 0x75, 0x64, 0x6f, 0x5f, 0x71, 0x63, 0x6f, 0x6e, 0x73,
  0x74, 0x31, 0x33, 0x00, 0x04, 0x00, 0x00, 0x00, 0x01, 0x00, 0x00, 0x00,
  0x03, 0x00, 0x00, 0x00, 0x03, 0x00, 0x00, 0x00, 0x10, 0x00, 0x00, 0x00,
  0xaa, 0xed, 0xff, 0xff, 0x00, 0x00, 0x00, 0x01, 0x14, 0x00, 0x00, 0x00,
  0xe4, 0x00, 0x00, 0x00, 0x0f, 0x00, 0x00, 0x00, 0x00, 0x00, 0x00, 0x02,
  0xf0, 0x00, 0x00, 0x00, 0x24, 0xed, 0xff, 0xff, 0x08, 0x00, 0x00, 0x00,
  0x88, 0x00, 0x00, 0x00, 0x10, 0x00, 0x00, 0x00, 0x00, 0x00, 0x00, 0x00,
  0x00, 0x00, 0x00, 0x00, 0x00, 0x00, 0x00, 0x00, 0x00, 0x00, 0x00, 0x00,
  0x00, 0x00, 0x00, 0x00, 0x00, 0x00, 0x00, 0x00, 0x00, 0x00, 0x00, 0x00,
  0x00, 0x00, 0x00, 0x00, 0x00, 0x00, 0x00, 0x00, 0x00, 0x00, 0x00, 0x00,
  0x00, 0x00, 0x00, 0x00, 0x00, 0x00, 0x00, 0x00, 0x00, 0x00, 0x00, 0x00,
  0x00, 0x00, 0x00, 0x00, 0x00, 0x00, 0x00, 0x00, 0x00, 0x00, 0x00, 0x00,
  0x00, 0x00, 0x00, 0x00, 0x00, 0x00, 0x00, 0x00, 0x00, 0x00, 0x00, 0x00,
  0x00, 0x00, 0x00, 0x00, 0x00, 0x00, 0x00, 0x00, 0x00, 0x00, 0x00, 0x00,
  0x00, 0x00, 0x00, 0x00, 0x00, 0x00, 0x00, 0x00, 0x00, 0x00, 0x00, 0x00,
  0x00, 0x00, 0x00, 0x00, 0x00, 0x00, 0x00, 0x00, 0x00, 0x00, 0x00, 0x00,
  0x00, 0x00, 0x00, 0x00, 0x00, 0x00, 0x00, 0x00, 0x00, 0x00, 0x00, 0x00,
  0x00, 0x00, 0x00, 0x00, 0x10, 0x00, 0x00, 0x00, 0xdf, 0x6c, 0x06, 0x39,
  0x9e, 0x28, 0xdd, 0x38, 0x0a, 0x50, 0x39, 0x39, 0xae, 0x5c, 0xbb, 0x39,
  0x0c, 0x8d, 0x34, 0x39, 0x3f, 0xb2, 0x31, 0x39, 0x23, 0xbd, 0x99, 0x39,
  0xe1, 0x8c, 0x26, 0x39, 0xc5, 0xcb, 0xaa, 0x39, 0x8e, 0x2c, 0x13, 0x39,
  0x47, 0x9f, 0x54, 0x39, 0x82, 0xd7, 0x0b, 0x39, 0x8b, 0x56, 0x44, 0x39,
  0x9e, 0xc5, 0x6d, 0x39, 0x3b, 0xd0, 0x47, 0x39, 0xa5, 0x57, 0x9f, 0x39,
  0x13, 0x00, 0x00, 0x00, 0x74, 0x66, 0x6c, 0x2e, 0x70, 0x73, 0x65, 0x75,
  0x64, 0x6f, 0x5f, 0x71, 0x63, 0x6f, 0x6e, 0x73, 0x74, 0x31, 0x32, 0x00,
  0x01, 0x00, 0x00, 0x00, 0x10, 0x00, 0x00, 0x00, 0xba, 0xee, 0xff, 0xff,
  0x00, 0x00, 0x00, 0x01, 0x14, 0x00, 0x00, 0x00, 0xe8, 0x00, 0x00, 0x00,
  0x0e, 0x00, 0x00, 0x00, 0x00, 0x00, 0x00, 0x09, 0xf4, 0x00, 0x00, 0x00,
  0x34, 0xee, 0xff, 0xff, 0x08, 0x00, 0x00, 0x00, 0x8c, 0x00, 0x00, 0x00,
  0x10, 0x00, 0x00, 0x00, 0x00, 0x00, 0x00, 0x00, 0x00, 0x00, 0x00, 0x00,
  0x00, 0x00, 0x00, 0x00, 0x00, 0x00, 0x00, 0x00, 0x00, 0x00, 0x00, 0x00,
  0x00, 0x00, 0x00, 0x00, 0x00, 0x00, 0x00, 0x00, 0x00, 0x00, 0x00, 0x00,
  0x00, 0x00, 0x00, 0x00, 0x00, 0x00, 0x00, 0x00, 0x00, 0x00, 0x00, 0x00,
  0x00, 0x00, 0x00, 0x00, 0x00, 0x00, 0x00, 0x00, 0x00, 0x00, 0x00, 0x00,
  0x00, 0x00, 0x00, 0x00, 0x00, 0x00, 0x00, 0x00, 0x00, 0x00, 0x00, 0x00,
  0x00, 0x00, 0x00, 0x00, 0x00, 0x00, 0x00, 0x00, 0x00, 0x00, 0x00, 0x00,
  0x00, 0x00, 0x00, 0x00, 0x00, 0x00, 0x00, 0x00, 0x00, 0x00, 0x00, 0x00,
  0x00, 0x00, 0x00, 0x00, 0x00, 0x00, 0x00, 0x00, 0x00, 0x00, 0x00, 0x00,
  0x00, 0x00, 0x00, 0x00, 0x00, 0x00, 0x00, 0x00, 0x00, 0x00, 0x00, 0x00,
  0x00, 0x00, 0x00, 0x00, 0x00, 0x00, 0x00, 0x00, 0x00, 0x00, 0x00, 0x00,
  0x00, 0x00, 0x00, 0x00, 0x10, 0x00, 0x00, 0x00, 0x2a, 0x04, 0x0d, 0x3b,
  0x4e, 0xbc, 0x56, 0x3b, 0x5e, 0x6a, 0xc2, 0x3b, 0x53, 0x2e, 0xc6, 0x3b,
  0xaf, 0xcd, 0xef, 0x3b, 0x9d, 0x69, 0x9a, 0x3b, 0x9c, 0x8e, 0xb2, 0x3b,
  0x65, 0xa8, 0xd8, 0x3b, 0x5f, 0x2f, 0x7b, 0x3b, 0xd2, 0x25, 0xde, 0x3b,
  0xd7, 0x4e, 0xd4, 0x3b, 0x92, 0xa7, 0x51, 0x3b, 0x69, 0x7a, 0x81, 0x3b,
  0xfd, 0x91, 0x0a, 0x3c, 0x99, 0x8d, 0xb0, 0x3b, 0x83, 0x06, 0xec, 0x3a,
  0x13, 0x00, 0x00, 0x00, 0x74, 0x66, 0x6c, 0x2e, 0x70, 0x73, 0x65, 0x75,
  0x64, 0x6f, 0x5f, 0x71, 0x63, 0x6f, 0x6e, 0x73, 0x74, 0x31, 0x31, 0x00,
  0x04, 0x00, 0x00, 0x00, 0x10, 0x00, 0x00, 0x00, 0x01, 0x00, 0x00, 0x00,
  0x01, 0x00, 0x00, 0x00, 0x10, 0x00, 0x00, 0x00, 0xda, 0xef, 0xff, 0xff,
  0x00, 0x00, 0x00, 0x01, 0x14, 0x00, 0x00, 0x00, 0xe8, 0x00, 0x00, 0x00,
  0x0d, 0x00, 0x00, 0x00, 0x00, 0x00, 0x00, 0x02, 0xf4, 0x00, 0x00, 0x00,
  0x54, 0xef, 0xff, 0xff, 0x08, 0x00, 0x00, 0x00, 0x8c, 0x00, 0x00, 0x00,
  0x10, 0x00, 0x00, 0x00, 0x00, 0x00, 0x00, 0x00, 0x00, 0x00, 0x00, 0x00,
  0x00, 0x00, 0x00, 0x00, 0x00, 0x00, 0x00, 0x00, 0x00, 0x00, 0x00, 0x00,
  0x00, 0x00, 0x00, 0x00, 0x00, 0x00, 0x00, 0x00, 0x00, 0x00, 0x00, 0x00,
  0x00, 0x00, 0x00, 0x00, 0x00, 0x00, 0x00, 0x00, 0x00, 0x00, 0x00, 0x00,
  0x00, 0x00, 0x00, 0x00, 0x00, 0x00, 0x00, 0x00, 0x00, 0x00, 0x00, 0x00,
  0x00, 0x00, 0x00, 0x00, 0x00, 0x00, 0x00, 0x00, 0x00, 0x00, 0x00, 0x00,
  0x00, 0x00, 0x00, 0x00, 0x00, 0x00, 0x00, 0x00, 0x00, 0x00, 0x00, 0x00,
  0x00, 0x00, 0x00, 0x00, 0x00, 0x00, 0x00, 0x00, 0x00, 0x00, 0x00, 0x00,
  0x00, 0x00, 0x00, 0x00, 0x00, 0x00, 0x00, 0x00, 0x00, 0x00, 0x00, 0x00,
  0x00, 0x00, 0x00, 0x00, 0x00, 0x00, 0x00, 0x00, 0x00, 0x00, 0x00, 0x00,
  0x00, 0x00, 0x00, 0x00, 0x00, 0x00, 0x00, 0x00, 0x00, 0x00, 0x00, 0x00,
  0x00, 0x00, 0x00, 0x00, 0x10, 0x00, 0x00, 0x00, 0x9a, 0x5a, 0x54, 0x38,
  0xea, 0xae, 0xa1, 0x38, 0x29, 0x62, 0x12, 0x39, 0xf6, 0x37, 0x15, 0x39,
  0xd2, 0x8e, 0x34, 0x39, 0xf3, 0x86, 0xe8, 0x38, 0x67, 0x71, 0x06, 0x39,
  0x6d, 0x21, 0x23, 0x39, 0xa8, 0x20, 0xbd, 0x38, 0xa1, 0x43, 0x27, 0x39,
  0xfc, 0xda, 0x1f, 0x39, 0x89, 0xdb, 0x9d, 0x38, 0x98, 0xfa, 0xc2, 0x38,
  0xa7, 0xab, 0x50, 0x39, 0x22, 0xef, 0x04, 0x39, 0x99, 0xb6, 0x31, 0x38,
  0x13, 0x00, 0x00, 0x00, 0x74, 0x66, 0x6c, 0x2e, 0x70, 0x73, 0x65, 0x75,
  0x64, 0x6f, 0x5f, 0x71, 0x63, 0x6f, 0x6e, 0x73, 0x74, 0x31, 0x30, 0x00,
  0x01, 0x00, 0x00, 0x00, 0x10, 0x00, 0x00, 0x00, 0xee, 0xf0, 0xff, 0xff,
  0x00, 0x00, 0x00, 0x01, 0x14, 0x00, 0x00, 0x00, 0xec, 0x00, 0x00, 0x00,
  0x0c, 0x00, 0x00, 0x00, 0x00, 0x00, 0x00, 0x09, 0xf8, 0x00, 0x00, 0x00,
  0x02, 0xfa, 0xff, 0xff, 0x03, 0x00, 0x00, 0x00, 0x08, 0x00, 0x00, 0x00,
  0x8c, 0x00, 0x00, 0x00, 0x10, 0x00, 0x00, 0x00, 0x00, 0x00, 0x00, 0x00,
  0x00, 0x00, 0x00, 0x00, 0x00, 0x00, 0x00, 0x00, 0x00, 0x00, 0x00, 0x00,
  0x00, 0x00, 0x00, 0x00, 0x00, 0x00, 0x00, 0x00, 0x00, 0x00, 0x00, 0x00,
  0x00, 0x00, 0x00, 0x00, 0x00, 0x00, 0x00, 0x00, 0x00, 0x00, 0x00, 0x00,
  0x00, 0x00, 0x00, 0x00, 0x00, 0x00, 0x00, 0x00, 0x00, 0x00, 0x00, 0x00,
  0x00, 0x00, 0x00, 0x00, 0x00, 0x00, 0x00, 0x00, 0x00, 0x00, 0x00, 0x00,
  0x00, 0x00, 0x00, 0x00, 0x00, 0x00, 0x00, 0x00, 0x00, 0x00, 0x00, 0x00,
  0x00, 0x00, 0x00, 0x00, 0x00, 0x00, 0x00, 0x00, 0x00, 0x00, 0x00, 0x00,
  0x00, 0x00, 0x00, 0x00, 0x00, 0x00, 0x00, 0x00, 0x00, 0x00, 0x00, 0x00,
  0x00, 0x00, 0x00, 0x00, 0x00, 0x00, 0x00, 0x00, 0x00, 0x00, 0x00, 0x00,
  0x00, 0x00, 0x00, 0x00, 0x00, 0x00, 0x00, 0x00, 0x00, 0x00, 0x00, 0x00,
  0x00, 0x00, 0x00, 0x00, 0x00, 0x00, 0x00, 0x00, 0x10, 0x00, 0x00, 0x00,
  0xc2, 0xab, 0x0b, 0x3c, 0xac, 0xe5, 0x22, 0x3c, 0xef, 0xb2, 0x96, 0x3b,
  0x96, 0x01, 0xa5, 0x3b, 0xfd, 0x4e, 0xbe, 0x3b, 0x49, 0x8c, 0x05, 0x3c,
  0xe8, 0xdb, 0xb7, 0x3b, 0xe3, 0x4d, 0x7b, 0x3b, 0xec, 0x4b, 0x92, 0x3b,
  0x13, 0xa4, 0x12, 0x3c, 0x5e, 0xfc, 0x8f, 0x3b, 0x0f, 0x57, 0xdc, 0x3b,
  0x77, 0xcc, 0xf1, 0x3b, 0x88, 0x05, 0x4f, 0x3b, 0x08, 0x7e, 0xc3, 0x3b,
  0x07, 0xec, 0x57, 0x3c, 0x12, 0x00, 0x00, 0x00, 0x74, 0x66, 0x6c, 0x2e,
  0x70, 0x73, 0x65, 0x75, 0x64, 0x6f, 0x5f, 0x71, 0x63, 0x6f, 0x6e, 0x73,
  0x74, 0x39, 0x00, 0x00, 0x04, 0x00, 0x00, 0x00, 0x01, 0x00, 0x00, 0x00,
  0x03, 0x00, 0x00, 0x00, 0x03, 0x00, 0x00, 0x00, 0x10, 0x00, 0x00, 0x00,
  0x12, 0xf2, 0xff, 0xff, 0x00, 0x00, 0x00, 0x01, 0x14, 0x00, 0x00, 0x00,
  0xe4, 0x00, 0x00, 0x00, 0x0b, 0x00, 0x00, 0x00, 0x00, 0x00, 0x00, 0x02,
  0xf0, 0x00, 0x00, 0x00, 0x8c, 0xf1, 0xff, 0xff, 0x08, 0x00, 0x00, 0x00,
  0x88, 0x00, 0x00, 0x00, 0x10, 0x00, 0x00, 0x00, 0x00, 0x00, 0x00, 0x00,
  0x00, 0x00, 0x00, 0x00, 0x00, 0x00, 0x00, 0x00, 0x00, 0x00, 0x00, 0x00,
  0x00, 0x00, 0x00, 0x00, 0x00, 0x00, 0x00, 0x00, 0x00, 0x00, 0x00, 0x00,
  0x00, 0x00, 0x00, 0x00, 0x00, 0x00, 0x00, 0x00, 0x00, 0x00, 0x00, 0x00,
  0x00, 0x00, 0x00, 0x00, 0x00, 0x00, 0x00, 0x00, 0x00, 0x00, 0x00, 0x00,
  0x00, 0x00, 0x00, 0x00, 0x00, 0x00, 0x00, 0x00, 0x00, 0x00, 0x00, 0x00,
  0x00, 0x00, 0x00, 0x00, 0x00, 0x00, 0x00, 0x00, 0x00, 0x00, 0x00, 0x00,
  0x00, 0x00, 0x00, 0x00, 0x00, 0x00, 0x00, 0x00, 0x00, 0x00, 0x00, 0x00,
  0x00, 0x00, 0x00, 0x00, 0x00, 0x00, 0x00, 0x00, 0x00, 0x00, 0x00, 0x00,
  0x00, 0x00, 0x00, 0x00, 0x00, 0x00, 0x00, 0x00, 0x00, 0x00, 0x00, 0x00,
  0x00, 0x00, 0x00, 0x00, 0x00, 0x00, 0x00, 0x00, 0x00, 0x00, 0x00, 0x00,
  0x00, 0x00, 0x00, 0x00, 0x10, 0x00, 0x00, 0x00, 0x68, 0x50, 0x3d, 0x39,
  0xac, 0xcb, 0x5c, 0x39, 0x05, 0x43, 0xcc, 0x38, 0x7d, 0xa7, 0xdf, 0x38,
  0x93, 0xf9, 0x00, 0x39, 0xcf, 0x03, 0x35, 0x39, 0x39, 0x35, 0xf9, 0x38,
  0x05, 0x50, 0xaa, 0x38, 0x70, 0x4b, 0xc6, 0x38, 0xec, 0xc2, 0x46, 0x39,
  0xa0, 0x29, 0xc3, 0x38, 0xe5, 0x53, 0x15, 0x39, 0xdb, 0xde, 0x23, 0x39,
  0x35, 0x4d, 0x8c, 0x38, 0xee, 0x7c, 0x04, 0x39, 0x60, 0x55, 0x92, 0x39,
  0x12, 0x00, 0x00, 0x00, 0x74, 0x66, 0x6c, 0x2e, 0x70, 0x73, 0x65, 0x75,
  0x64, 0x6f, 0x5f, 0x71, 0x63, 0x6f, 0x6e, 0x73, 0x74, 0x38, 0x00, 0x00,
  0x01, 0x00, 0x00, 0x00, 0x10, 0x00, 0x00, 0x00, 0x22, 0xf3, 0xff, 0xff,
  0x00, 0x00, 0x00, 0x01, 0x14, 0x00, 0x00, 0x00, 0xa8, 0x01, 0x00, 0x00,
  0x0a, 0x00, 0x00, 0x00, 0x00, 0x00, 0x00, 0x09, 0xb4, 0x01, 0x00, 0x00,
  0x9c, 0xf2, 0xff, 0xff, 0x08, 0x00, 0x00, 0x00, 0x0c, 0x01, 0x00, 0x00,
  0x20, 0x00, 0x00, 0x00, 0x00, 0x00, 0x00, 0x00, 0x00, 0x00, 0x00, 0x00,
  0x00, 0x00, 0x00, 0x00, 0x00, 0x00, 0x00, 0x00, 0x00, 0x00, 0x00, 0x00,
  0x00, 0x00, 0x00, 0x00, 0x00, 0x00, 0x00, 0x00, 0x00, 0x00, 0x00, 0x00,
  0x00, 0x00, 0x00, 0x00, 0x00, 0x00, 0x00, 0x00, 0x00, 0x00, 0x00, 0x00,
  0x00, 0x00, 0x00, 0x00, 0x00, 0x00, 0x00, 0x00, 0x00, 0x00, 0x00, 0x00,
  0x00, 0x00, 0x00, 0x00, 0x00, 0x00, 0x00, 0x00, 0x00, 0x00, 0x00, 0x00,
  0x00, 0x00, 0x00, 0x00, 0x00, 0x00, 0x00, 0x00, 0x00, 0x00, 0x00, 0x00,
  0x00, 0x00, 0x00, 0x00, 0x00, 0x00, 0x00, 0x00, 0x00, 0x00, 0x00, 0x00,
  0x00, 0x00, 0x00, 0x00, 0x00, 0x00, 0x00, 0x00, 0x00, 0x00, 0x00, 0x00,
  0x00, 0x00, 0x00, 0x00, 0x00, 0x00, 0x00, 0x00, 0x00, 0x00, 0x00, 0x00,
  0x00, 0x00, 0x00, 0x00, 0x00, 0x00, 0x00, 0x00, 0x00, 0x00, 0x00, 0x00,
  0x00, 0x00, 0x00, 0x00, 0x00, 0x00, 0x00, 0x00, 0x00, 0x00, 0x00, 0x00,
  0x00, 0x00, 0x00, 0x00, 0x00, 0x00, 0x00, 0x00, 0x00, 0x00, 0x00, 0x00,
  0x00, 0x00, 0x00, 0x00, 0x00, 0x00, 0x00, 0x00, 0x00, 0x00, 0x00, 0x00,
  0x00, 0x00, 0x00, 0x00, 0x00, 0x00, 0x00, 0x00, 0x00, 0x00, 0x00, 0x00,
  0x00, 0x00, 0x00, 0x00, 0x00, 0x00, 0x00, 0x00, 0x00, 0x00, 0x00, 0x00,
  0x00, 0x00, 0x00, 0x00, 0x00, 0x00, 0x00, 0x00, 0x00, 0x00, 0x00, 0x00,
  0x00, 0x00, 0x00, 0x00, 0x00, 0x00, 0x00, 0x00, 0x00, 0x00, 0x00, 0x00,
  0x00, 0x00, 0x00, 0x00, 0x00, 0x00, 0x00, 0x00, 0x00, 0x00, 0x00, 0x00,
  0x00, 0x00, 0x00, 0x00, 0x00, 0x00, 0x00, 0x00, 0x00, 0x00, 0x00, 0x00,
  0x00, 0x00, 0x00, 0x00, 0x00, 0x00, 0x00, 0x00, 0x00, 0x00, 0x00, 0x00,
  0x00, 0x00, 0x00, 0x00, 0x00, 0x00, 0x00, 0x00, 0x00, 0x00, 0x00, 0x00,
  0x20, 0x00, 0x00, 0x00, 0x5a, 0x88, 0x48, 0x3b, 0x98, 0xee, 0x43, 0x3b,
  0x0f, 0xd5, 0x2e, 0x3b, 0xe4, 0x79, 0x1c, 0x3b, 0x14, 0x31, 0x00, 0x3b,
  0xad, 0x23, 0x4f, 0x3b, 0x10, 0x6e, 0x78, 0x3b, 0x3f, 0xaf, 0x81, 0x3b,
  0xad, 0xcd, 0xbb, 0x3b, 0xae, 0xee, 0xe2, 0x3b, 0x28, 0xda, 0x85, 0x3b,
  0xc4, 0x40, 0x82, 0x3b, 0x63, 0x2e, 0x53, 0x3b, 0x29, 0x89, 0x87, 0x3b,
  0x07, 0x39, 0x52, 0x3b, 0xd7, 0x65, 0x70, 0x3b, 0xcb, 0xe7, 0xc1, 0x3b,
  0x0a, 0x6e, 0xcf, 0x3b, 0xc9, 0x3f, 0x5d, 0x3b, 0x2d, 0x2f, 0xb0, 0x3b,
  0x50, 0x9a, 0x20, 0x3b, 0x8f, 0xdf, 0x59, 0x3b, 0x47, 0x39, 0x69, 0x3b,
  0x14, 0x7c, 0x81, 0x3b, 0x4f, 0xfd, 0x65, 0x3b, 0x82, 0xd0, 0xce, 0x3b,
  0x3b, 0x1a, 0x81, 0x3b, 0x7b, 0xcc, 0xa4, 0x3b, 0x53, 0x1c, 0x3e, 0x3b,
  0xaa, 0xe8, 0xb3, 0x3b, 0xf2, 0xc4, 0x1e, 0x3b, 0x1b, 0x8e, 0x6c, 0x3b,
  0x12, 0x00, 0x00, 0x00, 0x74, 0x66, 0x6c, 0x2e, 0x70, 0x73, 0x65, 0x75,
  0x64, 0x6f, 0x5f, 0x71, 0x63, 0x6f, 0x6e, 0x73, 0x74, 0x37, 0x00, 0x00,
  0x04, 0x00, 0x00, 0x00, 0x20, 0x00, 0x00, 0x00, 0x01, 0x00, 0x00, 0x00,
  0x01, 0x00, 0x00, 0x00, 0x10, 0x00, 0x00, 0x00, 0x02, 0xf5, 0xff, 0xff,
  0x00, 0x00, 0x00, 0x01, 0x14, 0x00, 0x00, 0x00, 0xa4, 0x01, 0x00, 0x00,
  0x09, 0x00, 0x00, 0x00, 0x00, 0x00, 0x00, 0x02, 0xb0, 0x01, 0x00, 0x00,
  0x7c, 0xf4, 0xff, 0xff, 0x08, 0x00, 0x00, 0x00, 0x08, 0x01, 0x00, 0x00,
  0x20, 0x00, 0x00, 0x00, 0x00, 0x00, 0x00, 0x00, 0x00, 0x00, 0x00, 0x00,
  0x00, 0x00, 0x00, 0x00, 0x00, 0x00, 0x00, 0x00, 0x00, 0x00, 0x00, 0x00,
  0x00, 0x00, 0x00, 0x00, 0x00, 0x00, 0x00, 0x00, 0x00, 0x00, 0x00, 0x00,
  0x00, 0x00, 0x00, 0x00, 0x00, 0x00, 0x00, 0x00, 0x00, 0x00, 0x00, 0x00,
  0x00, 0x00, 0x00, 0x00, 0x00, 0x00, 0x00, 0x00, 0x00, 0x00, 0x00, 0x00,
  0x00, 0x00, 0x00, 0x00, 0x00, 0x00, 0x00, 0x00, 0x00, 0x00, 0x00, 0x00,
  0x00, 0x00, 0x00, 0x00, 0x00, 0x00, 0x00, 0x00, 0x00, 0x00, 0x00, 0x00,
  0x00, 0x00, 0x00, 0x00, 0x00, 0x00, 0x00, 0x00, 0x00, 0x00, 0x00, 0x00,
  0x00, 0x00, 0x00, 0x00, 0x00, 0x00, 0x00, 0x00, 0x00, 0x00, 0x00, 0x00,
  0x00, 0x00, 0x00, 0x00, 0x00, 0x00, 0x00, 0x00, 0x00, 0x00, 0x00, 0x00,
  0x00, 0x00, 0x00, 0x00, 0x00, 0x00, 0x00, 0x00, 0x00, 0x00, 0x00, 0x00,
  0x00, 0x00, 0x00, 0x00, 0x00, 0x00, 0x00, 0x00, 0x00, 0x00, 0x00, 0x00,
  0x00, 0x00, 0x00, 0x00, 0x00, 0x00, 0x00, 0x00, 0x00, 0x00, 0x00, 0x00,
  0x00, 0x00, 0x00, 0x00, 0x00, 0x00, 0x00, 0x00, 0x00, 0x00, 0x00, 0x00,
  0x00, 0x00, 0x00, 0x00, 0x00, 0x00, 0x00, 0x00, 0x00, 0x00, 0x00, 0x00,
  0x00, 0x00, 0x00, 0x00, 0x00, 0x00, 0x00, 0x00, 0x00, 0x00, 0x00, 0x00,
  0x00, 0x00, 0x00, 0x00, 0x00, 0x00, 0x00, 0x00, 0x00, 0x00, 0x00, 0x00,
  0x00, 0x00, 0x00, 0x00, 0x00, 0x00, 0x00, 0x00, 0x00, 0x00, 0x00, 0x00,
  0x00, 0x00, 0x00, 0x00, 0x00, 0x00, 0x00, 0x00, 0x00, 0x00, 0x00, 0x00,
  0x00, 0x00, 0x00, 0x00, 0x00, 0x00, 0x00, 0x00, 0x00, 0x00, 0x00, 0x00,
  0x00, 0x00, 0x00, 0x00, 0x00, 0x00, 0x00, 0x00, 0x00, 0x00, 0x00, 0x00,
  0x00, 0x00, 0x00, 0x00, 0x00, 0x00, 0x00, 0x00, 0x20, 0x00, 0x00, 0x00,
  0x41, 0xfd, 0x96, 0x38, 0x79, 0x86, 0x93, 0x38, 0x6f, 0xa3, 0x83, 0x38,
  0x79, 0xa2, 0x6b, 0x38, 0xa9, 0x0a, 0x41, 0x38, 0xb9, 0xf6, 0x9b, 0x38,
  0x9a, 0x0d, 0xbb, 0x38, 0x29, 0x4a, 0xc3, 0x38, 0xaa, 0x67, 0x0d, 0x39,
  0xe1, 0xdd, 0x2a, 0x39, 0xcd, 0x90, 0xc9, 0x38, 0x4c, 0x25, 0xc4, 0x38,
  0xcc, 0x01, 0x9f, 0x38, 0xd8, 0x19, 0xcc, 0x38, 0x0f, 0x49, 0x9e, 0x38,
  0x63, 0x01, 0xb5, 0x38, 0xd8, 0xff, 0x11, 0x39, 0xb6, 0x2e, 0x1c, 0x39,
  0x6d, 0x96, 0xa6, 0x38, 0x0a, 0xa8, 0x04, 0x39, 0x52, 0xd9, 0x71, 0x38,
  0xb7, 0x0b, 0xa4, 0x38, 0x90, 0x9a, 0xaf, 0x38, 0x1b, 0xfd, 0xc2, 0x38,
  0x27, 0x2b, 0xad, 0x38, 0x1a, 0xb8, 0x1b, 0x39, 0xc3, 0x69, 0xc2, 0x38,
  0xe4, 0x2a, 0xf8, 0x38, 0x63, 0x24, 0x8f, 0x38, 0xf6, 0x75, 0x07, 0x39,
  0x82, 0x16, 0x6f, 0x38, 0xb1, 0x1c, 0xb2, 0x38, 0x12, 0x00, 0x00, 0x00,
  0x74, 0x66, 0x6c, 0x2e, 0x70, 0x73, 0x65, 0x75, 0x64, 0x6f, 0x5f, 0x71,
  0x63, 0x6f, 0x6e, 0x73, 0x74, 0x36, 0x00, 0x00, 0x01, 0x00, 0x00, 0x00,
  0x20, 0x00, 0x00, 0x00, 0x00, 0x00, 0x16, 0x00, 0x1e, 0x00, 0x18, 0x00,
  0x17, 0x00, 0x10, 0x00, 0x0c, 0x00, 0x08, 0x00, 0x00, 0x00, 0x00, 0x00,
  0x00, 0x00, 0x07, 0x00, 0x16, 0x00, 0x00, 0x00, 0x00, 0x00, 0x00, 0x01,
  0x28, 0x00, 0x00, 0x00, 0xc0, 0x01, 0x00, 0x00, 0x08, 0x00, 0x00, 0x00,
  0x00, 0x00, 0x00, 0x09, 0xcc, 0x01, 0x00, 0x00, 0x00, 0x00, 0x12, 0x00,
  0x10, 0x00, 0x00, 0x00, 0x00, 0x00, 0x0c, 0x00, 0x08, 0x00, 0x00, 0x00,
  0x00, 0x00, 0x04, 0x00, 0x12, 0x00, 0x00, 0x00, 0x03, 0x00, 0x00, 0x00,
  0x08, 0x00, 0x00, 0x00, 0x0c, 0x01, 0x00, 0x00, 0x20, 0x00, 0x00, 0x00,
  0x00, 0x00, 0x00, 0x00, 0x00, 0x00, 0x00, 0x00, 0x00, 0x00, 0x00, 0x00,
  0x00, 0x00, 0x00, 0x00, 0x00, 0x00, 0x00, 0x00, 0x00, 0x00, 0x00, 0x00,
  0x00, 0x00, 0x00, 0x00, 0x00, 0x00, 0x00, 0x00, 0x00, 0x00, 0x00, 0x00,
  0x00, 0x00, 0x00, 0x00, 0x00, 0x00, 0x00, 0x00, 0x00, 0x00, 0x00, 0x00,
  0x00, 0x00, 0x00, 0x00, 0x00, 0x00, 0x00, 0x00, 0x00, 0x00, 0x00, 0x00,
  0x00, 0x00, 0x00, 0x00, 0x00, 0x00, 0x00, 0x00, 0x00, 0x00, 0x00, 0x00,
  0x00, 0x00, 0x00, 0x00, 0x00, 0x00, 0x00, 0x00, 0x00, 0x00, 0x00, 0x00,
  0x00, 0x00, 0x00, 0x00, 0x00, 0x00, 0x00, 0x00, 0x00, 0x00, 0x00, 0x00,
  0x00, 0x00, 0x00, 0x00, 0x00, 0x00, 0x00, 0x00, 0x00, 0x00, 0x00, 0x00,
  0x00, 0x00, 0x00, 0x00, 0x00, 0x00, 0x00, 0x00, 0x00, 0x00, 0x00, 0x00,
  0x00, 0x00, 0x00, 0x00, 0x00, 0x00, 0x00, 0x00, 0x00, 0x00, 0x00, 0x00,
  0x00, 0x00, 0x00, 0x00, 0x00, 0x00, 0x00, 0x00, 0x00, 0x00, 0x00, 0x00,
  0x00, 0x00, 0x00, 0x00, 0x00, 0x00, 0x00, 0x00, 0x00, 0x00, 0x00, 0x00,
  0x00, 0x00, 0x00, 0x00, 0x00, 0x00, 0x00, 0x00, 0x00, 0x00, 0x00, 0x00,
  0x00, 0x00, 0x00, 0x00, 0x00, 0x00, 0x00, 0x00, 0x00, 0x00, 0x00, 0x00,
  0x00, 0x00, 0x00, 0x00, 0x00, 0x00, 0x00, 0x00, 0x00, 0x00, 0x00, 0x00,
  0x00, 0x00, 0x00, 0x00, 0x00, 0x00, 0x00, 0x00, 0x00, 0x00, 0x00, 0x00,
  0x00, 0x00, 0x00, 0x00, 0x00, 0x00, 0x00, 0x00, 0x00, 0x00, 0x00, 0x00,
  0x00, 0x00, 0x00, 0x00, 0x00, 0x00, 0x00, 0x00, 0x00, 0x00, 0x00, 0x00,
  0x00, 0x00, 0x00, 0x00, 0x00, 0x00, 0x00, 0x00, 0x00, 0x00, 0x00, 0x00,
  0x00, 0x00, 0x00, 0x00, 0x00, 0x00, 0x00, 0x00, 0x00, 0x00, 0x00, 0x00,
  0x00, 0x00, 0x00, 0x00, 0x00, 0x00, 0x00, 0x00, 0x20, 0x00, 0x00, 0x00,
  0x8c, 0xce, 0xf8, 0x3b, 0xbe, 0xc4, 0x00, 0x3c, 0x3c, 0x22, 0xca, 0x3c,
  0xbf, 0xd1, 0x54, 0x3c, 0x5e, 0xe0, 0x08, 0x3c, 0x61, 0xb1, 0xd6, 0x3b,
  0x90, 0x78, 0xf3, 0x3b, 0xe0, 0x46, 0x09, 0x3c, 0xef, 0xd4, 0x52, 0x3c,
  0x5b, 0x3d, 0xc1, 0x3b, 0x1d, 0x29, 0xf3, 0x3b, 0x77, 0x00, 0xc7, 0x3b,
  0x64, 0x76, 0x0c, 0x3c, 0xca, 0x88, 0xf1, 0x3b, 0x3c, 0xc8, 0x2e, 0x3c,
  0xdb, 0xdb, 0xec, 0x3b, 0x5b, 0x8c, 0xd3, 0x3b, 0xc5, 0xe1, 0xad, 0x3b,
  0xf6, 0xb1, 0x74, 0x3c, 0x6a, 0x08, 0x62, 0x3b, 0x9f, 0x6e, 0x80, 0x3c,
  0x8d, 0xf1, 0x17, 0x3c, 0x14, 0xf6, 0x8c, 0x3c, 0x85, 0xb2, 0xcd, 0x3b,
  0xe5, 0xc9, 0xa3, 0x3c, 0x75, 0x7b, 0x84, 0x3b, 0xfd, 0x40, 0xd1, 0x3b,
  0xb4, 0x8d, 0xbd, 0x3b, 0x3d, 0xf5, 0x85, 0x3c, 0x7b, 0x35, 0x13, 0x3c,
  0x80, 0x00, 0x03, 0x3c, 0x6f, 0xfe, 0xce, 0x3b, 0x12, 0x00, 0x00, 0x00,
  0x74, 0x66, 0x6c, 0x2e, 0x70, 0x73, 0x65, 0x75, 0x64, 0x6f, 0x5f, 0x71,
  0x63, 0x6f, 0x6e, 0x73, 0x74, 0x35, 0x00, 0x00, 0x04, 0x00, 0x00, 0x00,
  0x01, 0x00, 0x00, 0x00, 0x03, 0x00, 0x00, 0x00, 0x03, 0x00, 0x00, 0x00,
  0x20, 0x00, 0x00, 0x00, 0xe2, 0xf8, 0xff, 0xff, 0x00, 0x00, 0x00, 0x01,
  0x14, 0x00, 0x00, 0x00, 0xa4, 0x01, 0x00, 0x00, 0x07, 0x00, 0x00, 0x00,
  0x00, 0x00, 0x00, 0x02, 0xb0, 0x01, 0x00, 0x00, 0x5c, 0xf8, 0xff, 0xff,
  0x08, 0x00, 0x00, 0x00, 0x08, 0x01, 0x00, 0x00, 0x20, 0x00, 0x00, 0x00,
  0x00, 0x00, 0x00, 0x00, 0x00, 0x00, 0x00, 0x00, 0x00, 0x00, 0x00, 0x00,
  0x00, 0x00, 0x00, 0x00, 0x00, 0x00, 0x00, 0x00, 0x00, 0x00, 0x00, 0x00,
  0x00, 0x00, 0x00, 0x00, 0x00, 0x00, 0x00, 0x00, 0x00, 0x00, 0x00, 0x00,
  0x00, 0x00, 0x00, 0x00, 0x00, 0x00, 0x00, 0x00, 0x00, 0x00, 0x00, 0x00,
  0x00, 0x00, 0x00, 0x00, 0x00, 0x00, 0x00, 0x00, 0x00, 0x00, 0x00, 0x00,
  0x00, 0x00, 0x00, 0x00, 0x00, 0x00, 0x00, 0x00, 0x00, 0x00, 0x00, 0x00,
  0x00, 0x00, 0x00, 0x00, 0x00, 0x00, 0x00, 0x00, 0x00, 0x00, 0x00, 0x00,
  0x00, 0x00, 0x00, 0x00, 0x00, 0x00, 0x00, 0x00, 0x00, 0x00, 0x00, 0x00,
  0x00, 0x00, 0x00, 0x00, 0x00, 0x00, 0x00, 0x00, 0x00, 0x00, 0x00, 0x00,
  0x00, 0x00, 0x00, 0x00, 0x00, 0x00, 0x00, 0x00, 0x00, 0x00, 0x00, 0x00,
  0x00, 0x00, 0x00, 0x00, 0x00, 0x00, 0x00, 0x00, 0x00, 0x00, 0x00, 0x00,
  0x00, 0x00, 0x00, 0x00, 0x00, 0x00, 0x00, 0x00, 0x00, 0x00, 0x00, 0x00,
  0x00, 0x00, 0x00, 0x00, 0x00, 0x00, 0x00, 0x00, 0x00, 0x00, 0x00, 0x00,
  0x00, 0x00, 0x00, 0x00, 0x00, 0x00, 0x00, 0x00, 0x00, 0x00, 0x00, 0x00,
  0x00, 0x00, 0x00, 0x00, 0x00, 0x00, 0x00, 0x00, 0x00, 0x00, 0x00, 0x00,
  0x00, 0x00, 0x00, 0x00, 0x00, 0x00, 0x00, 0x00, 0x00, 0x00, 0x00, 0x00,
  0x00, 0x00, 0x00, 0x00, 0x00, 0x00, 0x00, 0x00, 0x00, 0x00, 0x00, 0x00,
  0x00, 0x00, 0x00, 0x00, 0x00, 0x00, 0x00, 0x00, 0x00, 0x00, 0x00, 0x00,
  0x00, 0x00, 0x00, 0x00, 0x00, 0x00, 0x00, 0x00, 0x00, 0x00, 0x00, 0x00,
  0x00, 0x00, 0x00, 0x00, 0x00, 0x00, 0x00, 0x00, 0x00, 0x00, 0x00, 0x00,
  0x00, 0x00, 0x00, 0x00, 0x00, 0x00, 0x00, 0x00, 0x00, 0x00, 0x00, 0x00,
  0x00, 0x00, 0x00, 0x00, 0x20, 0x00, 0x00, 0x00, 0x3f, 0x56, 0x3b, 0x39,
  0x06, 0xe9, 0x41, 0x39, 0xdf, 0x31, 0x18, 0x3a, 0x8d, 0x3d, 0xa0, 0x39,
  0xac, 0x1e, 0x4e, 0x39, 0xb0, 0xa6, 0x21, 0x39, 0xbe, 0x51, 0x37, 0x39,
  0x09, 0xb9, 0x4e, 0x39, 0x72, 0xbe, 0x9e, 0x39, 0x84, 0x7f, 0x11, 0x39,
  0xec, 0x15, 0x37, 0x39, 0x30, 0xd6, 0x15, 0x39, 0x1b, 0x85, 0x53, 0x39,
  0x74, 0xdc, 0x35, 0x39, 0xc7, 0x99, 0x83, 0x39, 0x3c, 0x57, 0x32, 0x39,
  0x8d, 0x48, 0x1f, 0x39, 0x40, 0xec, 0x02, 0x39, 0xb6, 0x3d, 0xb8, 0x39,
  0x80, 0x30, 0xaa, 0x38, 0x56, 0x67, 0xc1, 0x39, 0x23, 0xcf, 0x64, 0x39,
  0x64, 0x45, 0xd4, 0x39, 0xc5, 0xe0, 0x1a, 0x39, 0x7d, 0xa5, 0xf6, 0x39,
  0xb0, 0x80, 0xc7, 0x38, 0x4c, 0x8e, 0x1d, 0x39, 0x00, 0xb9, 0x0e, 0x39,
  0x95, 0xb9, 0xc9, 0x39, 0xe7, 0xad, 0x5d, 0x39, 0x06, 0x46, 0x45, 0x39,
  0xae, 0xda, 0x1b, 0x39, 0x12, 0x00, 0x00, 0x00, 0x74, 0x66, 0x6c, 0x2e,
  0x70, 0x73, 0x65, 0x75, 0x64, 0x6f, 0x5f, 0x71, 0x63, 0x6f, 0x6e, 0x73,
  0x74, 0x34, 0x00, 0x00, 0x01, 0x00, 0x00, 0x00, 0x20, 0x00, 0x00, 0x00,
  0xb2, 0xfa, 0xff, 0xff, 0x00, 0x00, 0x00, 0x01, 0x14, 0x00, 0x00, 0x00,
  0xa8, 0x01, 0x00, 0x00, 0x06, 0x00, 0x00, 0x00, 0x00, 0x00, 0x00, 0x09,
  0xb4, 0x01, 0x00, 0x00, 0x2c, 0xfa, 0xff, 0xff, 0x08, 0x00, 0x00, 0x00,
  0x0c, 0x01, 0x00, 0x00, 0x20, 0x00, 0x00, 0x00, 0x00, 0x00, 0x00, 0x00,
  0x00, 0x00, 0x00, 0x00, 0x00, 0x00, 0x00, 0x00, 0x00, 0x00, 0x00, 0x00,
  0x00, 0x00, 0x00, 0x00, 0x00, 0x00, 0x00, 0x00, 0x00, 0x00, 0x00, 0x00,
  0x00, 0x00, 0x00, 0x00, 0x00, 0x00, 0x00, 0x00, 0x00, 0x00, 0x00, 0x00,
  0x00, 0x00, 0x00, 0x00, 0x00, 0x00, 0x00, 0x00, 0x00, 0x00, 0x00, 0x00,
  0x00, 0x00, 0x00, 0x00, 0x00, 0x00, 0x00, 0x00, 0x00, 0x00, 0x00, 0x00,
  0x00, 0x00, 0x00, 0x00, 0x00, 0x00, 0x00, 0x00, 0x00, 0x00, 0x00, 0x00,
  0x00, 0x00, 0x00, 0x00, 0x00, 0x00, 0x00, 0x00, 0x00, 0x00, 0x00, 0x00,
  0x00, 0x00, 0x00, 0x00, 0x00, 0x00, 0x00, 0x00, 0x00, 0x00, 0x00, 0x00,
  0x00, 0x00, 0x00, 0x00, 0x00, 0x00, 0x00, 0x00, 0x00, 0x00, 0x00, 0x00,
  0x00, 0x00, 0x00, 0x00, 0x00, 0x00, 0x00, 0x00, 0x00, 0x00, 0x00, 0x00,
  0x00, 0x00, 0x00, 0x00, 0x00, 0x00, 0x00, 0x00, 0x00, 0x00, 0x00, 0x00,
  0x00, 0x00, 0x00, 0x00, 0x00, 0x00, 0x00, 0x00, 0x00, 0x00, 0x00, 0x00,
  0x00, 0x00, 0x00, 0x00, 0x00, 0x00, 0x00, 0x00, 0x00, 0x00, 0x00, 0x00,
  0x00, 0x00, 0x00, 0x00, 0x00, 0x00, 0x00, 0x00, 0x00, 0x00, 0x00, 0x00,
  0x00, 0x00, 0x00, 0x00, 0x00, 0x00, 0x00, 0x00, 0x00, 0x00, 0x00, 0x00,
  0x00, 0x00, 0x00, 0x00, 0x00, 0x00, 0x00, 0x00, 0x00, 0x00, 0x00, 0x00,
  0x00, 0x00, 0x00, 0x00, 0x00, 0x00, 0x00, 0x00, 0x00, 0x00, 0x00, 0x00,
  0x00, 0x00, 0x00, 0x00, 0x00, 0x00, 0x00, 0x00, 0x00, 0x00, 0x00, 0x00,
  0x00, 0x00, 0x00, 0x00, 0x00, 0x00, 0x00, 0x00, 0x00, 0x00, 0x00, 0x00,
  0x00, 0x00, 0x00, 0x00, 0x00, 0x00, 0x00, 0x00, 0x00, 0x00, 0x00, 0x00,
  0x00, 0x00, 0x00, 0x00, 0x00, 0x00, 0x00, 0x00, 0x00, 0x00, 0x00, 0x00,
  0x00, 0x00, 0x00, 0x00, 0x20, 0x00, 0x00, 0x00, 0xc9, 0x2a, 0x38, 0x3c,
  0xdf, 0xe5, 0x85, 0x3c, 0x04, 0x25, 0x6b, 0x3c, 0xda, 0x69, 0x35, 0x3c,
  0x33, 0xa4, 0xe7, 0x3c, 0x8f, 0x2e, 0x98, 0x3c, 0x12, 0xd5, 0x3f, 0x3c,
  0x1d, 0x42, 0x9e, 0x3c, 0x92, 0x6b, 0x67, 0x3c, 0x72, 0x25, 0x92, 0x3c,
  0x00, 0xee, 0x6e, 0x3c, 0xd5, 0x6e, 0x8f, 0x3c, 0xd1, 0x72, 0x61, 0x3c,
  0xa1, 0x20, 0x66, 0x3c, 0x96, 0x3c, 0x54, 0x3c, 0xde, 0x61, 0x5c, 0x3c,
  0x0e, 0x64, 0x7e, 0x3c, 0xa8, 0x37, 0xaa, 0x3c, 0x5b, 0x8c, 0x93, 0x3c,
  0x43, 0xb2, 0x9b, 0x3c, 0xe4, 0xec, 0x9f, 0x3c, 0x99, 0xe4, 0x1f, 0x3c,
  0x2a, 0x9c, 0x33, 0x3c, 0x8a, 0x6e, 0x3f, 0x3c, 0xa8, 0x34, 0x5f, 0x3c,
  0xd5, 0x59, 0x8a, 0x3c, 0x19, 0xee, 0x48, 0x3c, 0xb2, 0xea, 0x91, 0x3c,
  0xb1, 0x80, 0x81, 0x3c, 0x5b, 0x8f, 0x27, 0x3c, 0x0f, 0xd5, 0x32, 0x3c,
  0xa9, 0x0a, 0x62, 0x3c, 0x12, 0x00, 0x00, 0x00, 0x74, 0x66, 0x6c, 0x2e,
  0x70, 0x73, 0x65, 0x75, 0x64, 0x6f, 0x5f, 0x71, 0x63, 0x6f, 0x6e, 0x73,
  0x74, 0x33, 0x00, 0x00, 0x04, 0x00, 0x00, 0x00, 0x20, 0x00, 0x00, 0x00,
  0x01, 0x00, 0x00, 0x00, 0x01, 0x00, 0x00, 0x00, 0x20, 0x00, 0x00, 0x00,
  0x92, 0xfc, 0xff, 0xff, 0x00, 0x00, 0x00, 0x01, 0x14, 0x00, 0x00, 0x00,
  0xa4, 0x01, 0x00, 0x00, 0x05, 0x00, 0x00, 0x00, 0x00, 0x00, 0x00, 0x02,
  0xb0, 0x01, 0x00, 0x00, 0x0c, 0xfc, 0xff, 0xff, 0x08, 0x00, 0x00, 0x00,
  0x08, 0x01, 0x00, 0x00, 0x20, 0x00, 0x00, 0x00, 0x00, 0x00, 0x00, 0x00,
  0x00, 0x00, 0x00, 0x00, 0x00, 0x00, 0x00, 0x00, 0x00, 0x00, 0x00, 0x00,
  0x00, 0x00, 0x00, 0x00, 0x00, 0x00, 0x00, 0x00, 0x00, 0x00, 0x00, 0x00,
  0x00, 0x00, 0x00, 0x00, 0x00, 0x00, 0x00, 0x00, 0x00, 0x00, 0x00, 0x00,
  0x00, 0x00, 0x00, 0x00, 0x00, 0x00, 0x00, 0x00, 0x00, 0x00, 0x00, 0x00,
  0x00, 0x00, 0x00, 0x00, 0x00, 0x00, 0x00, 0x00, 0x00, 0x00, 0x00, 0x00,
  0x00, 0x00, 0x00, 0x00, 0x00, 0x00, 0x00, 0x00, 0x00, 0x00, 0x00, 0x00,
  0x00, 0x00, 0x00, 0x00, 0x00, 0x00, 0x00, 0x00, 0x00, 0x00, 0x00, 0x00,
  0x00, 0x00, 0x00, 0x00, 0x00, 0x00, 0x00, 0x00, 0x00, 0x00, 0x00, 0x00,
  0x00, 0x00, 0x00, 0x00, 0x00, 0x00, 0x00, 0x00, 0x00, 0x00, 0x00, 0x00,
  0x00, 0x00, 0x00, 0x00, 0x00, 0x00, 0x00, 0x00, 0x00, 0x00, 0x00, 0x00,
  0x00, 0x00, 0x00, 0x00, 0x00, 0x00, 0x00, 0x00, 0x00, 0x00, 0x00, 0x00,
  0x00, 0x00, 0x00, 0x00, 0x00, 0x00, 0x00, 0x00, 0x00, 0x00, 0x00, 0x00,
  0x00, 0x00, 0x00, 0x00, 0x00, 0x00, 0x00, 0x00, 0x00, 0x00, 0x00, 0x00,
  0x00, 0x00, 0x00, 0x00, 0x00, 0x00, 0x00, 0x00, 0x00, 0x00, 0x00, 0x00,
  0x00, 0x00, 0x00, 0x00, 0x00, 0x00, 0x00, 0x00, 0x00, 0x00, 0x00, 0x00,
  0x00, 0x00, 0x00, 0x00, 0x00, 0x00, 0x00, 0x00, 0x00, 0x00, 0x00, 0x00,
  0x00, 0x00, 0x00, 0x00, 0x00, 0x00, 0x00, 0x00, 0x00, 0x00, 0x00, 0x00,
  0x00, 0x00, 0x00, 0x00, 0x00, 0x00, 0x00, 0x00, 0x00, 0x00, 0x00, 0x00,
  0x00, 0x00, 0x00, 0x00, 0x00, 0x00, 0x00, 0x00, 0x00, 0x00, 0x00, 0x00,
  0x00, 0x00, 0x00, 0x00, 0x00, 0x00, 0x00, 0x00, 0x00, 0x00, 0x00, 0x00,
  0x00, 0x00, 0x00, 0x00, 0x00, 0x00, 0x00, 0x00, 0x00, 0x00, 0x00, 0x00,
  0x20, 0x00, 0x00, 0x00, 0xc2, 0xaa, 0x8a, 0x39, 0x71, 0xa2, 0xc9, 0x39,
  0xd0, 0x0c, 0xb1, 0x39, 0xfc, 0x97, 0x88, 0x39, 0x90, 0x69, 0x2e, 0x3a,
  0x02, 0x2b, 0xe5, 0x39, 0x3e, 0x70, 0x90, 0x39, 0x7d, 0x51, 0xee, 0x39,
  0xed, 0x3e, 0xae, 0x39, 0x40, 0x14, 0xdc, 0x39, 0x67, 0xe6, 0xb3, 0x39,
  0x3e, 0xfe, 0xd7, 0x39, 0xdd, 0xbf, 0xa9, 0x39, 0xbf, 0x45, 0xad, 0x39,
  0x3e, 0xcd, 0x9f, 0x39, 0x56, 0xef, 0xa5, 0x39, 0x95, 0x8a, 0xbf, 0x39,
  0xe8, 0x29, 0x00, 0x3a, 0xba, 0x30, 0xde, 0x39, 0xdb, 0x75, 0xea, 0x39,
  0x2a, 0xd4, 0xf0, 0x39, 0xad, 0xc7, 0x70, 0x39, 0x5c, 0x3c, 0x87, 0x39,
  0x0b, 0x23, 0x90, 0x39, 0x8e, 0x0f, 0xa8, 0x39, 0x17, 0x57, 0xd0, 0x39,
  0xdd, 0x49, 0x97, 0x39, 0xc7, 0xbb, 0xdb, 0x39, 0x0e, 0x04, 0xc3, 0x39,
  0x5c, 0x53, 0x7c, 0x39, 0x72, 0xa6, 0x86, 0x39, 0x31, 0x32, 0xaa, 0x39,
  0x12, 0x00, 0x00, 0x00, 0x74, 0x66, 0x6c, 0x2e, 0x70, 0x73, 0x65, 0x75,
  0x64, 0x6f, 0x5f, 0x71, 0x63, 0x6f, 0x6e, 0x73, 0x74, 0x32, 0x00, 0x00,
  0x01, 0x00, 0x00, 0x00, 0x20, 0x00, 0x00, 0x00, 0x62, 0xfe, 0xff, 0xff,
  0x00, 0x00, 0x00, 0x01, 0x14, 0x00, 0x00, 0x00, 0xa0, 0x00, 0x00, 0x00,
  0x04, 0x00, 0x00, 0x00, 0x00, 0x00, 0x00, 0x09, 0xac, 0x00, 0x00, 0x00,
  0xdc, 0xfd, 0xff, 0xff, 0x08, 0x00, 0x00, 0x00, 0x5c, 0x00, 0x00, 0x00,
  0x0a, 0x00, 0x00, 0x00, 0x00, 0x00, 0x00, 0x00, 0x00, 0x00, 0x00, 0x00,
  0x00, 0x00, 0x00, 0x00, 0x00, 0x00, 0x00, 0x00, 0x00, 0x00, 0x00, 0x00,
  0x00, 0x00, 0x00, 0x00, 0x00, 0x00, 0x00, 0x00, 0x00, 0x00, 0x00, 0x00,
  0x00, 0x00, 0x00, 0x00, 0x00, 0x00, 0x00, 0x00, 0x00, 0x00, 0x00, 0x00,
  0x00, 0x00, 0x00, 0x00, 0x00, 0x00, 0x00, 0x00, 0x00, 0x00, 0x00, 0x00,
  0x00, 0x00, 0x00, 0x00, 0x00, 0x00, 0x00, 0x00, 0x00, 0x00, 0x00, 0x00,
  0x00, 0x00, 0x00, 0x00, 0x00, 0x00, 0x00, 0x00, 0x00, 0x00, 0x00, 0x00,
  0x00, 0x00, 0x00, 0x00, 0x0a, 0x00, 0x00, 0x00, 0xf8, 0xf2, 0x19, 0x3c,
  0x8d, 0x60, 0x68, 0x3c, 0xc1, 0x9e, 0x2e, 0x3c, 0x48, 0x7e, 0x2b, 0x3c,
  0x2a, 0x65, 0x43, 0x3c, 0x3c, 0x5a, 0x35, 0x3c, 0xb1, 0x0b, 0x06, 0x3c,
  0x04, 0x99, 0x5f, 0x3c, 0xc9, 0xb7, 0x0f, 0x3c, 0x04, 0xf2, 0x1f, 0x3c,
  0x12, 0x00, 0x00, 0x00, 0x74, 0x66, 0x6c, 0x2e, 0x70, 0x73, 0x65, 0x75,
  0x64, 0x6f, 0x5f, 0x71, 0x63, 0x6f, 0x6e, 0x73, 0x74, 0x31, 0x00, 0x00,
  0x02, 0x00, 0x00, 0x00, 0x0a, 0x00, 0x00, 0x00, 0x20, 0x00, 0x00, 0x00,
  0x32, 0xff, 0xff, 0xff, 0x00, 0x00, 0x00, 0x01, 0x14, 0x00, 0x00, 0x00,
  0xa0, 0x00, 0x00, 0x00, 0x03, 0x00, 0x00, 0x00, 0x00, 0x00, 0x00, 0x02,
  0xac, 0x00, 0x00, 0x00, 0xac, 0xfe, 0xff, 0xff, 0x08, 0x00, 0x00, 0x00,
  0x5c, 0x00, 0x00, 0x00, 0x0a, 0x00, 0x00, 0x00, 0x00, 0x00, 0x00, 0x00,
  0x00, 0x00, 0x00, 0x00, 0x00, 0x00, 0x00, 0x00, 0x00, 0x00, 0x00, 0x00,
  0x00, 0x00, 0x00, 0x00, 0x00, 0x00, 0x00, 0x00, 0x00, 0x00, 0x00, 0x00,
  0x00, 0x00, 0x00, 0x00, 0x00, 0x00, 0x00, 0x00, 0x00, 0x00, 0x00, 0x00,
  0x00, 0x00, 0x00, 0x00, 0x00, 0x00, 0x00, 0x00, 0x00, 0x00, 0x00, 0x00,
  0x00, 0x00, 0x00, 0x00, 0x00, 0x00, 0x00, 0x00, 0x00, 0x00, 0x00, 0x00,
  0x00, 0x00, 0x00, 0x00, 0x00, 0x00, 0x00, 0x00, 0x00, 0x00, 0x00, 0x00,
  0x00, 0x00, 0x00, 0x00, 0x00, 0x00, 0x00, 0x00, 0x0a, 0x00, 0x00, 0x00,
  0xf6, 0x18, 0xf6, 0x38, 0x22, 0xbc, 0x39, 0x39, 0x1c, 0x92, 0x0b, 0x39,
  0x4e, 0x12, 0x09, 0x39, 0x05, 0x2d, 0x1c, 0x39, 0xa8, 0xf3, 0x10, 0x39,
  0xd6, 0x47, 0xd6, 0x38, 0xb8, 0xb7, 0x32, 0x39, 0x07, 0xbe, 0xe5, 0x38,
  0xd5, 0xae, 0xff, 0x38, 0x11, 0x00, 0x00, 0x00, 0x74, 0x66, 0x6c, 0x2e,
  0x70, 0x73, 0x65, 0x75, 0x64, 0x6f, 0x5f, 0x71, 0x63, 0x6f, 0x6e, 0x73,
  0x74, 0x00, 0x00, 0x00, 0x01, 0x00, 0x00, 0x00, 0x0a, 0x00, 0x00, 0x00,
  0x00, 0x00, 0x16, 0x00, 0x1c, 0x00, 0x18, 0x00, 0x17, 0x00, 0x10, 0x00,
  0x0c, 0x00, 0x08, 0x00, 0x00, 0x00, 0x00, 0x00, 0x00, 0x00, 0x07, 0x00,
  0x16, 0x00, 0x00, 0x00, 0x00, 0x00, 0x00, 0x01, 0x18, 0x00, 0x00, 0x00,
  0x18, 0x00, 0x00, 0x00, 0x02, 0x00, 0x00, 0x00, 0x00, 0x00, 0x00, 0x02,
  0x20, 0x00, 0x00, 0x00, 0x04, 0x00, 0x04, 0x00, 0x04, 0x00, 0x00, 0x00,
  0x0e, 0x00, 0x00, 0x00, 0x61, 0x72, 0x69, 0x74, 0x68, 0x2e, 0x63, 0x6f,
  0x6e, 0x73, 0x74, 0x61, 0x6e, 0x74, 0x00, 0x00, 0x01, 0x00, 0x00, 0x00,
  0x02, 0x00, 0x00, 0x00, 0x00, 0x00, 0x16, 0x00, 0x20, 0x00, 0x1c, 0x00,
  0x1b, 0x00, 0x14, 0x00, 0x10, 0x00, 0x0c, 0x00, 0x00, 0x00, 0x00, 0x00,
  0x08, 0x00, 0x07, 0x00, 0x16, 0x00, 0x00, 0x00, 0x00, 0x00, 0x00, 0x01,
  0x18, 0x00, 0x00, 0x00, 0x34, 0x00, 0x00, 0x00, 0x54, 0x00, 0x00, 0x00,
  0x01, 0x00, 0x00, 0x00, 0x00, 0x00, 0x00, 0x09, 0x6c, 0x00, 0x00, 0x00,
  0x04, 0x00, 0x00, 0x00, 0xff, 0xff, 0xff, 0xff, 0x40, 0x00, 0x00, 0x00,
  0x20, 0x00, 0x00, 0x00, 0x01, 0x00, 0x00, 0x00, 0x0c, 0x00, 0x0c, 0x00,
  0x00, 0x00, 0x00, 0x00, 0x08, 0x00, 0x04, 0x00, 0x0c, 0x00, 0x00, 0x00,
  0x08, 0x00, 0x00, 0x00, 0x14, 0x00, 0x00, 0x00, 0x01, 0x00, 0x00, 0x00,
  0x80, 0xff, 0xff, 0xff, 0xff, 0xff, 0xff, 0xff, 0x00, 0x00, 0x00, 0x00,
  0x01, 0x00, 0x00, 0x00, 0x00, 0x00, 0x80, 0x3f, 0x1d, 0x00, 0x00, 0x00,
  0x73, 0x65, 0x72, 0x76, 0x69, 0x6e, 0x67, 0x5f, 0x64, 0x65, 0x66, 0x61,
  0x75, 0x6c, 0x74, 0x5f, 0x69, 0x6e, 0x70, 0x75, 0x74, 0x5f, 0x69, 0x6d,
  0x61, 0x67, 0x65, 0x3a, 0x30, 0x00, 0x00, 0x00, 0x04, 0x00, 0x00, 0x00,
  0x01, 0x00, 0x00, 0x00, 0x40, 0x00, 0x00, 0x00, 0x20, 0x00, 0x00, 0x00,
  0x01, 0x00, 0x00, 0x00, 0x05, 0x00, 0x00, 0x00, 0x60, 0x00, 0x00, 0x00,
  0x40, 0x00, 0x00, 0x00, 0x2c, 0x00, 0x00, 0x00, 0x18, 0x00, 0x00, 0x00,
  0x04, 0x00, 0x00, 0x00, 0xc0, 0xff, 0xff, 0xff, 0x19, 0x00, 0x00, 0x00,
  0x02, 0x00, 0x00, 0x00, 0x00, 0x00, 0x00, 0x19, 0xd0, 0xff, 0xff, 0xff,
  0x09, 0x00, 0x00, 0x00, 0x04, 0x00, 0x00, 0x00, 0x00, 0x00, 0x00, 0x09,
  0xe0, 0xff, 0xff, 0xff, 0x28, 0x00, 0x00, 0x00, 0x02, 0x00, 0x00, 0x00,
  0x00, 0x00, 0x00, 0x28, 0xf0, 0xff, 0xff, 0xff, 0x04, 0x00, 0x00, 0x00,
  0x03, 0x00, 0x00, 0x00, 0x00, 0x00, 0x00, 0x04, 0x0c, 0x00, 0x10, 0x00,
  0x0f, 0x00, 0x00, 0x00, 0x08, 0x00, 0x04, 0x00, 0x0c, 0x00, 0x00, 0x00,
  0x03, 0x00, 0x00, 0x00, 0x03, 0x00, 0x00, 0x00, 0x00, 0x00, 0x00, 0x03
};

const unsigned int g_digit_model_len = 17256;

#endif // DIGIT_MODEL_QUANTIZED_H
