// Auto-generated by TinyML_Segmentation/quantize_and_export.py
// Model: Micro-Corner-Regressor INT8
// Flash Size: 17.11 KB

#ifndef CORNER_MODEL_QUANTIZED_H_
#define CORNER_MODEL_QUANTIZED_H_

#include <stdint.h>

#ifdef __cplusplus
extern "C" {
#endif

extern const unsigned char g_corner_model_data[];
extern const unsigned int g_corner_model_data_len;

alignas(16) const unsigned char g_corner_model_data[] = {

  0x20, 0x00, 0x00, 0x00, 0x54, 0x46, 0x4c, 0x33, 0x00, 0x00, 0x00, 0x00, 
  0x14, 0x00, 0x20, 0x00, 0x1c, 0x00, 0x18, 0x00, 0x14, 0x00, 0x10, 0x00, 
  0x0c, 0x00, 0x00, 0x00, 0x08, 0x00, 0x04, 0x00, 0x14, 0x00, 0x00, 0x00, 
  0x1c, 0x00, 0x00, 0x00, 0x88, 0x00, 0x00, 0x00, 0xe0, 0x00, 0x00, 0x00, 
  0x74, 0x13, 0x00, 0x00, 0x84, 0x13, 0x00, 0x00, 0xb0, 0x43, 0x00, 0x00, 
  0x03, 0x00, 0x00, 0x00, 0x01, 0x00, 0x00, 0x00, 0x04, 0x00, 0x00, 0x00, 
  0xf6, 0xeb, 0xff, 0xff, 0x0c, 0x00, 0x00, 0x00, 0x1c, 0x00, 0x00, 0x00, 
  0x3c, 0x00, 0x00, 0x00, 0x0f, 0x00, 0x00, 0x00, 0x73, 0x65, 0x72, 0x76, 
  0x69, 0x6e, 0x67, 0x5f, 0x64, 0x65, 0x66, 0x61, 0x75, 0x6c, 0x74, 0x00, 
  0x01, 0x00, 0x00, 0x00, 0x04, 0x00, 0x00, 0x00, 0x94, 0xff, 0xff, 0xff, 
  0x25, 0x00, 0x00, 0x00, 0x04, 0x00, 0x00, 0x00, 0x08, 0x00, 0x00, 0x00, 
  0x6f, 0x75, 0x74, 0x70, 0x75, 0x74, 0x5f, 0x30, 0x00, 0x00, 0x00, 0x00, 
  0x01, 0x00, 0x00, 0x00, 0x04, 0x00, 0x00, 0x00, 0x16, 0xed, 0xff, 0xff, 
  0x04, 0x00, 0x00, 0x00, 0x0b, 0x00, 0x00, 0x00, 0x74, 0x68, 0x75, 0x6d, 
  0x62, 0x5f, 0x69, 0x6e, 0x70, 0x75, 0x74, 0x00, 0x02, 0x00, 0x00, 0x00, 
  0x34, 0x00, 0x00, 0x00, 0x04, 0x00, 0x00, 0x00, 0xdc, 0xff, 0xff, 0xff, 
  0x28, 0x00, 0x00, 0x00, 0x04, 0x00, 0x00, 0x00, 0x13, 0x00, 0x00, 0x00, 
  0x43, 0x4f, 0x4e, 0x56, 0x45, 0x52, 0x53, 0x49, 0x4f, 0x4e, 0x5f, 0x4d, 
  0x45, 0x54, 0x41, 0x44, 0x41, 0x54, 0x41, 0x00, 0x08, 0x00, 0x0c, 0x00, 
  0x08, 0x00, 0x04, 0x00, 0x08, 0x00, 0x00, 0x00, 0x27, 0x00, 0x00, 0x00, 
  0x04, 0x00, 0x00, 0x00, 0x13, 0x00, 0x00, 0x00, 0x6d, 0x69, 0x6e, 0x5f, 
  0x72, 0x75, 0x6e, 0x74, 0x69, 0x6d, 0x65, 0x5f, 0x76, 0x65, 0x72, 0x73, 
  0x69, 0x6f, 0x6e, 0x00, 0x29, 0x00, 0x00, 0x00, 0x90, 0x12, 0x00, 0x00, 
  0x88, 0x12, 0x00, 0x00, 0x70, 0x12, 0x00, 0x00, 0x38, 0x12, 0x00, 0x00, 
  0x28, 0x11, 0x00, 0x00, 0x98, 0x10, 0x00, 0x00, 0x88, 0x0c, 0x00, 0x00, 
  0xf8, 0x0b, 0x00, 0x00, 0xe8, 0x08, 0x00, 0x00, 0x78, 0x08, 0x00, 0x00, 
  0x90, 0x07, 0x00, 0x00, 0x20, 0x07, 0x00, 0x00, 0x90, 0x05, 0x00, 0x00, 
  0x40, 0x05, 0x00, 0x00, 0xa0, 0x04, 0x00, 0x00, 0x50, 0x04, 0x00, 0x00, 
  0x80, 0x03, 0x00, 0x00, 0x40, 0x03, 0x00, 0x00, 0xc4, 0x02, 0x00, 0x00, 
  0x84, 0x02, 0x00, 0x00, 0x14, 0x02, 0x00, 0x00, 0xe4, 0x01, 0x00, 0x00, 
  0x8c, 0x01, 0x00, 0x00, 0x5c, 0x01, 0x00, 0x00, 0x04, 0x01, 0x00, 0x00, 
  0xfc, 0x00, 0x00, 0x00, 0xf4, 0x00, 0x00, 0x00, 0xec, 0x00, 0x00, 0x00, 
  0xe4, 0x00, 0x00, 0x00, 0xdc, 0x00, 0x00, 0x00, 0xd4, 0x00, 0x00, 0x00, 
  0xcc, 0x00, 0x00, 0x00, 0xc4, 0x00, 0x00, 0x00, 0xbc, 0x00, 0x00, 0x00, 
  0xb4, 0x00, 0x00, 0x00, 0xac, 0x00, 0x00, 0x00, 0xa4, 0x00, 0x00, 0x00, 
  0x9c, 0x00, 0x00, 0x00, 0x94, 0x00, 0x00, 0x00, 0x74, 0x00, 0x00, 0x00, 
  0x04, 0x00, 0x00, 0x00, 0x32, 0xee, 0xff, 0xff, 0x04, 0x00, 0x00, 0x00, 
  0x60, 0x00, 0x00, 0x00, 0x0c, 0x00, 0x00, 0x00, 0x08, 0x00, 0x0e, 0x00, 
  0x08, 0x00, 0x04, 0x00, 0x08, 0x00, 0x00, 0x00, 0x10, 0x00, 0x00, 0x00, 
  0x28, 0x00, 0x00, 0x00, 0x00, 0x00, 0x06, 0x00, 0x08, 0x00, 0x04, 0x00, 
  0x06, 0x00, 0x00, 0x00, 0x04, 0x00, 0x00, 0x00, 0x01, 0x00, 0x00, 0x00, 
  0xeb, 0x03, 0x00, 0x00, 0x0c, 0x00, 0x18, 0x00, 0x14, 0x00, 0x10, 0x00, 
  0x0c, 0x00, 0x04, 0x00, 0x0c, 0x00, 0x00, 0x00, 0xc6, 0x73, 0xfd, 0xe2, 
  0xee, 0xdb, 0x0e, 0x54, 0x02, 0x00, 0x00, 0x00, 0x02, 0x00, 0x00, 0x00, 
  0x04, 0x00, 0x00, 0x00, 0x06, 0x00, 0x00, 0x00, 0x32, 0x2e, 0x32, 0x30, 
  0x2e, 0x30, 0x00, 0x00, 0x9e, 0xee, 0xff, 0xff, 0x04, 0x00, 0x00, 0x00, 
  0x10, 0x00, 0x00, 0x00, 0x31, 0x2e, 0x31, 0x34, 0x2e, 0x30, 0x00, 0x00, 
  0x00, 0x00, 0x00, 0x00, 0x00, 0x00, 0x00, 0x00, 0x28, 0xbf, 0xff, 0xff, 
  0x2c, 0xbf, 0xff, 0xff, 0x30, 0xbf, 0xff, 0xff, 0x34, 0xbf, 0xff, 0xff, 
  0x38, 0xbf, 0xff, 0xff, 0x3c, 0xbf, 0xff, 0xff, 0x40, 0xbf, 0xff, 0xff, 
  0x44, 0xbf, 0xff, 0xff, 0x48, 0xbf, 0xff, 0xff, 0x4c, 0xbf, 0xff, 0xff, 
  0x50, 0xbf, 0xff, 0xff, 0x54, 0xbf, 0xff, 0xff, 0x58, 0xbf, 0xff, 0xff, 
  0x5c, 0xbf, 0xff, 0xff, 0xf2, 0xee, 0xff, 0xff, 0x04, 0x00, 0x00, 0x00, 
  0x48, 0x00, 0x00, 0x00, 0xcd, 0x4d, 0xa3, 0xf1, 0xd0, 0x7f, 0x38, 0xb6, 
  0x41, 0xce, 0x04, 0xe5, 0x66, 0x3f, 0x9d, 0xa5, 0xfc, 0x81, 0xf4, 0x26, 
  0x0e, 0x7f, 0x24, 0x55, 0x8e, 0xfa, 0x2e, 0x21, 0x7b, 0xa9, 0xc0, 0x0b, 
  0x01, 0x36, 0x81, 0xa8, 0x8e, 0xbc, 0xf2, 0x54, 0x38, 0x08, 0x14, 0x7f, 
  0xfb, 0x5a, 0x42, 0x81, 0xfc, 0xf6, 0xfa, 0xc4, 0xb8, 0x88, 0xd3, 0x0e, 
  0xb2, 0x46, 0x7f, 0xec, 0x8d, 0xab, 0x17, 0x7f, 0xba, 0x78, 0x8d, 0x8b, 
  0x93, 0x1b, 0x6b, 0x3b, 0x46, 0xef, 0xff, 0xff, 0x04, 0x00, 0x00, 0x00, 
  0x20, 0x00, 0x00, 0x00, 0x02, 0xe6, 0xff, 0xff, 0x52, 0x5b, 0x00, 0x00, 
  0x30, 0xad, 0xff, 0xff, 0x12, 0x3f, 0x00, 0x00, 0xb8, 0xd1, 0xff, 0xff, 
  0x1e, 0x5b, 0x00, 0x00, 0xa3, 0x2f, 0x00, 0x00, 0x5c, 0xf8, 0xff, 0xff, 
  0x72, 0xef, 0xff, 0xff, 0x04, 0x00, 0x00, 0x00, 0x48, 0x00, 0x00, 0x00, 
  0x20, 0x90, 0x81, 0xcd, 0xa6, 0x34, 0xdb, 0x81, 0x48, 0xad, 0x03, 0x95, 
  0xd7, 0x3e, 0xfd, 0xca, 0x90, 0x8c, 0x9c, 0x65, 0x89, 0x75, 0xb6, 0x76, 
  0x75, 0xea, 0xb9, 0x89, 0xbf, 0x6b, 0xa1, 0x2d, 0x81, 0x8e, 0x0f, 0x3c, 
  0x33, 0xf0, 0xcf, 0x83, 0x20, 0x81, 0x8c, 0x33, 0x2f, 0xbc, 0x7f, 0x10, 
  0x62, 0x26, 0x2d, 0x56, 0x95, 0x29, 0xa4, 0xd6, 0xeb, 0xf4, 0x7b, 0x18, 
  0x02, 0x90, 0x23, 0xea, 0x56, 0xb7, 0x7b, 0x81, 0x81, 0x7f, 0x8a, 0x62, 
  0xc6, 0xef, 0xff, 0xff, 0x04, 0x00, 0x00, 0x00, 0x20, 0x00, 0x00, 0x00, 
  0x20, 0xe9, 0xff, 0xff, 0x8f, 0xa0, 0x00, 0x00, 0x46, 0x1c, 0x00, 0x00, 
  0xfc, 0x17, 0x00, 0x00, 0xed, 0x62, 0x00, 0x00, 0x36, 0xbe, 0xff, 0xff, 
  0x3b, 0x3f, 0x00, 0x00, 0xe7, 0x15, 0x00, 0x00, 0xf2, 0xef, 0xff, 0xff, 
  0x04, 0x00, 0x00, 0x00, 0x60, 0x00, 0x00, 0x00, 0x32, 0x2f, 0xc4, 0x9f, 
  0x59, 0x09, 0x2d, 0x7f, 0x73, 0x00, 0x7f, 0xea, 0x41, 0x36, 0xc0, 0x04, 
  0x76, 0x90, 0x86, 0x8f, 0x4b, 0x89, 0x49, 0x7f, 0x5f, 0x3b, 0x7f, 0xb8, 
  0xc4, 0x82, 0x5b, 0x9e, 0xb8, 0xc3, 0x7f, 0x9e, 0xd9, 0x05, 0x2a, 0x86, 
  0xfd, 0xd2, 0xf7, 0xe2, 0xe6, 0x7b, 0x77, 0x7f, 0xa9, 0x42, 0x81, 0x5d, 
  0xc4, 0x34, 0x9e, 0xea, 0xc9, 0x65, 0x75, 0x6c, 0x40, 0x7f, 0x7c, 0xfa, 
  0x6c, 0xa2, 0x60, 0x13, 0x7f, 0xe1, 0x1f, 0x14, 0x02, 0x8d, 0x1b, 0x81, 
  0xc0, 0x3d, 0x85, 0xe6, 0x7f, 0xd4, 0x54, 0xf5, 0xc8, 0x23, 0x10, 0x02, 
  0x32, 0x4f, 0x96, 0x9e, 0x6e, 0x24, 0x36, 0x81, 0x5e, 0xf0, 0xff, 0xff, 
  0x04, 0x00, 0x00, 0x00, 0x30, 0x00, 0x00, 0x00, 0xa7, 0xc0, 0xff, 0xff, 
  0xab, 0xb6, 0xff, 0xff, 0x9d, 0x18, 0x00, 0x00, 0x64, 0x00, 0x00, 0x00, 
  0x53, 0x40, 0x00, 0x00, 0x30, 0xb9, 0xff, 0xff, 0x4b, 0x30, 0x00, 0x00, 
  0x99, 0x4f, 0xff, 0xff, 0x49, 0xb7, 0xff, 0xff, 0xf9, 0x67, 0x00, 0x00, 
  0x84, 0xd8, 0xff, 0xff, 0x87, 0xf7, 0xff, 0xff, 0x9a, 0xf0, 0xff, 0xff, 
  0x04, 0x00, 0x00, 0x00, 0x6c, 0x00, 0x00, 0x00, 0x7f, 0xf5, 0xdf, 0x53, 
  0x04, 0x62, 0xab, 0xb0, 0x62, 0x46, 0xae, 0x95, 0x5f, 0xb2, 0x46, 0x60, 
  0xd5, 0x52, 0xd8, 0xad, 0x7e, 0x81, 0x38, 0x24, 0xa9, 0x4a, 0x98, 0x3f, 
  0xc6, 0xbe, 0xb1, 0x7e, 0xec, 0xcd, 0x44, 0x73, 0x84, 0x25, 0xde, 0x29, 
  0x64, 0xfc, 0x5b, 0x7d, 0x41, 0xb7, 0x81, 0x81, 0x55, 0x31, 0xcd, 0x4a, 
  0x7f, 0xc3, 0xb1, 0x81, 0x0f, 0xfa, 0x65, 0x96, 0xf2, 0x01, 0xb1, 0xb9, 
  0xd1, 0x51, 0xe0, 0x69, 0x4f, 0x38, 0x90, 0x4a, 0xb8, 0xc6, 0xdc, 0x5c, 
  0x2d, 0xb8, 0xa1, 0x21, 0xb3, 0x1e, 0x16, 0xe2, 0x76, 0x81, 0x7f, 0x18, 
  0x67, 0x81, 0x7f, 0xb8, 0x81, 0x3b, 0xb4, 0x9a, 0x57, 0x51, 0x10, 0x81, 
  0x11, 0x10, 0x70, 0xe1, 0xcc, 0xbf, 0x17, 0xdb, 0x12, 0xf1, 0xff, 0xff, 
  0x04, 0x00, 0x00, 0x00, 0x30, 0x00, 0x00, 0x00, 0x5a, 0xc3, 0xff, 0xff, 
  0x80, 0x05, 0x00, 0x00, 0x5e, 0x20, 0x00, 0x00, 0x04, 0xa7, 0xff, 0xff, 
  0x91, 0xc7, 0xff, 0xff, 0x75, 0x0b, 0x00, 0x00, 0x66, 0x0e, 0x00, 0x00, 
  0x3c, 0xff, 0xff, 0xff, 0x50, 0xeb, 0xff, 0xff, 0xe2, 0x1d, 0x00, 0x00, 
  0x2c, 0x22, 0x00, 0x00, 0xd2, 0x3d, 0x00, 0x00, 0x4e, 0xf1, 0xff, 0xff, 
  0x04, 0x00, 0x00, 0x00, 0xc0, 0x00, 0x00, 0x00, 0x71, 0x25, 0xc8, 0x5c, 
  0xe2, 0xe0, 0x8b, 0x5c, 0x7f, 0x9b, 0x4e, 0x56, 0x96, 0x3a, 0xa5, 0x93, 
  0xc8, 0xe2, 0x7f, 0x67, 0x40, 0x9c, 0xd8, 0xc5, 0x1e, 0x81, 0x02, 0x34, 
  0xa5, 0x00, 0x90, 0x50, 0x0b, 0x4e, 0x90, 0x7b, 0x37, 0x99, 0x1e, 0x81, 
  0x95, 0x64, 0xd8, 0x6a, 0x60, 0xb3, 0x84, 0x94, 0xb6, 0xbf, 0x05, 0x4f, 
  0x35, 0x6d, 0x73, 0x7f, 0x10, 0x7f, 0x94, 0xea, 0xff, 0xa3, 0x43, 0xe8, 
  0x9a, 0x33, 0xd0, 0xef, 0x81, 0xbd, 0x5c, 0x3c, 0x6d, 0xe6, 0xd6, 0x5a, 
  0x9f, 0x4d, 0x69, 0xa2, 0x7f, 0x0a, 0x8f, 0x7d, 0xbb, 0xb2, 0x73, 0xb2, 
  0x81, 0x43, 0x33, 0xde, 0x49, 0xaf, 0x90, 0x58, 0xa9, 0xcf, 0xd2, 0xc8, 
  0x20, 0xf7, 0xda, 0xdb, 0xb9, 0x17, 0x81, 0x89, 0x81, 0x50, 0x8d, 0x30, 
  0xbe, 0xb6, 0x2a, 0xd9, 0x63, 0xa3, 0xe5, 0xcc, 0xb2, 0x7f, 0x41, 0xfc, 
  0x46, 0x26, 0xa8, 0xa2, 0xeb, 0x75, 0x23, 0xd1, 0x11, 0xd7, 0x73, 0x81, 
  0x69, 0x69, 0xd0, 0xd5, 0x33, 0x87, 0x4d, 0x98, 0x07, 0xc6, 0x95, 0x6a, 
  0x81, 0x69, 0xcd, 0x35, 0x8b, 0xa6, 0x97, 0x95, 0x5b, 0xce, 0xa3, 0xfd, 
  0x19, 0xfc, 0xa2, 0xe6, 0x0a, 0xd3, 0xbf, 0x81, 0x32, 0x3b, 0x95, 0xcd, 
  0x50, 0x81, 0xc7, 0x96, 0x1b, 0xe0, 0x3a, 0x79, 0x7f, 0x29, 0xf3, 0x4e, 
  0xb1, 0x73, 0x65, 0xc3, 0x88, 0xd1, 0xbc, 0xe2, 0x1a, 0xf2, 0xff, 0xff, 
  0x04, 0x00, 0x00, 0x00, 0x40, 0x00, 0x00, 0x00, 0xb8, 0x81, 0xff, 0xff, 
  0x99, 0x84, 0x00, 0x00, 0xe4, 0x1c, 0x00, 0x00, 0xc1, 0xa7, 0x00, 0x00, 
  0x70, 0x3b, 0xff, 0xff, 0xd9, 0x5f, 0x00, 0x00, 0x9b, 0x87, 0xff, 0xff, 
  0xc6, 0x5a, 0x00, 0x00, 0x88, 0x25, 0x01, 0x00, 0x38, 0x9a, 0x00, 0x00, 
  0xef, 0xc3, 0xff, 0xff, 0x25, 0x0a, 0x00, 0x00, 0x66, 0xe7, 0x00, 0x00, 
  0xee, 0xb1, 0x00, 0x00, 0xa4, 0x2f, 0x00, 0x00, 0x88, 0xe7, 0xff, 0xff, 
  0x66, 0xf2, 0xff, 0xff, 0x04, 0x00, 0x00, 0x00, 0x90, 0x00, 0x00, 0x00, 
  0x5f, 0x0c, 0x7b, 0x54, 0xca, 0x39, 0x8e, 0xf6, 0x88, 0x53, 0x0a, 0x21, 
  0xb5, 0xd5, 0x7f, 0x54, 0xb0, 0x37, 0x9e, 0xb8, 0x38, 0x08, 0x05, 0x5e, 
  0x85, 0x51, 0x7e, 0xb8, 0x87, 0x16, 0x21, 0xbd, 0xcf, 0x7f, 0xe6, 0x7f, 
  0x31, 0x7f, 0x0d, 0x28, 0xb3, 0xc9, 0x2e, 0x4a, 0xe6, 0x48, 0x5d, 0x51, 
  0x51, 0xf5, 0x7f, 0xf6, 0x90, 0x4b, 0x95, 0x61, 0x3a, 0xc5, 0xb9, 0x69, 
  0xca, 0x4c, 0x63, 0x76, 0x73, 0x60, 0x18, 0xd0, 0xa3, 0xbd, 0x81, 0x7f, 
  0x63, 0xc2, 0xee, 0x1c, 0x33, 0xc2, 0xa7, 0x7c, 0x7f, 0xc8, 0xe1, 0x6b, 
  0x81, 0xa9, 0x91, 0xa9, 0xb3, 0xe9, 0x25, 0xfa, 0x1a, 0x81, 0xac, 0x7f, 
  0x4a, 0x7d, 0xa5, 0x87, 0x96, 0xeb, 0x43, 0xdb, 0xca, 0x7f, 0x7f, 0xe1, 
  0xf6, 0x14, 0x7f, 0xfa, 0x56, 0xac, 0x9e, 0xa3, 0x0f, 0x9f, 0x1f, 0x60, 
  0xde, 0xa8, 0x59, 0x1e, 0x7f, 0x2c, 0xc1, 0x46, 0x87, 0xe4, 0xcc, 0x28, 
  0x99, 0x4c, 0x51, 0x42, 0x81, 0x1e, 0x71, 0x81, 0x5f, 0xb3, 0xb9, 0xdd, 
  0x02, 0xf3, 0xff, 0xff, 0x04, 0x00, 0x00, 0x00, 0x40, 0x00, 0x00, 0x00, 
  0xf0, 0x9e, 0xff, 0xff, 0x64, 0xb7, 0xff, 0xff, 0x54, 0x17, 0x00, 0x00, 
  0x79, 0xfa, 0xff, 0xff, 0xbf, 0x8d, 0x00, 0x00, 0x1d, 0xee, 0xff, 0xff, 
  0xec, 0x6a, 0x00, 0x00, 0x5e, 0xac, 0xff, 0xff, 0x8e, 0x8b, 0x00, 0x00, 
  0xc3, 0xec, 0xff, 0xff, 0xa0, 0x7d, 0xff, 0xff, 0xa8, 0xdb, 0xff, 0xff, 
  0xc6, 0x07, 0x00, 0x00, 0x95, 0x10, 0x00, 0x00, 0xc9, 0xc8, 0xff, 0xff, 
  0x1b, 0x72, 0xff, 0xff, 0x4e, 0xf3, 0xff, 0xff, 0x04, 0x00, 0x00, 0x00, 
  0x80, 0x01, 0x00, 0x00, 0x94, 0x5b, 0xe3, 0xaa, 0x7f, 0xe3, 0x7f, 0x15, 
  0xaa, 0x54, 0x71, 0x9c, 0x90, 0x38, 0xad, 0x3b, 0x6a, 0xbf, 0x09, 0xfb, 
  0x4b, 0xbc, 0x1c, 0x8d, 0x47, 0x7f, 0xb5, 0xa9, 0xf2, 0xd7, 0x0a, 0xe1, 
  0xbe, 0x52, 0x20, 0x92, 0x63, 0xac, 0x23, 0x88, 0x07, 0x42, 0x32, 0x81, 
  0xde, 0x07, 0x1b, 0xcc, 0xdc, 0x38, 0x4f, 0xc3, 0xa6, 0xa4, 0x81, 0x10, 
  0x67, 0xf6, 0x3c, 0x8b, 0xf0, 0xcf, 0x74, 0xac, 0x11, 0x3d, 0x06, 0x55, 
  0xb3, 0xa0, 0xa9, 0x0e, 0x48, 0x66, 0x7f, 0x1c, 0xd2, 0x27, 0x0b, 0xd6, 
  0x52, 0x00, 0x47, 0x7f, 0xd7, 0xc3, 0x34, 0x1b, 0x04, 0x01, 0x66, 0x0d, 
  0x65, 0xa3, 0x3c, 0x25, 0x64, 0x4f, 0x7f, 0x3e, 0x9f, 0xe0, 0xf1, 0xed, 
  0xf8, 0x16, 0xfa, 0x19, 0xb4, 0x2c, 0xe1, 0xf4, 0xfc, 0x04, 0xaf, 0x0e, 
  0x5e, 0xfd, 0x52, 0x37, 0x38, 0x7f, 0x3b, 0x12, 0xd7, 0x75, 0xb4, 0x7e, 
  0x7f, 0x74, 0x8d, 0x85, 0x42, 0x6e, 0x01, 0x21, 0x51, 0x05, 0xad, 0x28, 
  0xec, 0xc5, 0x50, 0x16, 0xad, 0xd6, 0xf1, 0xd9, 0xf7, 0xe0, 0xb4, 0xf7, 
  0x6e, 0x6f, 0x30, 0xc8, 0x81, 0x22, 0x65, 0x74, 0xe1, 0xbd, 0x06, 0x5e, 
  0x28, 0xe2, 0xda, 0xcf, 0x81, 0xda, 0xda, 0xf1, 0x02, 0x94, 0x03, 0x2a, 
  0x9c, 0xbd, 0x01, 0x4c, 0x54, 0x15, 0x1a, 0xbe, 0xab, 0xb3, 0xdc, 0x4b, 
  0x17, 0x8d, 0x81, 0xe1, 0x08, 0x1a, 0xb2, 0x77, 0x81, 0x0a, 0x9b, 0xaf, 
  0xf0, 0x46, 0xe0, 0xa1, 0xd8, 0x0a, 0x56, 0x61, 0xe8, 0xd1, 0x61, 0xc5, 
  0x30, 0x7f, 0xea, 0xa0, 0xfc, 0x1a, 0x38, 0x0b, 0xd6, 0x13, 0x60, 0x1d, 
  0x85, 0xad, 0xe3, 0x7f, 0xb5, 0xe6, 0x53, 0x63, 0x78, 0x1a, 0x97, 0x8a, 
  0x41, 0x21, 0xf9, 0x35, 0x7b, 0xb3, 0x71, 0xd0, 0x04, 0xf3, 0x57, 0x30, 
  0x3e, 0x7f, 0x29, 0x39, 0x5f, 0x94, 0x34, 0x8a, 0x81, 0xa8, 0x59, 0x5a, 
  0x50, 0x68, 0x40, 0xf2, 0x62, 0x7f, 0x7d, 0x4a, 0xd3, 0xac, 0x09, 0x48, 
  0x81, 0x29, 0x41, 0x17, 0x49, 0xfc, 0xd2, 0x45, 0xec, 0x63, 0x95, 0x30, 
  0x28, 0x3c, 0xe3, 0xb8, 0x3d, 0xf1, 0x18, 0x26, 0x86, 0x58, 0x42, 0xde, 
  0xf8, 0x5a, 0x95, 0x9e, 0x33, 0x64, 0x84, 0x81, 0xba, 0x2f, 0x73, 0x59, 
  0x56, 0xe1, 0x55, 0x0b, 0x87, 0x4b, 0x0d, 0x64, 0x81, 0x7b, 0x6d, 0xd2, 
  0xbb, 0x0d, 0x9a, 0x86, 0xf9, 0xc3, 0x46, 0xab, 0x08, 0xcd, 0xb5, 0x49, 
  0x81, 0x12, 0x43, 0x5d, 0xf4, 0xfc, 0x68, 0x71, 0x47, 0x30, 0xd7, 0x81, 
  0x84, 0x20, 0x6c, 0xce, 0x3f, 0x05, 0x47, 0xe5, 0xb7, 0x17, 0x47, 0x73, 
  0xbf, 0x27, 0x81, 0x4f, 0x06, 0x25, 0xc4, 0x11, 0xd2, 0x26, 0xb2, 0x2a, 
  0x77, 0x60, 0x11, 0x62, 0x48, 0x93, 0x9d, 0x60, 0x0d, 0x07, 0x42, 0x0f, 
  0x00, 0x1e, 0x02, 0x81, 0xda, 0xf4, 0xff, 0xff, 0x04, 0x00, 0x00, 0x00, 
  0x60, 0x00, 0x00, 0x00, 0xb0, 0xd5, 0xff, 0xff, 0x9d, 0x2a, 0x00, 0x00, 
  0xf8, 0x6d, 0x00, 0x00, 0x5e, 0xc1, 0x00, 0x00, 0xe9, 0x85, 0xff, 0xff, 
  0xa2, 0xda, 0xfe, 0xff, 0x16, 0x89, 0xff, 0xff, 0xe6, 0x7a, 0xfe, 0xff, 
  0x4a, 0x3e, 0xff, 0xff, 0xc2, 0xc9, 0xff, 0xff, 0xe7, 0xf9, 0x00, 0x00, 
  0xe4, 0x39, 0x01, 0x00, 0xd4, 0x70, 0x00, 0x00, 0x46, 0x80, 0xff, 0xff, 
  0x5b, 0xb9, 0xff, 0xff, 0x34, 0xe3, 0xfe, 0xff, 0xf6, 0x83, 0xfe, 0xff, 
  0x2a, 0xbd, 0xff, 0xff, 0xbd, 0x53, 0x00, 0x00, 0xb5, 0xe6, 0xfe, 0xff, 
  0x07, 0xdc, 0x00, 0x00, 0x8e, 0x87, 0xff, 0xff, 0x3c, 0x05, 0x00, 0x00, 
  0x57, 0x3e, 0xff, 0xff, 0x46, 0xf5, 0xff, 0xff, 0x04, 0x00, 0x00, 0x00, 
  0xd8, 0x00, 0x00, 0x00, 0x59, 0x86, 0x81, 0xce, 0xb4, 0xa8, 0xfd, 0x19, 
  0x36, 0xb7, 0xdb, 0x4d, 0xa1, 0xfc, 0xa3, 0xde, 0x81, 0x44, 0xd8, 0x00, 
  0xaa, 0x5f, 0xe3, 0x71, 0x81, 0xa8, 0x2c, 0xde, 0x31, 0xc1, 0x35, 0x22, 
  0xe3, 0x05, 0x7f, 0x1f, 0x88, 0xd6, 0x6e, 0x28, 0xe9, 0xaf, 0x84, 0x9a, 
  0x25, 0xbd, 0x85, 0x6a, 0xb9, 0xff, 0xeb, 0xef, 0x07, 0xa9, 0xbd, 0x0d, 
  0x09, 0x34, 0x1f, 0x28, 0xb8, 0x18, 0x0c, 0x22, 0x0a, 0xb7, 0x81, 0x47, 
  0x20, 0x4a, 0xbf, 0x31, 0xa9, 0x63, 0xf6, 0xf5, 0x1d, 0xc4, 0xd6, 0x95, 
  0xa4, 0x17, 0x32, 0x18, 0x99, 0x38, 0xfe, 0x81, 0x35, 0x81, 0x88, 0xa2, 
  0x91, 0x12, 0xbd, 0xdc, 0x0e, 0xa9, 0x7e, 0xb0, 0x38, 0xd0, 0xe5, 0x32, 
  0xc1, 0x1e, 0x5d, 0x03, 0xc4, 0x81, 0x1c, 0x83, 0xca, 0x43, 0x4d, 0x81, 
  0x13, 0x20, 0x97, 0x22, 0x10, 0xee, 0x3f, 0x81, 0xaa, 0x52, 0x44, 0x81, 
  0xcd, 0x81, 0xc9, 0x38, 0xca, 0x54, 0xf9, 0x5c, 0xa4, 0x3d, 0xef, 0xc9, 
  0xa6, 0x81, 0x39, 0x50, 0xa3, 0x81, 0xe6, 0x22, 0x6a, 0x81, 0xf3, 0x7b, 
  0xb5, 0x6a, 0xd5, 0x2f, 0x81, 0x85, 0xba, 0xc4, 0xdb, 0x12, 0x3e, 0xca, 
  0x77, 0xa2, 0x20, 0x10, 0xba, 0x39, 0x08, 0xa7, 0x81, 0xab, 0x81, 0x21, 
  0x81, 0xb2, 0x25, 0x1b, 0x56, 0xe4, 0x9f, 0xe9, 0xe7, 0x92, 0x21, 0x3f, 
  0x7f, 0xf4, 0x81, 0x49, 0xd3, 0x33, 0x13, 0xa9, 0xde, 0x05, 0x38, 0x9d, 
  0x24, 0x1e, 0xdf, 0x7f, 0x7a, 0x5b, 0x81, 0xd0, 0xc5, 0xbe, 0xeb, 0x18, 
  0x94, 0xbd, 0xa9, 0x81, 0x2a, 0xf6, 0xff, 0xff, 0x04, 0x00, 0x00, 0x00, 
  0x60, 0x00, 0x00, 0x00, 0x51, 0x61, 0x00, 0x00, 0x73, 0x45, 0x00, 0x00, 
  0x63, 0xdd, 0xff, 0xff, 0x0d, 0x8f, 0x00, 0x00, 0x90, 0xf9, 0xff, 0xff, 
  0xf8, 0x89, 0x00, 0x00, 0x9f, 0x18, 0x00, 0x00, 0x28, 0xfa, 0xff, 0xff, 
  0x31, 0x4d, 0x00, 0x00, 0xae, 0x01, 0x00, 0x00, 0x50, 0xd9, 0xff, 0xff, 
  0xcc, 0x9c, 0xff, 0xff, 0xcd, 0x98, 0x00, 0x00, 0x16, 0x0a, 0x00, 0x00, 
  0x2d, 0x29, 0x00, 0x00, 0xaa, 0x5a, 0x00, 0x00, 0x12, 0x54, 0x00, 0x00, 
  0xc7, 0x2b, 0x00, 0x00, 0x09, 0x4e, 0x00, 0x00, 0xb1, 0x60, 0x00, 0x00, 
  0x19, 0x05, 0x00, 0x00, 0x17, 0xfc, 0xff, 0xff, 0xc2, 0x82, 0x00, 0x00, 
  0xd4, 0xa2, 0xff, 0xff, 0x96, 0xf6, 0xff, 0xff, 0x04, 0x00, 0x00, 0x00, 
  0x00, 0x03, 0x00, 0x00, 0xc9, 0xb7, 0xe6, 0x35, 0x55, 0xf5, 0x60, 0xcb, 
  0xd8, 0xef, 0x07, 0x81, 0x11, 0x22, 0xbd, 0x94, 0x06, 0x6a, 0x58, 0x3e, 
  0x2f, 0xe9, 0xae, 0x1c, 0xf9, 0x27, 0x81, 0xce, 0x04, 0xec, 0x33, 0x71, 
  0x57, 0xb7, 0xda, 0xc8, 0xa7, 0xbe, 0x12, 0xae, 0x08, 0x14, 0x63, 0xb0, 
  0xf4, 0xb3, 0xc2, 0x9c, 0x67, 0xcc, 0x9f, 0xd5, 0x8a, 0xcd, 0x94, 0xa7, 
  0xed, 0xf1, 0xc4, 0xee, 0xe7, 0x44, 0xa5, 0x39, 0x0d, 0xe0, 0x2a, 0x7f, 
  0x91, 0xda, 0x58, 0xf9, 0x47, 0x17, 0x35, 0xce, 0x69, 0x56, 0xb3, 0xf7, 
  0xd2, 0x9d, 0x7f, 0xde, 0xb3, 0xbd, 0x10, 0x19, 0xfa, 0x11, 0x79, 0x3a, 
  0xa1, 0x3d, 0xf8, 0xff, 0x66, 0x9a, 0x31, 0x7f, 0x0e, 0xcc, 0x03, 0xa8, 
  0xdb, 0x25, 0x10, 0x69, 0x12, 0x50, 0x1e, 0x3b, 0xda, 0xab, 0x94, 0x4c, 
  0x58, 0xc7, 0xdc, 0xc1, 0x13, 0xed, 0x64, 0xae, 0xda, 0xb9, 0x58, 0xeb, 
  0xd8, 0xac, 0x36, 0x4a, 0x53, 0x55, 0x1e, 0x35, 0x22, 0xbe, 0x81, 0xcb, 
  0x3e, 0x4a, 0x4f, 0x3d, 0x70, 0x5a, 0xf8, 0x81, 0x11, 0x7c, 0x8f, 0x0e, 
  0xb6, 0xae, 0x1d, 0x9e, 0xf3, 0xb9, 0xea, 0xb3, 0x08, 0x48, 0x9e, 0x87, 
  0xdf, 0xc8, 0x3b, 0x65, 0x37, 0x60, 0x3f, 0x3d, 0x7f, 0x61, 0xbb, 0xf5, 
  0xc1, 0xd0, 0xbb, 0xb0, 0x30, 0x23, 0xea, 0xb6, 0x4e, 0x0c, 0xb4, 0xa9, 
  0xbe, 0xc1, 0xc2, 0xef, 0xa0, 0x20, 0x3a, 0x2d, 0x06, 0xf1, 0xb9, 0x06, 
  0x6f, 0x11, 0xb0, 0x4f, 0xcb, 0x29, 0x3f, 0x81, 0x51, 0x93, 0xa7, 0x35, 
  0x2b, 0x01, 0x5e, 0x4d, 0xac, 0x94, 0x8e, 0xcf, 0x99, 0xdc, 0x5f, 0xe1, 
  0x4f, 0x9e, 0xac, 0xb8, 0x09, 0xcd, 0xc6, 0x56, 0xeb, 0x8b, 0xa8, 0x37, 
  0x0f, 0x62, 0x7f, 0x22, 0xef, 0x2e, 0x0f, 0x74, 0xfc, 0x7f, 0xbb, 0xd3, 
  0xfe, 0x32, 0x1a, 0x24, 0x2a, 0x9b, 0x23, 0xc5, 0x18, 0x39, 0x28, 0x01, 
  0x04, 0x41, 0x6c, 0xb4, 0xf8, 0xcf, 0x8b, 0x39, 0x86, 0x19, 0x81, 0xf8, 
  0x4b, 0xb9, 0x46, 0x3f, 0x5e, 0x88, 0xcb, 0xf2, 0x6c, 0x30, 0x2a, 0x14, 
  0xed, 0xff, 0xa8, 0xc9, 0x4b, 0xea, 0xea, 0x12, 0x15, 0x40, 0x22, 0x1a, 
  0xae, 0x52, 0x98, 0xa9, 0xf6, 0xba, 0x69, 0x41, 0x00, 0x98, 0x81, 0x16, 
  0x72, 0xd7, 0x03, 0x41, 0xf3, 0x87, 0x90, 0x96, 0xdf, 0x74, 0x5d, 0x06, 
  0x94, 0x6a, 0x43, 0x08, 0xb4, 0xe6, 0x5f, 0xf8, 0xc6, 0xd2, 0xc7, 0x37, 
  0xa9, 0x31, 0x2d, 0x81, 0x38, 0x5b, 0xfb, 0x7f, 0xe0, 0x1e, 0x34, 0x2d, 
  0x01, 0x07, 0xf2, 0x1f, 0x62, 0x3c, 0xf4, 0x0c, 0x69, 0xf8, 0xd0, 0xed, 
  0xcd, 0x38, 0x36, 0xa2, 0x06, 0xec, 0x3e, 0xc7, 0xe8, 0x4e, 0xb6, 0xf9, 
  0xd2, 0xe2, 0x8a, 0xaa, 0x81, 0x22, 0xd0, 0xa9, 0x5d, 0x1b, 0x2d, 0x0b, 
  0x56, 0x11, 0xee, 0xfa, 0xde, 0xb2, 0x5d, 0x1e, 0xd4, 0x5f, 0xee, 0xaa, 
  0x60, 0xbf, 0x66, 0x37, 0xb6, 0xe1, 0x7f, 0x5e, 0x25, 0x6c, 0x5c, 0x7a, 
  0xd1, 0xc9, 0xcf, 0x17, 0x10, 0x54, 0xc0, 0xbb, 0x2e, 0x7f, 0x89, 0x87, 
  0x73, 0x38, 0x55, 0x37, 0x0a, 0xfc, 0x24, 0x19, 0x29, 0x04, 0x4f, 0x9a, 
  0x2a, 0x9f, 0xe6, 0x3a, 0x1a, 0xb7, 0x99, 0xa3, 0xd9, 0x34, 0xa5, 0xff, 
  0xf8, 0xbd, 0x6d, 0xf4, 0xb6, 0x42, 0x5f, 0x31, 0xd0, 0xb4, 0xaa, 0x7f, 
  0xb2, 0x36, 0x07, 0xb2, 0xff, 0xe9, 0x38, 0x3f, 0xf7, 0x55, 0x0f, 0xd7, 
  0xee, 0x7f, 0x3e, 0xce, 0x29, 0x10, 0x1d, 0xec, 0x1c, 0x4c, 0x3e, 0xd2, 
  0x10, 0x02, 0xc2, 0x3f, 0x97, 0x35, 0xdf, 0xa9, 0x1d, 0x7f, 0x4e, 0x6b, 
  0xec, 0xef, 0x30, 0x45, 0x97, 0x01, 0x42, 0x34, 0x45, 0x9e, 0x30, 0x1f, 
  0x27, 0x25, 0x6e, 0x42, 0x00, 0x70, 0x91, 0xb9, 0x51, 0x0a, 0x91, 0xac, 
  0xc8, 0x6b, 0x50, 0x81, 0x03, 0x11, 0x40, 0xff, 0x84, 0x28, 0x5a, 0xa8, 
  0x3c, 0x2e, 0xcf, 0x4e, 0x62, 0xea, 0x6f, 0x38, 0x67, 0x96, 0xc0, 0xd5, 
  0xdd, 0x81, 0x7f, 0x3e, 0xa7, 0x96, 0x64, 0xa2, 0xae, 0xc9, 0x3a, 0x6f, 
  0x0d, 0xdd, 0x30, 0x0b, 0xe0, 0xdb, 0x13, 0x59, 0xce, 0x55, 0x0e, 0x0d, 
  0xb5, 0x9e, 0x0c, 0x77, 0xfb, 0x0e, 0x1b, 0x16, 0xba, 0x92, 0x2d, 0x07, 
  0xd0, 0x5e, 0x7f, 0x92, 0x30, 0x22, 0x40, 0x23, 0x72, 0x52, 0x36, 0xee, 
  0x43, 0x60, 0x0a, 0x7b, 0x43, 0x28, 0xe6, 0x2a, 0x0b, 0xc2, 0x74, 0xb6, 
  0xac, 0x89, 0xe3, 0x81, 0x33, 0x59, 0x67, 0xc6, 0x6e, 0x7f, 0x98, 0xbb, 
  0xa0, 0xbc, 0xfe, 0x96, 0x63, 0x28, 0xf9, 0xad, 0x67, 0x68, 0xa0, 0xbb, 
  0x9e, 0x55, 0x17, 0xa3, 0x26, 0x45, 0x59, 0x46, 0xe5, 0x81, 0x65, 0xf3, 
  0x90, 0x5f, 0x4d, 0xa2, 0x46, 0x5f, 0xf5, 0x94, 0xb7, 0x01, 0xec, 0x20, 
  0xdd, 0xa2, 0xe2, 0x05, 0xe0, 0xe7, 0x00, 0xab, 0xc7, 0x0c, 0xfe, 0x52, 
  0x4b, 0x61, 0x59, 0x5d, 0x7f, 0x50, 0x21, 0x23, 0xe0, 0x36, 0xee, 0x9c, 
  0xd9, 0xee, 0x4c, 0x86, 0x5d, 0xe3, 0x65, 0xad, 0x92, 0x9d, 0xe8, 0x4b, 
  0xe3, 0x58, 0xa3, 0xb3, 0x59, 0x53, 0xb8, 0x81, 0x43, 0xeb, 0x15, 0x61, 
  0x62, 0xaa, 0x93, 0x23, 0x06, 0x38, 0xbe, 0x81, 0xfe, 0x2c, 0xf8, 0xec, 
  0xb3, 0x2c, 0x04, 0x1c, 0xa1, 0x61, 0x38, 0x24, 0x35, 0xd0, 0x9d, 0xe5, 
  0xb6, 0x3b, 0x2d, 0x0c, 0xbe, 0x4b, 0x2b, 0x7f, 0xf4, 0xea, 0xab, 0xc6, 
  0x08, 0xbc, 0xb3, 0x1d, 0x43, 0x30, 0xb6, 0x1c, 0x3c, 0x40, 0xfa, 0x29, 
  0x18, 0xb8, 0xe9, 0x4b, 0xc3, 0xff, 0x9a, 0x1b, 0xb2, 0x5e, 0x75, 0xe6, 
  0x57, 0x93, 0x03, 0x19, 0xcf, 0x3f, 0x96, 0x7f, 0xe7, 0x45, 0x28, 0xcb, 
  0x1a, 0x6f, 0xe4, 0xca, 0xa2, 0xf9, 0xff, 0xff, 0x04, 0x00, 0x00, 0x00, 
  0x80, 0x00, 0x00, 0x00, 0x13, 0x0c, 0x00, 0x00, 0x13, 0x96, 0x00, 0x00, 
  0xdd, 0x84, 0x00, 0x00, 0xf3, 0xc4, 0xff, 0xff, 0xeb, 0xc1, 0xff, 0xff, 
  0xb5, 0xad, 0xff, 0xff, 0x1d, 0x63, 0x00, 0x00, 0x42, 0x1a, 0x00, 0x00, 
  0xb1, 0xd0, 0xff, 0xff, 0x91, 0xa0, 0x00, 0x00, 0x34, 0x76, 0xff, 0xff, 
  0xfd, 0x3b, 0x00, 0x00, 0x63, 0xfb, 0xff, 0xff, 0xb1, 0x6a, 0x00, 0x00, 
  0x28, 0x65, 0xff, 0xff, 0x86, 0x65, 0x00, 0x00, 0x86, 0x4d, 0xff, 0xff, 
  0x42, 0xa2, 0xff, 0xff, 0xc2, 0x57, 0x00, 0x00, 0x5b, 0x76, 0xff, 0xff, 
  0x0b, 0x64, 0xff, 0xff, 0xd1, 0x0c, 0x00, 0x00, 0xc4, 0xea, 0xff, 0xff, 
  0xb7, 0xee, 0xff, 0xff, 0xb1, 0x79, 0xff, 0xff, 0xe6, 0x12, 0x00, 0x00, 
  0x23, 0xf0, 0xff, 0xff, 0xbb, 0x99, 0xff, 0xff, 0x23, 0x23, 0x00, 0x00, 
  0x9e, 0x2e, 0x00, 0x00, 0xa2, 0xcb, 0xff, 0xff, 0xb6, 0xe8, 0xff, 0xff, 
  0x2e, 0xfa, 0xff, 0xff, 0x04, 0x00, 0x00, 0x00, 0x00, 0x04, 0x00, 0x00, 
  0xaa, 0xf4, 0x31, 0x34, 0xfd, 0x5a, 0x99, 0x4c, 0x53, 0x12, 0x7f, 0xbc, 
  0xdd, 0x0a, 0x24, 0x42, 0x20, 0x1e, 0x53, 0xd7, 0xf0, 0xb0, 0x1d, 0x7a, 
  0xf2, 0xdf, 0xbe, 0xd5, 0xd0, 0xfd, 0xec, 0x1b, 0x3e, 0xcb, 0xd7, 0x04, 
  0xc3, 0x20, 0x59, 0xc9, 0xd3, 0xc9, 0xa1, 0x3a, 0x48, 0xc2, 0x25, 0x04, 
  0x90, 0xf7, 0xad, 0x50, 0x1f, 0x15, 0x97, 0xf8, 0x81, 0x8c, 0xe2, 0xf2, 
  0x45, 0xc3, 0xf1, 0xf8, 0xd2, 0xa0, 0xe5, 0x85, 0xfb, 0x21, 0xef, 0x5a, 
  0xf5, 0xf0, 0x38, 0x26, 0x07, 0xac, 0x60, 0x20, 0x2b, 0x9e, 0xcb, 0x81, 
  0xd2, 0x17, 0x85, 0xba, 0x09, 0xa9, 0x5b, 0xc3, 0xb0, 0x39, 0x23, 0xb7, 
  0xc5, 0xda, 0x40, 0x7f, 0x42, 0x7f, 0xac, 0xd5, 0xa0, 0x36, 0x9f, 0x62, 
  0xbf, 0xc5, 0x87, 0x11, 0x7a, 0xb5, 0x6f, 0x01, 0xc2, 0x87, 0xee, 0x6c, 
  0x8c, 0xa8, 0x82, 0xa7, 0x9a, 0x95, 0xdb, 0x6f, 0x36, 0x4f, 0x28, 0x26, 
  0xc3, 0xed, 0x1f, 0x36, 0x14, 0xd3, 0x91, 0x12, 0x25, 0x2b, 0xe3, 0x70, 
  0x27, 0xe5, 0x68, 0x3b, 0x47, 0x38, 0xd7, 0x3e, 0xbd, 0x68, 0x07, 0x81, 
  0x57, 0xc1, 0xf6, 0x5d, 0xce, 0x75, 0x60, 0x18, 0xbf, 0xee, 0x17, 0x06, 
  0xe3, 0x8a, 0x08, 0x4f, 0xb1, 0xf6, 0x8e, 0xc2, 0xc1, 0xf5, 0xb0, 0xfd, 
  0xab, 0x8a, 0xb9, 0x56, 0x0b, 0xc9, 0x82, 0xf1, 0x8b, 0x15, 0x81, 0xe7, 
  0x75, 0xd8, 0x1e, 0xc1, 0x81, 0x6b, 0x66, 0x33, 0x6a, 0x67, 0x1a, 0xf9, 
  0x02, 0xe2, 0x87, 0xe9, 0x41, 0xd2, 0x0c, 0x9e, 0x14, 0x0f, 0xda, 0x24, 
  0xb6, 0x69, 0x09, 0x94, 0x59, 0x70, 0x53, 0x4e, 0x20, 0xf6, 0xce, 0x5e, 
  0xe1, 0xc7, 0x5b, 0xb2, 0x16, 0x6c, 0x2f, 0x39, 0x24, 0x0a, 0x3d, 0x0a, 
  0x68, 0x11, 0xd1, 0xdc, 0xb1, 0x0e, 0x1c, 0x7f, 0xd8, 0xce, 0x0b, 0xff, 
  0x64, 0x05, 0x69, 0x73, 0x5a, 0x8b, 0xe1, 0x6e, 0x81, 0xf6, 0x58, 0x55, 
  0xd7, 0x3f, 0xa6, 0x47, 0x0b, 0xdb, 0xad, 0xa0, 0xad, 0x8c, 0xae, 0xea, 
  0x97, 0x82, 0xed, 0x95, 0x4b, 0xb5, 0xee, 0x19, 0x91, 0x68, 0x8d, 0x5b, 
  0x84, 0x8c, 0x29, 0x8e, 0xfb, 0x3d, 0x5a, 0x8a, 0x0a, 0x2d, 0xe1, 0x4c, 
  0x32, 0xbe, 0x10, 0x85, 0xc7, 0xae, 0x65, 0x76, 0x09, 0x33, 0xff, 0x7f, 
  0x42, 0x25, 0xcd, 0x0b, 0x2b, 0xd0, 0x57, 0x57, 0xf8, 0xf1, 0xf9, 0xcb, 
  0x3f, 0x0d, 0xab, 0x0a, 0xf5, 0xe8, 0xcc, 0x79, 0xfd, 0xdf, 0x7b, 0x31, 
  0xea, 0xe3, 0xbc, 0x40, 0x7f, 0xcd, 0xbf, 0xf0, 0x7e, 0xd9, 0xf0, 0x0f, 
  0xf9, 0xb7, 0x3e, 0xf8, 0xa1, 0xb9, 0xe3, 0x91, 0x1e, 0xe2, 0xc6, 0xce, 
  0xa3, 0x4e, 0x19, 0xf1, 0xcd, 0x0b, 0x6c, 0x9e, 0x56, 0x81, 0x94, 0x1c, 
  0x0e, 0x95, 0x97, 0x17, 0x9f, 0x12, 0xe9, 0x55, 0x6f, 0xa6, 0xf0, 0x7a, 
  0xe2, 0x99, 0x6e, 0xd6, 0x9f, 0xda, 0x55, 0xd5, 0x99, 0x9c, 0xe0, 0x7f, 
  0x36, 0x6e, 0xfe, 0x79, 0xae, 0x92, 0xd1, 0xe9, 0x5c, 0x18, 0x1f, 0xf2, 
  0x2a, 0x43, 0x0f, 0x17, 0xa0, 0x9d, 0xa3, 0xda, 0xcc, 0xca, 0x81, 0x42, 
  0x89, 0xeb, 0xcd, 0xa7, 0x67, 0x57, 0x8d, 0xd9, 0xc1, 0xce, 0xae, 0x6a, 
  0x9b, 0xdb, 0x00, 0x92, 0xe2, 0x8b, 0xa3, 0xf0, 0x57, 0x58, 0x47, 0x6a, 
  0x41, 0xd1, 0xee, 0x4f, 0xae, 0x3f, 0xe6, 0xfc, 0x3e, 0xa4, 0xf2, 0x1d, 
  0x5f, 0xe1, 0x0b, 0xbf, 0x33, 0x0a, 0x99, 0x86, 0x44, 0xac, 0xb3, 0x1b, 
  0x4a, 0xe4, 0xcb, 0xd5, 0xa3, 0x1d, 0x81, 0x9f, 0x60, 0xa4, 0x29, 0x87, 
  0xa8, 0x08, 0xb8, 0xa5, 0xa8, 0x2a, 0x6d, 0xdd, 0x72, 0xfb, 0x52, 0xf6, 
  0x9d, 0xf7, 0x45, 0xbc, 0xf7, 0x81, 0x89, 0xff, 0xb4, 0x84, 0xe0, 0x90, 
  0x19, 0x34, 0x58, 0x05, 0xe0, 0xe4, 0x3f, 0xaf, 0xff, 0x90, 0x29, 0x71, 
  0x82, 0x89, 0xc0, 0x06, 0x08, 0x92, 0x26, 0xb0, 0x0c, 0x83, 0x76, 0xf6, 
  0xb8, 0x24, 0x7a, 0x22, 0xe2, 0x86, 0xce, 0xe5, 0xca, 0xc5, 0x7f, 0x75, 
  0x1f, 0x51, 0x68, 0x01, 0x7d, 0x34, 0x1f, 0x2f, 0xf7, 0x19, 0xa7, 0xb9, 
  0x93, 0xea, 0x9f, 0xc6, 0x46, 0x08, 0x48, 0x09, 0x68, 0x8e, 0x47, 0x77, 
  0x95, 0x40, 0xc6, 0xcb, 0x81, 0xa2, 0x00, 0x36, 0xe2, 0x97, 0x16, 0x41, 
  0x83, 0xe7, 0x24, 0x81, 0xf9, 0x3a, 0x83, 0x8e, 0x21, 0xd0, 0x02, 0x9b, 
  0xc1, 0x90, 0xa6, 0x84, 0x5e, 0xed, 0xd2, 0x0c, 0xa0, 0xe9, 0x14, 0xec, 
  0xe4, 0x6c, 0xac, 0xd0, 0xef, 0xc0, 0x6b, 0xf8, 0x6f, 0x2e, 0x7e, 0x23, 
  0x7d, 0x59, 0xda, 0xe2, 0xae, 0x59, 0xae, 0x29, 0x5c, 0x78, 0x7f, 0x34, 
  0x3a, 0x42, 0xb1, 0xb1, 0x75, 0x09, 0x46, 0xdf, 0x58, 0x7a, 0xea, 0x05, 
  0x1f, 0xcf, 0x2e, 0xfb, 0xb5, 0x02, 0xc9, 0x9d, 0xd1, 0x03, 0xdd, 0x2e, 
  0x5d, 0x55, 0xfa, 0xa3, 0x45, 0x87, 0x31, 0x48, 0x09, 0x61, 0xf1, 0x62, 
  0xc2, 0x0f, 0xb2, 0x60, 0xd4, 0x93, 0x3c, 0x92, 0x82, 0xa0, 0x81, 0xa2, 
  0x24, 0x55, 0x71, 0xa6, 0x5f, 0xbc, 0x49, 0x53, 0x60, 0x17, 0xda, 0xd1, 
  0x1e, 0x84, 0xba, 0x81, 0xa7, 0x23, 0x84, 0xe7, 0xe7, 0x72, 0xca, 0xd7, 
  0xf1, 0x8a, 0x43, 0x4e, 0x2c, 0x18, 0x2f, 0x88, 0x8b, 0xd3, 0x75, 0x3b, 
  0xd1, 0x95, 0xc4, 0xae, 0x71, 0x16, 0x88, 0xff, 0x81, 0x89, 0x12, 0xa4, 
  0xa3, 0xc2, 0xf1, 0x77, 0x6a, 0x11, 0x76, 0x4b, 0x98, 0x53, 0x5e, 0x84, 
  0x86, 0xd3, 0x1d, 0x10, 0xaa, 0xd5, 0xab, 0x44, 0x2b, 0x8c, 0xc8, 0x61, 
  0x61, 0xf5, 0xbe, 0xbb, 0x7f, 0x3c, 0xf8, 0xb6, 0xca, 0x93, 0x15, 0xab, 
  0x71, 0x67, 0xe2, 0xe1, 0xe3, 0x31, 0x9d, 0x11, 0xc7, 0xe6, 0xf8, 0x56, 
  0xee, 0x71, 0x2a, 0x3e, 0x9a, 0x64, 0xe1, 0xf9, 0x16, 0x1c, 0xbd, 0xed, 
  0x44, 0xa0, 0x12, 0x35, 0x64, 0x04, 0x0f, 0xfa, 0x82, 0x67, 0xda, 0x0d, 
  0x81, 0xb6, 0xe8, 0xa6, 0x3a, 0xbd, 0xd3, 0x6f, 0x69, 0xf9, 0x5b, 0x5f, 
  0x18, 0xfe, 0xa5, 0x19, 0xe5, 0x81, 0xa1, 0xe5, 0x70, 0x23, 0xa8, 0x0d, 
  0x2d, 0x6b, 0xaa, 0x4b, 0xc6, 0xd0, 0x20, 0xb5, 0xe5, 0xb2, 0x1e, 0x3c, 
  0x98, 0x9f, 0x61, 0xda, 0x81, 0xc0, 0x05, 0x03, 0x15, 0x8f, 0x40, 0x54, 
  0xc5, 0xf3, 0xa7, 0x00, 0x07, 0xe9, 0x04, 0xde, 0x64, 0xf6, 0x1a, 0xaa, 
  0x2b, 0x1b, 0x94, 0xfa, 0x28, 0x38, 0xee, 0x3e, 0x2f, 0x1c, 0x8a, 0xc7, 
  0xaf, 0x70, 0x35, 0xa8, 0x4d, 0x07, 0x5a, 0x2a, 0x7f, 0x04, 0x3e, 0xd7, 
  0xcf, 0xa9, 0x13, 0x0a, 0x6b, 0xdb, 0x5e, 0x56, 0xce, 0x06, 0x12, 0x26, 
  0xba, 0xfa, 0x01, 0xea, 0xb5, 0x60, 0x3d, 0x76, 0x00, 0xbb, 0xb7, 0xa6, 
  0x78, 0xf3, 0x59, 0x33, 0x74, 0x8e, 0xb8, 0x27, 0x4d, 0x99, 0x7f, 0x0b, 
  0xa7, 0x1c, 0x9b, 0x00, 0x65, 0x4f, 0x9b, 0x61, 0x37, 0x4e, 0xec, 0xf6, 
  0xf7, 0xb8, 0x70, 0x4d, 0xba, 0xc6, 0xef, 0x87, 0xd9, 0x50, 0x81, 0x21, 
  0xb4, 0xfe, 0x40, 0x92, 0x28, 0x23, 0x25, 0xf7, 0xbb, 0xc8, 0x4f, 0x84, 
  0x64, 0xc5, 0xce, 0xb8, 0x89, 0x5c, 0xda, 0x65, 0x1f, 0xfa, 0xac, 0xe0, 
  0x47, 0x0a, 0xd4, 0xd6, 0xa6, 0xde, 0x18, 0x10, 0x5b, 0xfd, 0x46, 0xc6, 
  0xd0, 0x47, 0x01, 0x98, 0x83, 0x65, 0x6a, 0x35, 0x86, 0x81, 0x01, 0x8b, 
  0x8d, 0x44, 0x4e, 0xa7, 0x8f, 0xcb, 0x86, 0xc5, 0x40, 0xf1, 0xb8, 0x37, 
  0x50, 0x00, 0xa4, 0xb2, 0x1d, 0xb3, 0x86, 0x30, 0xe1, 0x56, 0x3b, 0x43, 
  0xfb, 0x3b, 0x3f, 0xcb, 0xd5, 0x8b, 0x23, 0xb0, 0x81, 0xed, 0xaf, 0xd6, 
  0xcb, 0xfe, 0x38, 0xa5, 0x3a, 0xfe, 0xff, 0xff, 0x04, 0x00, 0x00, 0x00, 
  0x80, 0x00, 0x00, 0x00, 0x27, 0x15, 0x00, 0x00, 0x3e, 0xea, 0xff, 0xff, 
  0xf8, 0xef, 0xff, 0xff, 0x33, 0x00, 0x00, 0x00, 0x2f, 0xfc, 0xff, 0xff, 
  0xe2, 0xf8, 0xff, 0xff, 0x08, 0x0b, 0x00, 0x00, 0xe2, 0x11, 0x00, 0x00, 
  0x49, 0xf6, 0xff, 0xff, 0x60, 0xfa, 0xff, 0xff, 0x57, 0x22, 0x00, 0x00, 
  0xdf, 0xff, 0xff, 0xff, 0x3e, 0x0a, 0x00, 0x00, 0x52, 0xfc, 0xff, 0xff, 
  0xf1, 0xf2, 0xff, 0xff, 0x32, 0xff, 0xff, 0xff, 0xce, 0x04, 0x00, 0x00, 
  0x48, 0xf1, 0xff, 0xff, 0x3e, 0xfc, 0xff, 0xff, 0xf4, 0x14, 0x00, 0x00, 
  0x7d, 0xee, 0xff, 0xff, 0x5a, 0xf6, 0xff, 0xff, 0x45, 0x03, 0x00, 0x00, 
  0x79, 0x1b, 0x00, 0x00, 0x4a, 0xf9, 0xff, 0xff, 0x50, 0xf6, 0xff, 0xff, 
  0x68, 0xef, 0xff, 0xff, 0x83, 0x0f, 0x00, 0x00, 0xcc, 0xff, 0xff, 0xff, 
  0xb8, 0xf2, 0xff, 0xff, 0x6b, 0xf3, 0xff, 0xff, 0x68, 0xf0, 0xff, 0xff, 
  0xc6, 0xfe, 0xff, 0xff, 0x04, 0x00, 0x00, 0x00, 0x00, 0x01, 0x00, 0x00, 
  0x4a, 0x49, 0xa9, 0xad, 0xeb, 0x13, 0x99, 0xc0, 0x1d, 0x14, 0x9d, 0x3e, 
  0x8a, 0x4b, 0x77, 0x6e, 0xca, 0x3f, 0xf1, 0x98, 0xdf, 0xb6, 0xa8, 0x82, 
  0xe3, 0xd7, 0x81, 0x84, 0x70, 0x5b, 0x27, 0x64, 0x81, 0x1f, 0x60, 0x08, 
  0xe2, 0x0d, 0x41, 0x0f, 0x42, 0xd2, 0xac, 0x9a, 0x00, 0xa5, 0x3d, 0x96, 
  0xb9, 0xbd, 0x90, 0xa2, 0x6c, 0x48, 0x2d, 0xaf, 0x09, 0x4d, 0x5b, 0xfd, 
  0xc4, 0x6b, 0x6c, 0x5b, 0xcc, 0x05, 0x0f, 0xbb, 0xa7, 0x4c, 0xa3, 0xe1, 
  0x8f, 0xeb, 0x4c, 0x61, 0xd9, 0xcf, 0x17, 0xdf, 0x16, 0xd8, 0x57, 0xbf, 
  0x1b, 0x8e, 0x81, 0x89, 0x0b, 0x40, 0x18, 0xa2, 0x24, 0x8a, 0xd2, 0x9d, 
  0xfb, 0xfc, 0x22, 0xe7, 0xf9, 0x7e, 0x02, 0xe0, 0x11, 0xe1, 0x0d, 0x04, 
  0xac, 0x7f, 0x49, 0xd5, 0x1e, 0x69, 0xc7, 0x42, 0x7a, 0x71, 0xa9, 0x5c, 
  0x8c, 0x2f, 0xc5, 0xb9, 0x81, 0x16, 0x20, 0x46, 0xd0, 0xf5, 0x96, 0xe3, 
  0x8d, 0x81, 0x2b, 0x65, 0xf8, 0xe3, 0x97, 0x59, 0xe2, 0x15, 0x62, 0x68, 
  0xc4, 0x9d, 0x8e, 0x74, 0x95, 0xa0, 0xbb, 0x5c, 0xf4, 0x03, 0xf9, 0xc8, 
  0x71, 0xee, 0x66, 0xdc, 0xbd, 0xe1, 0xae, 0x5c, 0x6a, 0x47, 0xd0, 0x6e, 
  0x88, 0x98, 0x1f, 0xd7, 0x7f, 0xbe, 0x4a, 0x7d, 0xb1, 0x36, 0x7c, 0xaa, 
  0x17, 0xf6, 0x38, 0xd4, 0x92, 0x69, 0x66, 0x3a, 0xb4, 0xec, 0x65, 0x7d, 
  0x44, 0x4b, 0x13, 0xfe, 0x23, 0x96, 0x60, 0xf2, 0x57, 0xb7, 0x76, 0x92, 
  0x1e, 0x87, 0x81, 0xb8, 0xa8, 0xc2, 0x01, 0xd6, 0x0f, 0x36, 0x0f, 0x3f, 
  0xf4, 0xda, 0xe8, 0x74, 0x42, 0xee, 0xe4, 0x8d, 0xb7, 0x82, 0xc0, 0x81, 
  0x41, 0xaf, 0xdb, 0x85, 0x06, 0xd9, 0x87, 0x23, 0xae, 0x93, 0x48, 0x3f, 
  0xf2, 0xd9, 0xd2, 0xea, 0x99, 0x54, 0x0a, 0x11, 0x68, 0x05, 0xdb, 0xaa, 
  0x3a, 0x09, 0x29, 0xb7, 0xd2, 0xff, 0xff, 0xff, 0x04, 0x00, 0x00, 0x00, 
  0x20, 0x00, 0x00, 0x00, 0x8b, 0xe9, 0xff, 0xff, 0x9e, 0xeb, 0xff, 0xff, 
  0x74, 0xfa, 0xff, 0xff, 0x6c, 0x09, 0x00, 0x00, 0x00, 0x16, 0x00, 0x00, 
  0x27, 0x10, 0x00, 0x00, 0xb4, 0x11, 0x00, 0x00, 0x71, 0xf5, 0xff, 0xff, 
  0x00, 0x00, 0x06, 0x00, 0x08, 0x00, 0x04, 0x00, 0x06, 0x00, 0x00, 0x00, 
  0x04, 0x00, 0x00, 0x00, 0x08, 0x00, 0x00, 0x00, 0x01, 0x00, 0x00, 0x00, 
  0x02, 0x00, 0x00, 0x00, 0x88, 0xd0, 0xff, 0xff, 0x8c, 0xd0, 0xff, 0xff, 
  0x0f, 0x00, 0x00, 0x00, 0x4d, 0x4c, 0x49, 0x52, 0x20, 0x43, 0x6f, 0x6e, 
  0x76, 0x65, 0x72, 0x74, 0x65, 0x64, 0x2e, 0x00, 0x01, 0x00, 0x00, 0x00, 
  0x14, 0x00, 0x00, 0x00, 0x00, 0x00, 0x0e, 0x00, 0x18, 0x00, 0x14, 0x00, 
  0x10, 0x00, 0x0c, 0x00, 0x08, 0x00, 0x04, 0x00, 0x0e, 0x00, 0x00, 0x00, 
  0x14, 0x00, 0x00, 0x00, 0x1c, 0x00, 0x00, 0x00, 0xcc, 0x03, 0x00, 0x00, 
  0xd0, 0x03, 0x00, 0x00, 0xd4, 0x03, 0x00, 0x00, 0x04, 0x00, 0x00, 0x00, 
  0x6d, 0x61, 0x69, 0x6e, 0x00, 0x00, 0x00, 0x00, 0x0e, 0x00, 0x00, 0x00, 
  0x68, 0x03, 0x00, 0x00, 0x00, 0x03, 0x00, 0x00, 0xb0, 0x02, 0x00, 0x00, 
  0x68, 0x02, 0x00, 0x00, 0x18, 0x02, 0x00, 0x00, 0xd0, 0x01, 0x00, 0x00, 
  0x90, 0x01, 0x00, 0x00, 0x48, 0x01, 0x00, 0x00, 0x08, 0x01, 0x00, 0x00, 
  0xd4, 0x00, 0x00, 0x00, 0x90, 0x00, 0x00, 0x00, 0x58, 0x00, 0x00, 0x00, 
  0x34, 0x00, 0x00, 0x00, 0x04, 0x00, 0x00, 0x00, 0xde, 0xff, 0xff, 0xff, 
  0x0c, 0x00, 0x00, 0x00, 0x10, 0x00, 0x00, 0x00, 0x05, 0x00, 0x00, 0x00, 
  0x01, 0x00, 0x00, 0x00, 0x25, 0x00, 0x00, 0x00, 0x01, 0x00, 0x00, 0x00, 
  0x24, 0x00, 0x00, 0x00, 0x00, 0x00, 0x0a, 0x00, 0x10, 0x00, 0x0c, 0x00, 
  0x08, 0x00, 0x04, 0x00, 0x0a, 0x00, 0x00, 0x00, 0x0c, 0x00, 0x00, 0x00, 
  0x10, 0x00, 0x00, 0x00, 0x04, 0x00, 0x00, 0x00, 0x01, 0x00, 0x00, 0x00, 
  0x24, 0x00, 0x00, 0x00, 0x01, 0x00, 0x00, 0x00, 0x23, 0x00, 0x00, 0x00, 
  0x1e, 0xfe, 0xff, 0xff, 0x14, 0x00, 0x00, 0x00, 0x00, 0x00, 0x00, 0x08, 
  0x10, 0x00, 0x00, 0x00, 0x14, 0x00, 0x00, 0x00, 0x03, 0x00, 0x00, 0x00, 
  0x80, 0xd1, 0xff, 0xff, 0x01, 0x00, 0x00, 0x00, 0x23, 0x00, 0x00, 0x00, 
  0x03, 0x00, 0x00, 0x00, 0x22, 0x00, 0x00, 0x00, 0x03, 0x00, 0x00, 0x00, 
  0x02, 0x00, 0x00, 0x00, 0xc2, 0xfd, 0xff, 0xff, 0x1c, 0x00, 0x00, 0x00, 
  0x00, 0x00, 0x00, 0x08, 0x1c, 0x00, 0x00, 0x00, 0x20, 0x00, 0x00, 0x00, 
  0x03, 0x00, 0x00, 0x00, 0x00, 0x00, 0x06, 0x00, 0x08, 0x00, 0x07, 0x00, 
  0x06, 0x00, 0x00, 0x00, 0x00, 0x00, 0x00, 0x01, 0x01, 0x00, 0x00, 0x00, 
  0x22, 0x00, 0x00, 0x00, 0x03, 0x00, 0x00, 0x00, 0x21, 0x00, 0x00, 0x00, 
  0x05, 0x00, 0x00, 0x00, 0x04, 0x00, 0x00, 0x00, 0x92, 0xfe, 0xff, 0xff, 
  0x14, 0x00, 0x00, 0x00, 0x00, 0x00, 0x00, 0x1b, 0x10, 0x00, 0x00, 0x00, 
  0x14, 0x00, 0x00, 0x00, 0x02, 0x00, 0x00, 0x00, 0xf4, 0xd1, 0xff, 0xff, 
  0x01, 0x00, 0x00, 0x00, 0x21, 0x00, 0x00, 0x00, 0x02, 0x00, 0x00, 0x00, 
  0x20, 0x00, 0x00, 0x00, 0x01, 0x00, 0x00, 0x00, 0xce, 0xfd, 0xff, 0xff, 
  0x10, 0x00, 0x00, 0x00, 0x00, 0x00, 0x00, 0x01, 0x18, 0x00, 0x00, 0x00, 
  0x1c, 0x00, 0x00, 0x00, 0xc0, 0xfd, 0xff, 0xff, 0x00, 0x00, 0x00, 0x03, 
  0x01, 0x00, 0x00, 0x00, 0x01, 0x00, 0x00, 0x00, 0x01, 0x00, 0x00, 0x00, 
  0x20, 0x00, 0x00, 0x00, 0x03, 0x00, 0x00, 0x00, 0x1f, 0x00, 0x00, 0x00, 
  0x07, 0x00, 0x00, 0x00, 0x06, 0x00, 0x00, 0x00, 0xfe, 0xfe, 0xff, 0xff, 
  0x14, 0x00, 0x00, 0x00, 0x00, 0x00, 0x00, 0x02, 0x20, 0x00, 0x00, 0x00, 
  0x24, 0x00, 0x00, 0x00, 0x01, 0x00, 0x00, 0x00, 0x5e, 0xfe, 0xff, 0xff, 
  0x00, 0x00, 0x00, 0x03, 0x01, 0x00, 0x00, 0x00, 0x02, 0x00, 0x00, 0x00, 
  0x02, 0x00, 0x00, 0x00, 0x01, 0x00, 0x00, 0x00, 0x1f, 0x00, 0x00, 0x00, 
  0x03, 0x00, 0x00, 0x00, 0x1e, 0x00, 0x00, 0x00, 0x09, 0x00, 0x00, 0x00, 
  0x08, 0x00, 0x00, 0x00, 0x4e, 0xfe, 0xff, 0xff, 0x10, 0x00, 0x00, 0x00, 
  0x00, 0x00, 0x00, 0x01, 0x18, 0x00, 0x00, 0x00, 0x1c, 0x00, 0x00, 0x00, 
  0x40, 0xfe, 0xff, 0xff, 0x00, 0x00, 0x00, 0x03, 0x01, 0x00, 0x00, 0x00, 
  0x01, 0x00, 0x00, 0x00, 0x01, 0x00, 0x00, 0x00, 0x1e, 0x00, 0x00, 0x00, 
  0x03, 0x00, 0x00, 0x00, 0x1d, 0x00, 0x00, 0x00, 0x0b, 0x00, 0x00, 0x00, 
  0x0a, 0x00, 0x00, 0x00, 0x7e, 0xff, 0xff, 0xff, 0x14, 0x00, 0x00, 0x00, 
  0x00, 0x00, 0x00, 0x02, 0x20, 0x00, 0x00, 0x00, 0x24, 0x00, 0x00, 0x00, 
  0x01, 0x00, 0x00, 0x00, 0xde, 0xfe, 0xff, 0xff, 0x00, 0x00, 0x00, 0x03, 
  0x01, 0x00, 0x00, 0x00, 0x02, 0x00, 0x00, 0x00, 0x02, 0x00, 0x00, 0x00, 
  0x01, 0x00, 0x00, 0x00, 0x1d, 0x00, 0x00, 0x00, 0x03, 0x00, 0x00, 0x00, 
  0x1c, 0x00, 0x00, 0x00, 0x0d, 0x00, 0x00, 0x00, 0x0c, 0x00, 0x00, 0x00, 
  0xce, 0xfe, 0xff, 0xff, 0x10, 0x00, 0x00, 0x00, 0x00, 0x00, 0x00, 0x01, 
  0x18, 0x00, 0x00, 0x00, 0x1c, 0x00, 0x00, 0x00, 0xc0, 0xfe, 0xff, 0xff, 
  0x00, 0x00, 0x00, 0x03, 0x01, 0x00, 0x00, 0x00, 0x01, 0x00, 0x00, 0x00, 
  0x01, 0x00, 0x00, 0x00, 0x1c, 0x00, 0x00, 0x00, 0x03, 0x00, 0x00, 0x00, 
  0x1b, 0x00, 0x00, 0x00, 0x0f, 0x00, 0x00, 0x00, 0x0e, 0x00, 0x00, 0x00, 
  0x00, 0x00, 0x0e, 0x00, 0x18, 0x00, 0x14, 0x00, 0x10, 0x00, 0x0c, 0x00, 
  0x0b, 0x00, 0x04, 0x00, 0x0e, 0x00, 0x00, 0x00, 0x14, 0x00, 0x00, 0x00, 
  0x00, 0x00, 0x00, 0x02, 0x20, 0x00, 0x00, 0x00, 0x24, 0x00, 0x00, 0x00, 
  0x01, 0x00, 0x00, 0x00, 0x6e, 0xff, 0xff, 0xff, 0x00, 0x00, 0x00, 0x03, 
  0x01, 0x00, 0x00, 0x00, 0x02, 0x00, 0x00, 0x00, 0x02, 0x00, 0x00, 0x00, 
  0x01, 0x00, 0x00, 0x00, 0x1b, 0x00, 0x00, 0x00, 0x03, 0x00, 0x00, 0x00, 
  0x1a, 0x00, 0x00, 0x00, 0x11, 0x00, 0x00, 0x00, 0x10, 0x00, 0x00, 0x00, 
  0x5e, 0xff, 0xff, 0xff, 0x10, 0x00, 0x00, 0x00, 0x00, 0x00, 0x00, 0x01, 
  0x18, 0x00, 0x00, 0x00, 0x1c, 0x00, 0x00, 0x00, 0x50, 0xff, 0xff, 0xff, 
  0x00, 0x00, 0x00, 0x03, 0x01, 0x00, 0x00, 0x00, 0x01, 0x00, 0x00, 0x00, 
  0x01, 0x00, 0x00, 0x00, 0x1a, 0x00, 0x00, 0x00, 0x03, 0x00, 0x00, 0x00, 
  0x19, 0x00, 0x00, 0x00, 0x13, 0x00, 0x00, 0x00, 0x12, 0x00, 0x00, 0x00, 
  0x00, 0x00, 0x0e, 0x00, 0x1a, 0x00, 0x14, 0x00, 0x10, 0x00, 0x0c, 0x00, 
  0x0b, 0x00, 0x04, 0x00, 0x0e, 0x00, 0x00, 0x00, 0x24, 0x00, 0x00, 0x00, 
  0x00, 0x00, 0x00, 0x02, 0x30, 0x00, 0x00, 0x00, 0x34, 0x00, 0x00, 0x00, 
  0x01, 0x00, 0x00, 0x00, 0x00, 0x00, 0x0e, 0x00, 0x14, 0x00, 0x00, 0x00, 
  0x10, 0x00, 0x0c, 0x00, 0x08, 0x00, 0x07, 0x00, 0x0e, 0x00, 0x00, 0x00, 
  0x00, 0x00, 0x00, 0x03, 0x01, 0x00, 0x00, 0x00, 0x02, 0x00, 0x00, 0x00, 
  0x02, 0x00, 0x00, 0x00, 0x01, 0x00, 0x00, 0x00, 0x19, 0x00, 0x00, 0x00, 
  0x03, 0x00, 0x00, 0x00, 0x18, 0x00, 0x00, 0x00, 0x15, 0x00, 0x00, 0x00, 
  0x14, 0x00, 0x00, 0x00, 0x00, 0x00, 0x0e, 0x00, 0x14, 0x00, 0x00, 0x00, 
  0x10, 0x00, 0x0c, 0x00, 0x0b, 0x00, 0x04, 0x00, 0x0e, 0x00, 0x00, 0x00, 
  0x1c, 0x00, 0x00, 0x00, 0x00, 0x00, 0x00, 0x01, 0x24, 0x00, 0x00, 0x00, 
  0x28, 0x00, 0x00, 0x00, 0x0c, 0x00, 0x10, 0x00, 0x00, 0x00, 0x0c, 0x00, 
  0x08, 0x00, 0x07, 0x00, 0x0c, 0x00, 0x00, 0x00, 0x00, 0x00, 0x00, 0x03, 
  0x02, 0x00, 0x00, 0x00, 0x02, 0x00, 0x00, 0x00, 0x01, 0x00, 0x00, 0x00, 
  0x18, 0x00, 0x00, 0x00, 0x03, 0x00, 0x00, 0x00, 0x00, 0x00, 0x00, 0x00, 
  0x17, 0x00, 0x00, 0x00, 0x16, 0x00, 0x00, 0x00, 0x01, 0x00, 0x00, 0x00, 
  0x25, 0x00, 0x00, 0x00, 0x01, 0x00, 0x00, 0x00, 0x00, 0x00, 0x00, 0x00, 
  0x26, 0x00, 0x00, 0x00, 0x94, 0x2b, 0x00, 0x00, 0x38, 0x2b, 0x00, 0x00, 
  0x68, 0x2a, 0x00, 0x00, 0xac, 0x29, 0x00, 0x00, 0xd8, 0x27, 0x00, 0x00, 
  0xfc, 0x25, 0x00, 0x00, 0x28, 0x24, 0x00, 0x00, 0x44, 0x22, 0x00, 0x00, 
  0xd0, 0x20, 0x00, 0x00, 0x34, 0x1f, 0x00, 0x00, 0xa8, 0x1d, 0x00, 0x00, 
  0x24, 0x1c, 0x00, 0x00, 0x10, 0x1b, 0x00, 0x00, 0xe8, 0x19, 0x00, 0x00, 
  0xd0, 0x18, 0x00, 0x00, 0xac, 0x17, 0x00, 0x00, 0xc8, 0x16, 0x00, 0x00, 
  0xd0, 0x15, 0x00, 0x00, 0xe8, 0x14, 0x00, 0x00, 0xf4, 0x13, 0x00, 0x00, 
  0x40, 0x13, 0x00, 0x00, 0x78, 0x12, 0x00, 0x00, 0xc0, 0x11, 0x00, 0x00, 
  0xfc, 0x10, 0x00, 0x00, 0xc0, 0x0f, 0x00, 0x00, 0xf4, 0x0d, 0x00, 0x00, 
  0xa0, 0x0c, 0x00, 0x00, 0xd4, 0x0a, 0x00, 0x00, 0x80, 0x09, 0x00, 0x00, 
  0xb4, 0x07, 0x00, 0x00, 0x60, 0x06, 0x00, 0x00, 0x94, 0x04, 0x00, 0x00, 
  0x40, 0x03, 0x00, 0x00, 0xb4, 0x02, 0x00, 0x00, 0xc8, 0x01, 0x00, 0x00, 
  0xfc, 0x00, 0x00, 0x00, 0x78, 0x00, 0x00, 0x00, 0x1c, 0x00, 0x00, 0x00, 
  0x00, 0x00, 0x16, 0x00, 0x1c, 0x00, 0x18, 0x00, 0x00, 0x00, 0x14, 0x00, 
  0x10, 0x00, 0x0c, 0x00, 0x00, 0x00, 0x00, 0x00, 0x08, 0x00, 0x07, 0x00, 
  0x16, 0x00, 0x00, 0x00, 0x00, 0x00, 0x00, 0x01, 0x14, 0x00, 0x00, 0x00, 
  0x1c, 0x00, 0x00, 0x00, 0x1c, 0x00, 0x00, 0x00, 0x26, 0x00, 0x00, 0x00, 
  0x34, 0x00, 0x00, 0x00, 0x02, 0x00, 0x00, 0x00, 0xff, 0xff, 0xff, 0xff, 
  0x08, 0x00, 0x00, 0x00, 0x80, 0xd5, 0xff, 0xff, 0x1b, 0x00, 0x00, 0x00, 
  0x53, 0x74, 0x61, 0x74, 0x65, 0x66, 0x75, 0x6c, 0x50, 0x61, 0x72, 0x74, 
  0x69, 0x74, 0x69, 0x6f, 0x6e, 0x65, 0x64, 0x43, 0x61, 0x6c, 0x6c, 0x5f, 
  0x31, 0x3a, 0x30, 0x00, 0x02, 0x00, 0x00, 0x00, 0x01, 0x00, 0x00, 0x00, 
  0x08, 0x00, 0x00, 0x00, 0x8a, 0xd5, 0xff, 0xff, 0x00, 0x00, 0x00, 0x01, 
  0x18, 0x00, 0x00, 0x00, 0x20, 0x00, 0x00, 0x00, 0x40, 0x00, 0x00, 0x00, 
  0x25, 0x00, 0x00, 0x00, 0x00, 0x00, 0x00, 0x09, 0x58, 0x00, 0x00, 0x00, 
  0x02, 0x00, 0x00, 0x00, 0xff, 0xff, 0xff, 0xff, 0x08, 0x00, 0x00, 0x00, 
  0x6c, 0xd5, 0xff, 0xff, 0x08, 0x00, 0x00, 0x00, 0x14, 0x00, 0x00, 0x00, 
  0x01, 0x00, 0x00, 0x00, 0x80, 0xff, 0xff, 0xff, 0xff, 0xff, 0xff, 0xff, 
  0x00, 0x00, 0x00, 0x00, 0x01, 0x00, 0x00, 0x00, 0x00, 0x00, 0x80, 0x3b, 
  0x1c, 0x00, 0x00, 0x00, 0x53, 0x74, 0x61, 0x74, 0x65, 0x66, 0x75, 0x6c, 
  0x50, 0x61, 0x72, 0x74, 0x69, 0x74, 0x69, 0x6f, 0x6e, 0x65, 0x64, 0x43, 
  0x61, 0x6c, 0x6c, 0x5f, 0x31, 0x3a, 0x30, 0x31, 0x00, 0x00, 0x00, 0x00, 
  0x02, 0x00, 0x00, 0x00, 0x01, 0x00, 0x00, 0x00, 0x08, 0x00, 0x00, 0x00, 
  0x0a, 0xd6, 0xff, 0xff, 0x00, 0x00, 0x00, 0x01, 0x18, 0x00, 0x00, 0x00, 
  0x20, 0x00, 0x00, 0x00, 0x40, 0x00, 0x00, 0x00, 0x24, 0x00, 0x00, 0x00, 
  0x00, 0x00, 0x00, 0x09, 0xa0, 0x00, 0x00, 0x00, 0x02, 0x00, 0x00, 0x00, 
  0xff, 0xff, 0xff, 0xff, 0x08, 0x00, 0x00, 0x00, 0xec, 0xd5, 0xff, 0xff, 
  0x08, 0x00, 0x00, 0x00, 0x14, 0x00, 0x00, 0x00, 0x01, 0x00, 0x00, 0x00, 
  0x51, 0x00, 0x00, 0x00, 0x00, 0x00, 0x00, 0x00, 0x00, 0x00, 0x00, 0x00, 
  0x01, 0x00, 0x00, 0x00, 0x91, 0x4b, 0xa0, 0x3b, 0x66, 0x00, 0x00, 0x00, 
  0x4d, 0x69, 0x63, 0x72, 0x6f, 0x43, 0x6f, 0x72, 0x6e, 0x65, 0x72, 0x52, 
  0x65, 0x67, 0x72, 0x65, 0x73, 0x73, 0x6f, 0x72, 0x5f, 0x61, 0x35, 0x30, 
  0x5f, 0x31, 0x2f, 0x63, 0x6f, 0x72, 0x6e, 0x65, 0x72, 0x73, 0x5f, 0x6f, 
  0x75, 0x74, 0x70, 0x75, 0x74, 0x5f, 0x31, 0x2f, 0x4d, 0x61, 0x74, 0x4d, 
  0x75, 0x6c, 0x3b, 0x4d, 0x69, 0x63, 0x72, 0x6f, 0x43, 0x6f, 0x72, 0x6e, 
  0x65, 0x72, 0x52, 0x65, 0x67, 0x72, 0x65, 0x73, 0x73, 0x6f, 0x72, 0x5f, 
  0x61, 0x35, 0x30, 0x5f, 0x31, 0x2f, 0x63, 0x6f, 0x72, 0x6e, 0x65, 0x72, 
  0x73, 0x5f, 0x6f, 0x75, 0x74, 0x70, 0x75, 0x74, 0x5f, 0x31, 0x2f, 0x42, 
  0x69, 0x61, 0x73, 0x41, 0x64, 0x64, 0x00, 0x00, 0x02, 0x00, 0x00, 0x00, 
  0x01, 0x00, 0x00, 0x00, 0x08, 0x00, 0x00, 0x00, 0xd2, 0xd6, 0xff, 0xff, 
  0x00, 0x00, 0x00, 0x01, 0x18, 0x00, 0x00, 0x00, 0x20, 0x00, 0x00, 0x00, 
  0x3c, 0x00, 0x00, 0x00, 0x23, 0x00, 0x00, 0x00, 0x00, 0x00, 0x00, 0x09, 
  0xc0, 0x00, 0x00, 0x00, 0x02, 0x00, 0x00, 0x00, 0xff, 0xff, 0xff, 0xff, 
  0x20, 0x00, 0x00, 0x00, 0xb4, 0xd6, 0xff, 0xff, 0x08, 0x00, 0x00, 0x00, 
  0x10, 0x00, 0x00, 0x00, 0x01, 0x00, 0x00, 0x00, 0x80, 0xff, 0xff, 0xff, 
  0xff, 0xff, 0xff, 0xff, 0x01, 0x00, 0x00, 0x00, 0x36, 0x5a, 0x50, 0x3b, 
  0x8b, 0x00, 0x00, 0x00, 0x4d, 0x69, 0x63, 0x72, 0x6f, 0x43, 0x6f, 0x72, 
  0x6e, 0x65, 0x72, 0x52, 0x65, 0x67, 0x72, 0x65, 0x73, 0x73, 0x6f, 0x72, 
  0x5f, 0x61, 0x35, 0x30, 0x5f, 0x31, 0x2f, 0x68, 0x65, 0x61, 0x64, 0x5f, 
  0x64, 0x65, 0x6e, 0x73, 0x65, 0x5f, 0x31, 0x2f, 0x4d, 0x61, 0x74, 0x4d, 
  0x75, 0x6c, 0x3b, 0x4d, 0x69, 0x63, 0x72, 0x6f, 0x43, 0x6f, 0x72, 0x6e, 
  0x65, 0x72, 0x52, 0x65, 0x67, 0x72, 0x65, 0x73, 0x73, 0x6f, 0x72, 0x5f, 
  0x61, 0x35, 0x30, 0x5f, 0x31, 0x2f, 0x68, 0x65, 0x61, 0x64, 0x5f, 0x64, 
  0x65, 0x6e, 0x73, 0x65, 0x5f, 0x31, 0x2f, 0x52, 0x65, 0x6c, 0x75, 0x3b, 
  0x4d, 0x69, 0x63, 0x72, 0x6f, 0x43, 0x6f, 0x72, 0x6e, 0x65, 0x72, 0x52, 
  0x65, 0x67, 0x72, 0x65, 0x73, 0x73, 0x6f, 0x72, 0x5f, 0x61, 0x35, 0x30, 
  0x5f, 0x31, 0x2f, 0x68, 0x65, 0x61, 0x64, 0x5f, 0x64, 0x65, 0x6e, 0x73, 
  0x65, 0x5f, 0x31, 0x2f, 0x42, 0x69, 0x61, 0x73, 0x41, 0x64, 0x64, 0x00, 
  0x02, 0x00, 0x00, 0x00, 0x01, 0x00, 0x00, 0x00, 0x20, 0x00, 0x00, 0x00, 
  0xba, 0xd7, 0xff, 0xff, 0x00, 0x00, 0x00, 0x01, 0x18, 0x00, 0x00, 0x00, 
  0x20, 0x00, 0x00, 0x00, 0x40, 0x00, 0x00, 0x00, 0x22, 0x00, 0x00, 0x00, 
  0x00, 0x00, 0x00, 0x09, 0x60, 0x00, 0x00, 0x00, 0x02, 0x00, 0x00, 0x00, 
  0xff, 0xff, 0xff, 0xff, 0x20, 0x00, 0x00, 0x00, 0x9c, 0xd7, 0xff, 0xff, 
  0x08, 0x00, 0x00, 0x00, 0x14, 0x00, 0x00, 0x00, 0x01, 0x00, 0x00, 0x00, 
  0x80, 0xff, 0xff, 0xff, 0xff, 0xff, 0xff, 0xff, 0x00, 0x00, 0x00, 0x00, 
  0x01, 0x00, 0x00, 0x00, 0x58, 0xd9, 0x6e, 0x3b, 0x25, 0x00, 0x00, 0x00, 
  0x4d, 0x69, 0x63, 0x72, 0x6f, 0x43, 0x6f, 0x72, 0x6e, 0x65, 0x72, 0x52, 
  0x65, 0x67, 0x72, 0x65, 0x73, 0x73, 0x6f, 0x72, 0x5f, 0x61, 0x35, 0x30, 
  0x5f, 0x31, 0x2f, 0x67, 0x61, 0x70, 0x5f, 0x31, 0x2f, 0x4d, 0x65, 0x61, 
  0x6e, 0x00, 0x00, 0x00, 0x02, 0x00, 0x00, 0x00, 0x01, 0x00, 0x00, 0x00, 
  0x20, 0x00, 0x00, 0x00, 0x42, 0xd8, 0xff, 0xff, 0x00, 0x00, 0x00, 0x01, 
  0x18, 0x00, 0x00, 0x00, 0x28, 0x00, 0x00, 0x00, 0x44, 0x00, 0x00, 0x00, 
  0x21, 0x00, 0x00, 0x00, 0x00, 0x00, 0x00, 0x09, 0x20, 0x01, 0x00, 0x00, 
  0x04, 0x00, 0x00, 0x00, 0xff, 0xff, 0xff, 0xff, 0x04, 0x00, 0x00, 0x00, 
  0x04, 0x00, 0x00, 0x00, 0x20, 0x00, 0x00, 0x00, 0x2c, 0xd8, 0xff, 0xff, 
  0x08, 0x00, 0x00, 0x00, 0x10, 0x00, 0x00, 0x00, 0x01, 0x00, 0x00, 0x00, 
  0x80, 0xff, 0xff, 0xff, 0xff, 0xff, 0xff, 0xff, 0x01, 0x00, 0x00, 0x00, 
  0x8e, 0x57, 0x84, 0x3b, 0xe3, 0x00, 0x00, 0x00, 0x4d, 0x69, 0x63, 0x72, 
  0x6f, 0x43, 0x6f, 0x72, 0x6e, 0x65, 0x72, 0x52, 0x65, 0x67, 0x72, 0x65, 
  0x73, 0x73, 0x6f, 0x72, 0x5f, 0x61, 0x35, 0x30, 0x5f, 0x31, 0x2f, 0x64, 
  0x73, 0x5f, 0x73, 0x74, 0x61, 0x67, 0x65, 0x34, 0x5f, 0x70, 0x77, 0x5f, 
  0x72, 0x65, 0x6c, 0x75, 0x36, 0x5f, 0x31, 0x2f, 0x52, 0x65, 0x6c, 0x75, 
  0x36, 0x3b, 0x4d, 0x69, 0x63, 0x72, 0x6f, 0x43, 0x6f, 0x72, 0x6e, 0x65, 
  0x72, 0x52, 0x65, 0x67, 0x72, 0x65, 0x73, 0x73, 0x6f, 0x72, 0x5f, 0x61, 
  0x35, 0x30, 0x5f, 0x31, 0x2f, 0x64, 0x73, 0x5f, 0x73, 0x74, 0x61, 0x67, 
  0x65, 0x34, 0x5f, 0x70, 0x77, 0x5f, 0x62, 0x6e, 0x5f, 0x31, 0x2f, 0x62, 
  0x61, 0x74, 0x63, 0x68, 0x6e, 0x6f, 0x72, 0x6d, 0x2f, 0x61, 0x64, 0x64, 
  0x5f, 0x31, 0x3b, 0x4d, 0x69, 0x63, 0x72, 0x6f, 0x43, 0x6f, 0x72, 0x6e, 
  0x65, 0x72, 0x52, 0x65, 0x67, 0x72, 0x65, 0x73, 0x73, 0x6f, 0x72, 0x5f, 
  0x61, 0x35, 0x30, 0x5f, 0x31, 0x2f, 0x64, 0x73, 0x5f, 0x73, 0x74, 0x61, 
  0x67, 0x65, 0x34, 0x5f, 0x70, 0x77, 0x5f, 0x31, 0x2f, 0x63, 0x6f, 0x6e, 
  0x76, 0x6f, 0x6c, 0x75, 0x74, 0x69, 0x6f, 0x6e, 0x3b, 0x4d, 0x69, 0x63, 
  0x72, 0x6f, 0x43, 0x6f, 0x72, 0x6e, 0x65, 0x72, 0x52, 0x65, 0x67, 0x72, 
  0x65, 0x73, 0x73, 0x6f, 0x72, 0x5f, 0x61, 0x35, 0x30, 0x5f, 0x31, 0x2f, 
  0x64, 0x73, 0x5f, 0x73, 0x74, 0x61, 0x67, 0x65, 0x34, 0x5f, 0x70, 0x77, 
  0x5f, 0x62, 0x6e, 0x5f, 0x31, 0x2f, 0x62, 0x61, 0x74, 0x63, 0x68, 0x6e, 
  0x6f, 0x72, 0x6d, 0x2f, 0x73, 0x75, 0x62, 0x00, 0x04, 0x00, 0x00, 0x00, 
  0x01, 0x00, 0x00, 0x00, 0x04, 0x00, 0x00, 0x00, 0x04, 0x00, 0x00, 0x00, 
  0x20, 0x00, 0x00, 0x00, 0x92, 0xd9, 0xff, 0xff, 0x00, 0x00, 0x00, 0x01, 
  0x18, 0x00, 0x00, 0x00, 0x28, 0x00, 0x00, 0x00, 0x44, 0x00, 0x00, 0x00, 
  0x20, 0x00, 0x00, 0x00, 0x00, 0x00, 0x00, 0x09, 0x98, 0x01, 0x00, 0x00, 
  0x04, 0x00, 0x00, 0x00, 0xff, 0xff, 0xff, 0xff, 0x04, 0x00, 0x00, 0x00, 
  0x04, 0x00, 0x00, 0x00, 0x18, 0x00, 0x00, 0x00, 0x7c, 0xd9, 0xff, 0xff, 
  0x08, 0x00, 0x00, 0x00, 0x10, 0x00, 0x00, 0x00, 0x01, 0x00, 0x00, 0x00, 
  0x80, 0xff, 0xff, 0xff, 0xff, 0xff, 0xff, 0xff, 0x01, 0x00, 0x00, 0x00, 
  0xbf, 0x68, 0x8b, 0x3b, 0x59, 0x01, 0x00, 0x00, 0x4d, 0x69, 0x63, 0x72, 
  0x6f, 0x43, 0x6f, 0x72, 0x6e, 0x65, 0x72, 0x52, 0x65, 0x67, 0x72, 0x65, 
  0x73, 0x73, 0x6f, 0x72, 0x5f, 0x61, 0x35, 0x30, 0x5f, 0x31, 0x2f, 0x64, 
  0x73, 0x5f, 0x73, 0x74, 0x61, 0x67, 0x65, 0x34, 0x5f, 0x64, 0x77, 0x5f, 
  0x72, 0x65, 0x6c, 0x75, 0x36, 0x5f, 0x31, 0x2f, 0x52, 0x65, 0x6c, 0x75, 
  0x36, 0x3b, 0x4d, 0x69, 0x63, 0x72, 0x6f, 0x43, 0x6f, 0x72, 0x6e, 0x65, 
  0x72, 0x52, 0x65, 0x67, 0x72, 0x65, 0x73, 0x73, 0x6f, 0x72, 0x5f, 0x61, 
  0x35, 0x30, 0x5f, 0x31, 0x2f, 0x64, 0x73, 0x5f, 0x73, 0x74, 0x61, 0x67, 
  0x65, 0x34, 0x5f, 0x64, 0x77, 0x5f, 0x62, 0x6e, 0x5f, 0x31, 0x2f, 0x62, 
  0x61, 0x74, 0x63, 0x68, 0x6e, 0x6f, 0x72, 0x6d, 0x2f, 0x61, 0x64, 0x64, 
  0x5f, 0x31, 0x3b, 0x4d, 0x69, 0x63, 0x72, 0x6f, 0x43, 0x6f, 0x72, 0x6e, 
  0x65, 0x72, 0x52, 0x65, 0x67, 0x72, 0x65, 0x73, 0x73, 0x6f, 0x72, 0x5f, 
  0x61, 0x35, 0x30, 0x5f, 0x31, 0x2f, 0x64, 0x73, 0x5f, 0x73, 0x74, 0x61, 
  0x67, 0x65, 0x34, 0x5f, 0x64, 0x77, 0x5f, 0x62, 0x6e, 0x5f, 0x31, 0x2f, 
  0x62, 0x61, 0x74, 0x63, 0x68, 0x6e, 0x6f, 0x72, 0x6d, 0x2f, 0x6d, 0x75, 
  0x6c, 0x5f, 0x31, 0x3b, 0x4d, 0x69, 0x63, 0x72, 0x6f, 0x43, 0x6f, 0x72, 
  0x6e, 0x65, 0x72, 0x52, 0x65, 0x67, 0x72, 0x65, 0x73, 0x73, 0x6f, 0x72, 
  0x5f, 0x61, 0x35, 0x30, 0x5f, 0x31, 0x2f, 0x64, 0x73, 0x5f, 0x73, 0x74, 
  0x61, 0x67, 0x65, 0x34, 0x5f, 0x64, 0x77, 0x5f, 0x31, 0x2f, 0x64, 0x65, 
  0x70, 0x74, 0x68, 0x77, 0x69, 0x73, 0x65, 0x3b, 0x4d, 0x69, 0x63, 0x72, 
  0x6f, 0x43, 0x6f, 0x72, 0x6e, 0x65, 0x72, 0x52, 0x65, 0x67, 0x72, 0x65, 
  0x73, 0x73, 0x6f, 0x72, 0x5f, 0x61, 0x35, 0x30, 0x5f, 0x31, 0x2f, 0x64, 
  0x73, 0x5f, 0x73, 0x74, 0x61, 0x67, 0x65, 0x34, 0x5f, 0x64, 0x77, 0x5f, 
  0x62, 0x6e, 0x5f, 0x31, 0x2f, 0x62, 0x61, 0x74, 0x63, 0x68, 0x6e, 0x6f, 
  0x72, 0x6d, 0x2f, 0x6d, 0x75, 0x6c, 0x3b, 0x4d, 0x69, 0x63, 0x72, 0x6f, 
  0x43, 0x6f, 0x72, 0x6e, 0x65, 0x72, 0x52, 0x65, 0x67, 0x72, 0x65, 0x73, 
  0x73, 0x6f, 0x72, 0x5f, 0x61, 0x35, 0x30, 0x5f, 0x31, 0x2f, 0x64, 0x73, 
  0x5f, 0x73, 0x74, 0x61, 0x67, 0x65, 0x34, 0x5f, 0x64, 0x77, 0x5f, 0x62, 
  0x6e, 0x5f, 0x31, 0x2f, 0x62, 0x61, 0x74, 0x63, 0x68, 0x6e, 0x6f, 0x72, 
  0x6d, 0x2f, 0x73, 0x75, 0x62, 0x00, 0x00, 0x00, 0x04, 0x00, 0x00, 0x00, 
  0x01, 0x00, 0x00, 0x00, 0x04, 0x00, 0x00, 0x00, 0x04, 0x00, 0x00, 0x00, 
  0x18, 0x00, 0x00, 0x00, 0x5a, 0xdb, 0xff, 0xff, 0x00, 0x00, 0x00, 0x01, 
  0x18, 0x00, 0x00, 0x00, 0x28, 0x00, 0x00, 0x00, 0x44, 0x00, 0x00, 0x00, 
  0x1f, 0x00, 0x00, 0x00, 0x00, 0x00, 0x00, 0x09, 0x20, 0x01, 0x00, 0x00, 
  0x04, 0x00, 0x00, 0x00, 0xff, 0xff, 0xff, 0xff, 0x08, 0x00, 0x00, 0x00, 
  0x08, 0x00, 0x00, 0x00, 0x18, 0x00, 0x00, 0x00, 0x44, 0xdb, 0xff, 0xff, 
  0x08, 0x00, 0x00, 0x00, 0x10, 0x00, 0x00, 0x00, 0x01, 0x00, 0x00, 0x00, 
  0x80, 0xff, 0xff, 0xff, 0xff, 0xff, 0xff, 0xff, 0x01, 0x00, 0x00, 0x00, 
  0x2a, 0x72, 0x88, 0x3b, 0xe3, 0x00, 0x00, 0x00, 0x4d, 0x69, 0x63, 0x72, 
  0x6f, 0x43, 0x6f, 0x72, 0x6e, 0x65, 0x72, 0x52, 0x65, 0x67, 0x72, 0x65, 
  0x73, 0x73, 0x6f, 0x72, 0x5f, 0x61, 0x35, 0x30, 0x5f, 0x31, 0x2f, 0x64, 
  0x73, 0x5f, 0x73, 0x74, 0x61, 0x67, 0x65, 0x33, 0x5f, 0x70, 0x77, 0x5f, 
  0x72, 0x65, 0x6c, 0x75, 0x36, 0x5f, 0x31, 0x2f, 0x52, 0x65, 0x6c, 0x75, 
  0x36, 0x3b, 0x4d, 0x69, 0x63, 0x72, 0x6f, 0x43, 0x6f, 0x72, 0x6e, 0x65, 
  0x72, 0x52, 0x65, 0x67, 0x72, 0x65, 0x73, 0x73, 0x6f, 0x72, 0x5f, 0x61, 
  0x35, 0x30, 0x5f, 0x31, 0x2f, 0x64, 0x73, 0x5f, 0x73, 0x74, 0x61, 0x67, 
  0x65, 0x33, 0x5f, 0x70, 0x77, 0x5f, 0x62, 0x6e, 0x5f, 0x31, 0x2f, 0x62, 
  0x61, 0x74, 0x63, 0x68, 0x6e, 0x6f, 0x72, 0x6d, 0x2f, 0x61, 0x64, 0x64, 
  0x5f, 0x31, 0x3b, 0x4d, 0x69, 0x63, 0x72, 0x6f, 0x43, 0x6f, 0x72, 0x6e, 
  0x65, 0x72, 0x52, 0x65, 0x67, 0x72, 0x65, 0x73, 0x73, 0x6f, 0x72, 0x5f, 
  0x61, 0x35, 0x30, 0x5f, 0x31, 0x2f, 0x64, 0x73, 0x5f, 0x73, 0x74, 0x61, 
  0x67, 0x65, 0x33, 0x5f, 0x70, 0x77, 0x5f, 0x31, 0x2f, 0x63, 0x6f, 0x6e, 
  0x76, 0x6f, 0x6c, 0x75, 0x74, 0x69, 0x6f, 0x6e, 0x3b, 0x4d, 0x69, 0x63, 
  0x72, 0x6f, 0x43, 0x6f, 0x72, 0x6e, 0x65, 0x72, 0x52, 0x65, 0x67, 0x72, 
  0x65, 0x73, 0x73, 0x6f, 0x72, 0x5f, 0x61, 0x35, 0x30, 0x5f, 0x31, 0x2f, 
  0x64, 0x73, 0x5f, 0x73, 0x74, 0x61, 0x67, 0x65, 0x33, 0x5f, 0x70, 0x77, 
  0x5f, 0x62, 0x6e, 0x5f, 0x31, 0x2f, 0x62, 0x61, 0x74, 0x63, 0x68, 0x6e, 
  0x6f, 0x72, 0x6d, 0x2f, 0x73, 0x75, 0x62, 0x00, 0x04, 0x00, 0x00, 0x00, 
  0x01, 0x00, 0x00, 0x00, 0x08, 0x00, 0x00, 0x00, 0x08, 0x00, 0x00, 0x00, 
  0x18, 0x00, 0x00, 0x00, 0xaa, 0xdc, 0xff, 0xff, 0x00, 0x00, 0x00, 0x01, 
  0x18, 0x00, 0x00, 0x00, 0x28, 0x00, 0x00, 0x00, 0x44, 0x00, 0x00, 0x00, 
  0x1e, 0x00, 0x00, 0x00, 0x00, 0x00, 0x00, 0x09, 0x98, 0x01, 0x00, 0x00, 
  0x04, 0x00, 0x00, 0x00, 0xff, 0xff, 0xff, 0xff, 0x08, 0x00, 0x00, 0x00, 
  0x08, 0x00, 0x00, 0x00, 0x10, 0x00, 0x00, 0x00, 0x94, 0xdc, 0xff, 0xff, 
  0x08, 0x00, 0x00, 0x00, 0x10, 0x00, 0x00, 0x00, 0x01, 0x00, 0x00, 0x00, 
  0x80, 0xff, 0xff, 0xff, 0xff, 0xff, 0xff, 0xff, 0x01, 0x00, 0x00, 0x00, 
  0xf8, 0x14, 0xf2, 0x3a, 0x59, 0x01, 0x00, 0x00, 0x4d, 0x69, 0x63, 0x72, 
  0x6f, 0x43, 0x6f, 0x72, 0x6e, 0x65, 0x72, 0x52, 0x65, 0x67, 0x72, 0x65, 
  0x73, 0x73, 0x6f, 0x72, 0x5f, 0x61, 0x35, 0x30, 0x5f, 0x31, 0x2f, 0x64, 
  0x73, 0x5f, 0x73, 0x74, 0x61, 0x67, 0x65, 0x33, 0x5f, 0x64, 0x77, 0x5f, 
  0x72, 0x65, 0x6c, 0x75, 0x36, 0x5f, 0x31, 0x2f, 0x52, 0x65, 0x6c, 0x75, 
  0x36, 0x3b, 0x4d, 0x69, 0x63, 0x72, 0x6f, 0x43, 0x6f, 0x72, 0x6e, 0x65, 
  0x72, 0x52, 0x65, 0x67, 0x72, 0x65, 0x73, 0x73, 0x6f, 0x72, 0x5f, 0x61, 
  0x35, 0x30, 0x5f, 0x31, 0x2f, 0x64, 0x73, 0x5f, 0x73, 0x74, 0x61, 0x67, 
  0x65, 0x33, 0x5f, 0x64, 0x77, 0x5f, 0x62, 0x6e, 0x5f, 0x31, 0x2f, 0x62, 
  0x61, 0x74, 0x63, 0x68, 0x6e, 0x6f, 0x72, 0x6d, 0x2f, 0x61, 0x64, 0x64, 
  0x5f, 0x31, 0x3b, 0x4d, 0x69, 0x63, 0x72, 0x6f, 0x43, 0x6f, 0x72, 0x6e, 
  0x65, 0x72, 0x52, 0x65, 0x67, 0x72, 0x65, 0x73, 0x73, 0x6f, 0x72, 0x5f, 
  0x61, 0x35, 0x30, 0x5f, 0x31, 0x2f, 0x64, 0x73, 0x5f, 0x73, 0x74, 0x61, 
  0x67, 0x65, 0x33, 0x5f, 0x64, 0x77, 0x5f, 0x62, 0x6e, 0x5f, 0x31, 0x2f, 
  0x62, 0x61, 0x74, 0x63, 0x68, 0x6e, 0x6f, 0x72, 0x6d, 0x2f, 0x6d, 0x75, 
  0x6c, 0x5f, 0x31, 0x3b, 0x4d, 0x69, 0x63, 0x72, 0x6f, 0x43, 0x6f, 0x72, 
  0x6e, 0x65, 0x72, 0x52, 0x65, 0x67, 0x72, 0x65, 0x73, 0x73, 0x6f, 0x72, 
  0x5f, 0x61, 0x35, 0x30, 0x5f, 0x31, 0x2f, 0x64, 0x73, 0x5f, 0x73, 0x74, 
  0x61, 0x67, 0x65, 0x33, 0x5f, 0x64, 0x77, 0x5f, 0x31, 0x2f, 0x64, 0x65, 
  0x70, 0x74, 0x68, 0x77, 0x69, 0x73, 0x65, 0x3b, 0x4d, 0x69, 0x63, 0x72, 
  0x6f, 0x43, 0x6f, 0x72, 0x6e, 0x65, 0x72, 0x52, 0x65, 0x67, 0x72, 0x65, 
  0x73, 0x73, 0x6f, 0x72, 0x5f, 0x61, 0x35, 0x30, 0x5f, 0x31, 0x2f, 0x64, 
  0x73, 0x5f, 0x73, 0x74, 0x61, 0x67, 0x65, 0x33, 0x5f, 0x64, 0x77, 0x5f, 
  0x62, 0x6e, 0x5f, 0x31, 0x2f, 0x62, 0x61, 0x74, 0x63, 0x68, 0x6e, 0x6f, 
  0x72, 0x6d, 0x2f, 0x6d, 0x75, 0x6c, 0x3b, 0x4d, 0x69, 0x63, 0x72, 0x6f, 
  0x43, 0x6f, 0x72, 0x6e, 0x65, 0x72, 0x52, 0x65, 0x67, 0x72, 0x65, 0x73, 
  0x73, 0x6f, 0x72, 0x5f, 0x61, 0x35, 0x30, 0x5f, 0x31, 0x2f, 0x64, 0x73, 
  0x5f, 0x73, 0x74, 0x61, 0x67, 0x65, 0x33, 0x5f, 0x64, 0x77, 0x5f, 0x62, 
  0x6e, 0x5f, 0x31, 0x2f, 0x62, 0x61, 0x74, 0x63, 0x68, 0x6e, 0x6f, 0x72, 
  0x6d, 0x2f, 0x73, 0x75, 0x62, 0x00, 0x00, 0x00, 0x04, 0x00, 0x00, 0x00, 
  0x01, 0x00, 0x00, 0x00, 0x08, 0x00, 0x00, 0x00, 0x08, 0x00, 0x00, 0x00, 
  0x10, 0x00, 0x00, 0x00, 0x72, 0xde, 0xff, 0xff, 0x00, 0x00, 0x00, 0x01, 
  0x18, 0x00, 0x00, 0x00, 0x28, 0x00, 0x00, 0x00, 0x44, 0x00, 0x00, 0x00, 
  0x1d, 0x00, 0x00, 0x00, 0x00, 0x00, 0x00, 0x09, 0x20, 0x01, 0x00, 0x00, 
  0x04, 0x00, 0x00, 0x00, 0xff, 0xff, 0xff, 0xff, 0x10, 0x00, 0x00, 0x00, 
  0x10, 0x00, 0x00, 0x00, 0x10, 0x00, 0x00, 0x00, 0x5c, 0xde, 0xff, 0xff, 
  0x08, 0x00, 0x00, 0x00, 0x10, 0x00, 0x00, 0x00, 0x01, 0x00, 0x00, 0x00, 
  0x80, 0xff, 0xff, 0xff, 0xff, 0xff, 0xff, 0xff, 0x01, 0x00, 0x00, 0x00, 
  0xa6, 0x3b, 0x7d, 0x3b, 0xe3, 0x00, 0x00, 0x00, 0x4d, 0x69, 0x63, 0x72, 
  0x6f, 0x43, 0x6f, 0x72, 0x6e, 0x65, 0x72, 0x52, 0x65, 0x67, 0x72, 0x65, 
  0x73, 0x73, 0x6f, 0x72, 0x5f, 0x61, 0x35, 0x30, 0x5f, 0x31, 0x2f, 0x64, 
  0x73, 0x5f, 0x73, 0x74, 0x61, 0x67, 0x65, 0x32, 0x5f, 0x70, 0x77, 0x5f, 
  0x72, 0x65, 0x6c, 0x75, 0x36, 0x5f, 0x31, 0x2f, 0x52, 0x65, 0x6c, 0x75, 
  0x36, 0x3b, 0x4d, 0x69, 0x63, 0x72, 0x6f, 0x43, 0x6f, 0x72, 0x6e, 0x65, 
  0x72, 0x52, 0x65, 0x67, 0x72, 0x65, 0x73, 0x73, 0x6f, 0x72, 0x5f, 0x61, 
  0x35, 0x30, 0x5f, 0x31, 0x2f, 0x64, 0x73, 0x5f, 0x73, 0x74, 0x61, 0x67, 
  0x65, 0x32, 0x5f, 0x70, 0x77, 0x5f, 0x62, 0x6e, 0x5f, 0x31, 0x2f, 0x62, 
  0x61, 0x74, 0x63, 0x68, 0x6e, 0x6f, 0x72, 0x6d, 0x2f, 0x61, 0x64, 0x64, 
  0x5f, 0x31, 0x3b, 0x4d, 0x69, 0x63, 0x72, 0x6f, 0x43, 0x6f, 0x72, 0x6e, 
  0x65, 0x72, 0x52, 0x65, 0x67, 0x72, 0x65, 0x73, 0x73, 0x6f, 0x72, 0x5f, 
  0x61, 0x35, 0x30, 0x5f, 0x31, 0x2f, 0x64, 0x73, 0x5f, 0x73, 0x74, 0x61, 
  0x67, 0x65, 0x32, 0x5f, 0x70, 0x77, 0x5f, 0x31, 0x2f, 0x63, 0x6f, 0x6e, 
  0x76, 0x6f, 0x6c, 0x75, 0x74, 0x69, 0x6f, 0x6e, 0x3b, 0x4d, 0x69, 0x63, 
  0x72, 0x6f, 0x43, 0x6f, 0x72, 0x6e, 0x65, 0x72, 0x52, 0x65, 0x67, 0x72, 
  0x65, 0x73, 0x73, 0x6f, 0x72, 0x5f, 0x61, 0x35, 0x30, 0x5f, 0x31, 0x2f, 
  0x64, 0x73, 0x5f, 0x73, 0x74, 0x61, 0x67, 0x65, 0x32, 0x5f, 0x70, 0x77, 
  0x5f, 0x62, 0x6e, 0x5f, 0x31, 0x2f, 0x62, 0x61, 0x74, 0x63, 0x68, 0x6e, 
  0x6f, 0x72, 0x6d, 0x2f, 0x73, 0x75, 0x62, 0x00, 0x04, 0x00, 0x00, 0x00, 
  0x01, 0x00, 0x00, 0x00, 0x10, 0x00, 0x00, 0x00, 0x10, 0x00, 0x00, 0x00, 
  0x10, 0x00, 0x00, 0x00, 0xc2, 0xdf, 0xff, 0xff, 0x00, 0x00, 0x00, 0x01, 
  0x18, 0x00, 0x00, 0x00, 0x28, 0x00, 0x00, 0x00, 0x44, 0x00, 0x00, 0x00, 
  0x1c, 0x00, 0x00, 0x00, 0x00, 0x00, 0x00, 0x09, 0x98, 0x01, 0x00, 0x00, 
  0x04, 0x00, 0x00, 0x00, 0xff, 0xff, 0xff, 0xff, 0x10, 0x00, 0x00, 0x00, 
  0x10, 0x00, 0x00, 0x00, 0x0c, 0x00, 0x00, 0x00, 0xac, 0xdf, 0xff, 0xff, 
  0x08, 0x00, 0x00, 0x00, 0x10, 0x00, 0x00, 0x00, 0x01, 0x00, 0x00, 0x00, 
  0x80, 0xff, 0xff, 0xff, 0xff, 0xff, 0xff, 0xff, 0x01, 0x00, 0x00, 0x00, 
  0x0c, 0x65, 0x22, 0x3b, 0x59, 0x01, 0x00, 0x00, 0x4d, 0x69, 0x63, 0x72, 
  0x6f, 0x43, 0x6f, 0x72, 0x6e, 0x65, 0x72, 0x52, 0x65, 0x67, 0x72, 0x65, 
  0x73, 0x73, 0x6f, 0x72, 0x5f, 0x61, 0x35, 0x30, 0x5f, 0x31, 0x2f, 0x64, 
  0x73, 0x5f, 0x73, 0x74, 0x61, 0x67, 0x65, 0x32, 0x5f, 0x64, 0x77, 0x5f, 
  0x72, 0x65, 0x6c, 0x75, 0x36, 0x5f, 0x31, 0x2f, 0x52, 0x65, 0x6c, 0x75, 
  0x36, 0x3b, 0x4d, 0x69, 0x63, 0x72, 0x6f, 0x43, 0x6f, 0x72, 0x6e, 0x65, 
  0x72, 0x52, 0x65, 0x67, 0x72, 0x65, 0x73, 0x73, 0x6f, 0x72, 0x5f, 0x61, 
  0x35, 0x30, 0x5f, 0x31, 0x2f, 0x64, 0x73, 0x5f, 0x73, 0x74, 0x61, 0x67, 
  0x65, 0x32, 0x5f, 0x64, 0x77, 0x5f, 0x62, 0x6e, 0x5f, 0x31, 0x2f, 0x62, 
  0x61, 0x74, 0x63, 0x68, 0x6e, 0x6f, 0x72, 0x6d, 0x2f, 0x61, 0x64, 0x64, 
  0x5f, 0x31, 0x3b, 0x4d, 0x69, 0x63, 0x72, 0x6f, 0x43, 0x6f, 0x72, 0x6e, 
  0x65, 0x72, 0x52, 0x65, 0x67, 0x72, 0x65, 0x73, 0x73, 0x6f, 0x72, 0x5f, 
  0x61, 0x35, 0x30, 0x5f, 0x31, 0x2f, 0x64, 0x73, 0x5f, 0x73, 0x74, 0x61, 
  0x67, 0x65, 0x32, 0x5f, 0x64, 0x77, 0x5f, 0x62, 0x6e, 0x5f, 0x31, 0x2f, 
  0x62, 0x61, 0x74, 0x63, 0x68, 0x6e, 0x6f, 0x72, 0x6d, 0x2f, 0x6d, 0x75, 
  0x6c, 0x5f, 0x31, 0x3b, 0x4d, 0x69, 0x63, 0x72, 0x6f, 0x43, 0x6f, 0x72, 
  0x6e, 0x65, 0x72, 0x52, 0x65, 0x67, 0x72, 0x65, 0x73, 0x73, 0x6f, 0x72, 
  0x5f, 0x61, 0x35, 0x30, 0x5f, 0x31, 0x2f, 0x64, 0x73, 0x5f, 0x73, 0x74, 
  0x61, 0x67, 0x65, 0x32, 0x5f, 0x64, 0x77, 0x5f, 0x31, 0x2f, 0x64, 0x65, 
  0x70, 0x74, 0x68, 0x77, 0x69, 0x73, 0x65, 0x3b, 0x4d, 0x69, 0x63, 0x72, 
  0x6f, 0x43, 0x6f, 0x72, 0x6e, 0x65, 0x72, 0x52, 0x65, 0x67, 0x72, 0x65, 
  0x73, 0x73, 0x6f, 0x72, 0x5f, 0x61, 0x35, 0x30, 0x5f, 0x31, 0x2f, 0x64, 
  0x73, 0x5f, 0x73, 0x74, 0x61, 0x67, 0x65, 0x32, 0x5f, 0x64, 0x77, 0x5f, 
  0x62, 0x6e, 0x5f, 0x31, 0x2f, 0x62, 0x61, 0x74, 0x63, 0x68, 0x6e, 0x6f, 
  0x72, 0x6d, 0x2f, 0x6d, 0x75, 0x6c, 0x3b, 0x4d, 0x69, 0x63, 0x72, 0x6f, 
  0x43, 0x6f, 0x72, 0x6e, 0x65, 0x72, 0x52, 0x65, 0x67, 0x72, 0x65, 0x73, 
  0x73, 0x6f, 0x72, 0x5f, 0x61, 0x35, 0x30, 0x5f, 0x31, 0x2f, 0x64, 0x73, 
  0x5f, 0x73, 0x74, 0x61, 0x67, 0x65, 0x32, 0x5f, 0x64, 0x77, 0x5f, 0x62, 
  0x6e, 0x5f, 0x31, 0x2f, 0x62, 0x61, 0x74, 0x63, 0x68, 0x6e, 0x6f, 0x72, 
  0x6d, 0x2f, 0x73, 0x75, 0x62, 0x00, 0x00, 0x00, 0x04, 0x00, 0x00, 0x00, 
  0x01, 0x00, 0x00, 0x00, 0x10, 0x00, 0x00, 0x00, 0x10, 0x00, 0x00, 0x00, 
  0x0c, 0x00, 0x00, 0x00, 0x8a, 0xe1, 0xff, 0xff, 0x00, 0x00, 0x00, 0x01, 
  0x18, 0x00, 0x00, 0x00, 0x28, 0x00, 0x00, 0x00, 0x44, 0x00, 0x00, 0x00, 
  0x1b, 0x00, 0x00, 0x00, 0x00, 0x00, 0x00, 0x09, 0x20, 0x01, 0x00, 0x00, 
  0x04, 0x00, 0x00, 0x00, 0xff, 0xff, 0xff, 0xff, 0x20, 0x00, 0x00, 0x00, 
  0x20, 0x00, 0x00, 0x00, 0x0c, 0x00, 0x00, 0x00, 0x74, 0xe1, 0xff, 0xff, 
  0x08, 0x00, 0x00, 0x00, 0x10, 0x00, 0x00, 0x00, 0x01, 0x00, 0x00, 0x00, 
  0x80, 0xff, 0xff, 0xff, 0xff, 0xff, 0xff, 0xff, 0x01, 0x00, 0x00, 0x00, 
  0xac, 0x5c, 0x9d, 0x3b, 0xe3, 0x00, 0x00, 0x00, 0x4d, 0x69, 0x63, 0x72, 
  0x6f, 0x43, 0x6f, 0x72, 0x6e, 0x65, 0x72, 0x52, 0x65, 0x67, 0x72, 0x65, 
  0x73, 0x73, 0x6f, 0x72, 0x5f, 0x61, 0x35, 0x30, 0x5f, 0x31, 0x2f, 0x64, 
  0x73, 0x5f, 0x73, 0x74, 0x61, 0x67, 0x65, 0x31, 0x5f, 0x70, 0x77, 0x5f, 
  0x72, 0x65, 0x6c, 0x75, 0x36, 0x5f, 0x31, 0x2f, 0x52, 0x65, 0x6c, 0x75, 
  0x36, 0x3b, 0x4d, 0x69, 0x63, 0x72, 0x6f, 0x43, 0x6f, 0x72, 0x6e, 0x65, 
  0x72, 0x52, 0x65, 0x67, 0x72, 0x65, 0x73, 0x73, 0x6f, 0x72, 0x5f, 0x61, 
  0x35, 0x30, 0x5f, 0x31, 0x2f, 0x64, 0x73, 0x5f, 0x73, 0x74, 0x61, 0x67, 
  0x65, 0x31, 0x5f, 0x70, 0x77, 0x5f, 0x62, 0x6e, 0x5f, 0x31, 0x2f, 0x62, 
  0x61, 0x74, 0x63, 0x68, 0x6e, 0x6f, 0x72, 0x6d, 0x2f, 0x61, 0x64, 0x64, 
  0x5f, 0x31, 0x3b, 0x4d, 0x69, 0x63, 0x72, 0x6f, 0x43, 0x6f, 0x72, 0x6e, 
  0x65, 0x72, 0x52, 0x65, 0x67, 0x72, 0x65, 0x73, 0x73, 0x6f, 0x72, 0x5f, 
  0x61, 0x35, 0x30, 0x5f, 0x31, 0x2f, 0x64, 0x73, 0x5f, 0x73, 0x74, 0x61, 
  0x67, 0x65, 0x31, 0x5f, 0x70, 0x77, 0x5f, 0x31, 0x2f, 0x63, 0x6f, 0x6e, 
  0x76, 0x6f, 0x6c, 0x75, 0x74, 0x69, 0x6f, 0x6e, 0x3b, 0x4d, 0x69, 0x63, 
  0x72, 0x6f, 0x43, 0x6f, 0x72, 0x6e, 0x65, 0x72, 0x52, 0x65, 0x67, 0x72, 
  0x65, 0x73, 0x73, 0x6f, 0x72, 0x5f, 0x61, 0x35, 0x30, 0x5f, 0x31, 0x2f, 
  0x64, 0x73, 0x5f, 0x73, 0x74, 0x61, 0x67, 0x65, 0x31, 0x5f, 0x70, 0x77, 
  0x5f, 0x62, 0x6e, 0x5f, 0x31, 0x2f, 0x62, 0x61, 0x74, 0x63, 0x68, 0x6e, 
  0x6f, 0x72, 0x6d, 0x2f, 0x73, 0x75, 0x62, 0x00, 0x04, 0x00, 0x00, 0x00, 
  0x01, 0x00, 0x00, 0x00, 0x20, 0x00, 0x00, 0x00, 0x20, 0x00, 0x00, 0x00, 
  0x0c, 0x00, 0x00, 0x00, 0xda, 0xe2, 0xff, 0xff, 0x00, 0x00, 0x00, 0x01, 
  0x18, 0x00, 0x00, 0x00, 0x28, 0x00, 0x00, 0x00, 0x44, 0x00, 0x00, 0x00, 
  0x1a, 0x00, 0x00, 0x00, 0x00, 0x00, 0x00, 0x09, 0x98, 0x01, 0x00, 0x00, 
  0x04, 0x00, 0x00, 0x00, 0xff, 0xff, 0xff, 0xff, 0x20, 0x00, 0x00, 0x00, 
  0x20, 0x00, 0x00, 0x00, 0x08, 0x00, 0x00, 0x00, 0xc4, 0xe2, 0xff, 0xff, 
  0x08, 0x00, 0x00, 0x00, 0x10, 0x00, 0x00, 0x00, 0x01, 0x00, 0x00, 0x00, 
  0x80, 0xff, 0xff, 0xff, 0xff, 0xff, 0xff, 0xff, 0x01, 0x00, 0x00, 0x00, 
  0x63, 0x93, 0x97, 0x3b, 0x59, 0x01, 0x00, 0x00, 0x4d, 0x69, 0x63, 0x72, 
  0x6f, 0x43, 0x6f, 0x72, 0x6e, 0x65, 0x72, 0x52, 0x65, 0x67, 0x72, 0x65, 
  0x73, 0x73, 0x6f, 0x72, 0x5f, 0x61, 0x35, 0x30, 0x5f, 0x31, 0x2f, 0x64, 
  0x73, 0x5f, 0x73, 0x74, 0x61, 0x67, 0x65, 0x31, 0x5f, 0x64, 0x77, 0x5f, 
  0x72, 0x65, 0x6c, 0x75, 0x36, 0x5f, 0x31, 0x2f, 0x52, 0x65, 0x6c, 0x75, 
  0x36, 0x3b, 0x4d, 0x69, 0x63, 0x72, 0x6f, 0x43, 0x6f, 0x72, 0x6e, 0x65, 
  0x72, 0x52, 0x65, 0x67, 0x72, 0x65, 0x73, 0x73, 0x6f, 0x72, 0x5f, 0x61, 
  0x35, 0x30, 0x5f, 0x31, 0x2f, 0x64, 0x73, 0x5f, 0x73, 0x74, 0x61, 0x67, 
  0x65, 0x31, 0x5f, 0x64, 0x77, 0x5f, 0x62, 0x6e, 0x5f, 0x31, 0x2f, 0x62, 
  0x61, 0x74, 0x63, 0x68, 0x6e, 0x6f, 0x72, 0x6d, 0x2f, 0x61, 0x64, 0x64, 
  0x5f, 0x31, 0x3b, 0x4d, 0x69, 0x63, 0x72, 0x6f, 0x43, 0x6f, 0x72, 0x6e, 
  0x65, 0x72, 0x52, 0x65, 0x67, 0x72, 0x65, 0x73, 0x73, 0x6f, 0x72, 0x5f, 
  0x61, 0x35, 0x30, 0x5f, 0x31, 0x2f, 0x64, 0x73, 0x5f, 0x73, 0x74, 0x61, 
  0x67, 0x65, 0x31, 0x5f, 0x64, 0x77, 0x5f, 0x62, 0x6e, 0x5f, 0x31, 0x2f, 
  0x62, 0x61, 0x74, 0x63, 0x68, 0x6e, 0x6f, 0x72, 0x6d, 0x2f, 0x6d, 0x75, 
  0x6c, 0x5f, 0x31, 0x3b, 0x4d, 0x69, 0x63, 0x72, 0x6f, 0x43, 0x6f, 0x72, 
  0x6e, 0x65, 0x72, 0x52, 0x65, 0x67, 0x72, 0x65, 0x73, 0x73, 0x6f, 0x72, 
  0x5f, 0x61, 0x35, 0x30, 0x5f, 0x31, 0x2f, 0x64, 0x73, 0x5f, 0x73, 0x74, 
  0x61, 0x67, 0x65, 0x31, 0x5f, 0x64, 0x77, 0x5f, 0x31, 0x2f, 0x64, 0x65, 
  0x70, 0x74, 0x68, 0x77, 0x69, 0x73, 0x65, 0x3b, 0x4d, 0x69, 0x63, 0x72, 
  0x6f, 0x43, 0x6f, 0x72, 0x6e, 0x65, 0x72, 0x52, 0x65, 0x67, 0x72, 0x65, 
  0x73, 0x73, 0x6f, 0x72, 0x5f, 0x61, 0x35, 0x30, 0x5f, 0x31, 0x2f, 0x64, 
  0x73, 0x5f, 0x73, 0x74, 0x61, 0x67, 0x65, 0x31, 0x5f, 0x64, 0x77, 0x5f, 
  0x62, 0x6e, 0x5f, 0x31, 0x2f, 0x62, 0x61, 0x74, 0x63, 0x68, 0x6e, 0x6f, 
  0x72, 0x6d, 0x2f, 0x6d, 0x75, 0x6c, 0x3b, 0x4d, 0x69, 0x63, 0x72, 0x6f, 
  0x43, 0x6f, 0x72, 0x6e, 0x65, 0x72, 0x52, 0x65, 0x67, 0x72, 0x65, 0x73, 
  0x73, 0x6f, 0x72, 0x5f, 0x61, 0x35, 0x30, 0x5f, 0x31, 0x2f, 0x64, 0x73, 
  0x5f, 0x73, 0x74, 0x61, 0x67, 0x65, 0x31, 0x5f, 0x64, 0x77, 0x5f, 0x62, 
  0x6e, 0x5f, 0x31, 0x2f, 0x62, 0x61, 0x74, 0x63, 0x68, 0x6e, 0x6f, 0x72, 
  0x6d, 0x2f, 0x73, 0x75, 0x62, 0x00, 0x00, 0x00, 0x04, 0x00, 0x00, 0x00, 
  0x01, 0x00, 0x00, 0x00, 0x20, 0x00, 0x00, 0x00, 0x20, 0x00, 0x00, 0x00, 
  0x08, 0x00, 0x00, 0x00, 0xa2, 0xe4, 0xff, 0xff, 0x00, 0x00, 0x00, 0x01, 
  0x18, 0x00, 0x00, 0x00, 0x28, 0x00, 0x00, 0x00, 0x44, 0x00, 0x00, 0x00, 
  0x19, 0x00, 0x00, 0x00, 0x00, 0x00, 0x00, 0x09, 0x08, 0x01, 0x00, 0x00, 
  0x04, 0x00, 0x00, 0x00, 0xff, 0xff, 0xff, 0xff, 0x40, 0x00, 0x00, 0x00, 
  0x40, 0x00, 0x00, 0x00, 0x08, 0x00, 0x00, 0x00, 0x8c, 0xe4, 0xff, 0xff, 
  0x08, 0x00, 0x00, 0x00, 0x10, 0x00, 0x00, 0x00, 0x01, 0x00, 0x00, 0x00, 
  0x80, 0xff, 0xff, 0xff, 0xff, 0xff, 0xff, 0xff, 0x01, 0x00, 0x00, 0x00, 
  0x82, 0xbb, 0x9f, 0x3b, 0xc9, 0x00, 0x00, 0x00, 0x4d, 0x69, 0x63, 0x72, 
  0x6f, 0x43, 0x6f, 0x72, 0x6e, 0x65, 0x72, 0x52, 0x65, 0x67, 0x72, 0x65, 
  0x73, 0x73, 0x6f, 0x72, 0x5f, 0x61, 0x35, 0x30, 0x5f, 0x31, 0x2f, 0x73, 
  0x74, 0x65, 0x6d, 0x5f, 0x72, 0x65, 0x6c, 0x75, 0x36, 0x5f, 0x31, 0x2f, 
  0x52, 0x65, 0x6c, 0x75, 0x36, 0x3b, 0x4d, 0x69, 0x63, 0x72, 0x6f, 0x43, 
  0x6f, 0x72, 0x6e, 0x65, 0x72, 0x52, 0x65, 0x67, 0x72, 0x65, 0x73, 0x73, 
  0x6f, 0x72, 0x5f, 0x61, 0x35, 0x30, 0x5f, 0x31, 0x2f, 0x73, 0x74, 0x65, 
  0x6d, 0x5f, 0x62, 0x6e, 0x5f, 0x31, 0x2f, 0x62, 0x61, 0x74, 0x63, 0x68, 
  0x6e, 0x6f, 0x72, 0x6d, 0x2f, 0x61, 0x64, 0x64, 0x5f, 0x31, 0x3b, 0x4d, 
  0x69, 0x63, 0x72, 0x6f, 0x43, 0x6f, 0x72, 0x6e, 0x65, 0x72, 0x52, 0x65, 
  0x67, 0x72, 0x65, 0x73, 0x73, 0x6f, 0x72, 0x5f, 0x61, 0x35, 0x30, 0x5f, 
  0x31, 0x2f, 0x73, 0x74, 0x65, 0x6d, 0x5f, 0x63, 0x6f, 0x6e, 0x76, 0x5f, 
  0x31, 0x2f, 0x63, 0x6f, 0x6e, 0x76, 0x6f, 0x6c, 0x75, 0x74, 0x69, 0x6f, 
  0x6e, 0x3b, 0x4d, 0x69, 0x63, 0x72, 0x6f, 0x43, 0x6f, 0x72, 0x6e, 0x65, 
  0x72, 0x52, 0x65, 0x67, 0x72, 0x65, 0x73, 0x73, 0x6f, 0x72, 0x5f, 0x61, 
  0x35, 0x30, 0x5f, 0x31, 0x2f, 0x73, 0x74, 0x65, 0x6d, 0x5f, 0x62, 0x6e, 
  0x5f, 0x31, 0x2f, 0x62, 0x61, 0x74, 0x63, 0x68, 0x6e, 0x6f, 0x72, 0x6d, 
  0x2f, 0x73, 0x75, 0x62, 0x31, 0x00, 0x00, 0x00, 0x04, 0x00, 0x00, 0x00, 
  0x01, 0x00, 0x00, 0x00, 0x40, 0x00, 0x00, 0x00, 0x40, 0x00, 0x00, 0x00, 
  0x08, 0x00, 0x00, 0x00, 0x32, 0xe6, 0xff, 0xff, 0x00, 0x00, 0x00, 0x01, 
  0x14, 0x00, 0x00, 0x00, 0x88, 0x00, 0x00, 0x00, 0x18, 0x00, 0x00, 0x00, 
  0x00, 0x00, 0x00, 0x09, 0x94, 0x00, 0x00, 0x00, 0xac, 0xe5, 0xff, 0xff, 
  0x08, 0x00, 0x00, 0x00, 0x4c, 0x00, 0x00, 0x00, 0x08, 0x00, 0x00, 0x00, 
  0x00, 0x00, 0x00, 0x00, 0x00, 0x00, 0x00, 0x00, 0x00, 0x00, 0x00, 0x00, 
  0x00, 0x00, 0x00, 0x00, 0x00, 0x00, 0x00, 0x00, 0x00, 0x00, 0x00, 0x00, 
  0x00, 0x00, 0x00, 0x00, 0x00, 0x00, 0x00, 0x00, 0x00, 0x00, 0x00, 0x00, 
  0x00, 0x00, 0x00, 0x00, 0x00, 0x00, 0x00, 0x00, 0x00, 0x00, 0x00, 0x00, 
  0x00, 0x00, 0x00, 0x00, 0x00, 0x00, 0x00, 0x00, 0x00, 0x00, 0x00, 0x00, 
  0x00, 0x00, 0x00, 0x00, 0x00, 0x00, 0x00, 0x00, 0x08, 0x00, 0x00, 0x00, 
  0x1b, 0x7e, 0x39, 0x37, 0x6a, 0xe7, 0xb9, 0x37, 0x0d, 0xa8, 0xb8, 0x37, 
  0xe1, 0xc2, 0xad, 0x37, 0x15, 0x9e, 0x93, 0x37, 0x34, 0x73, 0xc1, 0x37, 
  0xce, 0xbb, 0x94, 0x37, 0x53, 0x9a, 0xbd, 0x37, 0x13, 0x00, 0x00, 0x00, 
  0x74, 0x66, 0x6c, 0x2e, 0x70, 0x73, 0x65, 0x75, 0x64, 0x6f, 0x5f, 0x71, 
  0x63, 0x6f, 0x6e, 0x73, 0x74, 0x32, 0x31, 0x00, 0x04, 0x00, 0x00, 0x00, 
  0x08, 0x00, 0x00, 0x00, 0x03, 0x00, 0x00, 0x00, 0x03, 0x00, 0x00, 0x00, 
  0x01, 0x00, 0x00, 0x00, 0xf2, 0xe6, 0xff, 0xff, 0x00, 0x00, 0x00, 0x01, 
  0x14, 0x00, 0x00, 0x00, 0x88, 0x00, 0x00, 0x00, 0x17, 0x00, 0x00, 0x00, 
  0x00, 0x00, 0x00, 0x02, 0x94, 0x00, 0x00, 0x00, 0x6c, 0xe6, 0xff, 0xff, 
  0x08, 0x00, 0x00, 0x00, 0x4c, 0x00, 0x00, 0x00, 0x08, 0x00, 0x00, 0x00, 
  0x00, 0x00, 0x00, 0x00, 0x00, 0x00, 0x00, 0x00, 0x00, 0x00, 0x00, 0x00, 
  0x00, 0x00, 0x00, 0x00, 0x00, 0x00, 0x00, 0x00, 0x00, 0x00, 0x00, 0x00, 
  0x00, 0x00, 0x00, 0x00, 0x00, 0x00, 0x00, 0x00, 0x00, 0x00, 0x00, 0x00, 
  0x00, 0x00, 0x00, 0x00, 0x00, 0x00, 0x00, 0x00, 0x00, 0x00, 0x00, 0x00, 
  0x00, 0x00, 0x00, 0x00, 0x00, 0x00, 0x00, 0x00, 0x00, 0x00, 0x00, 0x00, 
  0x00, 0x00, 0x00, 0x00, 0x00, 0x00, 0x00, 0x00, 0x08, 0x00, 0x00, 0x00, 
  0x1b, 0x7e, 0x39, 0x37, 0x6a, 0xe7, 0xb9, 0x37, 0x0d, 0xa8, 0xb8, 0x37, 
  0xe1, 0xc2, 0xad, 0x37, 0x15, 0x9e, 0x93, 0x37, 0x34, 0x73, 0xc1, 0x37, 
  0xce, 0xbb, 0x94, 0x37, 0x53, 0x9a, 0xbd, 0x37, 0x13, 0x00, 0x00, 0x00, 
  0x74, 0x66, 0x6c, 0x2e, 0x70, 0x73, 0x65, 0x75, 0x64, 0x6f, 0x5f, 0x71, 
  0x63, 0x6f, 0x6e, 0x73, 0x74, 0x32, 0x30, 0x00, 0x01, 0x00, 0x00, 0x00, 
  0x08, 0x00, 0x00, 0x00, 0xa6, 0xe7, 0xff, 0xff, 0x00, 0x00, 0x00, 0x01, 
  0x14, 0x00, 0x00, 0x00, 0x8c, 0x00, 0x00, 0x00, 0x16, 0x00, 0x00, 0x00, 
  0x00, 0x00, 0x00, 0x09, 0x98, 0x00, 0x00, 0x00, 0x72, 0xf3, 0xff, 0xff, 
  0x03, 0x00, 0x00, 0x00, 0x08, 0x00, 0x00, 0x00, 0x4c, 0x00, 0x00, 0x00, 
  0x08, 0x00, 0x00, 0x00, 0x00, 0x00, 0x00, 0x00, 0x00, 0x00, 0x00, 0x00, 
  0x00, 0x00, 0x00, 0x00, 0x00, 0x00, 0x00, 0x00, 0x00, 0x00, 0x00, 0x00, 
  0x00, 0x00, 0x00, 0x00, 0x00, 0x00, 0x00, 0x00, 0x00, 0x00, 0x00, 0x00, 
  0x00, 0x00, 0x00, 0x00, 0x00, 0x00, 0x00, 0x00, 0x00, 0x00, 0x00, 0x00, 
  0x00, 0x00, 0x00, 0x00, 0x00, 0x00, 0x00, 0x00, 0x00, 0x00, 0x00, 0x00, 
  0x00, 0x00, 0x00, 0x00, 0x00, 0x00, 0x00, 0x00, 0x00, 0x00, 0x00, 0x00, 
  0x08, 0x00, 0x00, 0x00, 0xaa, 0x22, 0xb7, 0x3b, 0x16, 0x57, 0x52, 0x3b, 
  0xe4, 0x45, 0xa2, 0x3b, 0x55, 0xfd, 0xb2, 0x3b, 0xb6, 0xd7, 0x91, 0x3b, 
  0x0c, 0xb8, 0x9c, 0x3b, 0xf9, 0x02, 0x9f, 0x3b, 0x1b, 0x81, 0xa2, 0x3b, 
  0x13, 0x00, 0x00, 0x00, 0x74, 0x66, 0x6c, 0x2e, 0x70, 0x73, 0x65, 0x75, 
  0x64, 0x6f, 0x5f, 0x71, 0x63, 0x6f, 0x6e, 0x73, 0x74, 0x31, 0x39, 0x00, 
  0x04, 0x00, 0x00, 0x00, 0x01, 0x00, 0x00, 0x00, 0x03, 0x00, 0x00, 0x00, 
  0x03, 0x00, 0x00, 0x00, 0x08, 0x00, 0x00, 0x00, 0x6a, 0xe8, 0xff, 0xff, 
  0x00, 0x00, 0x00, 0x01, 0x14, 0x00, 0x00, 0x00, 0x84, 0x00, 0x00, 0x00, 
  0x15, 0x00, 0x00, 0x00, 0x00, 0x00, 0x00, 0x02, 0x90, 0x00, 0x00, 0x00, 
  0xe4, 0xe7, 0xff, 0xff, 0x08, 0x00, 0x00, 0x00, 0x48, 0x00, 0x00, 0x00, 
  0x08, 0x00, 0x00, 0x00, 0x00, 0x00, 0x00, 0x00, 0x00, 0x00, 0x00, 0x00, 
  0x00, 0x00, 0x00, 0x00, 0x00, 0x00, 0x00, 0x00, 0x00, 0x00, 0x00, 0x00, 
  0x00, 0x00, 0x00, 0x00, 0x00, 0x00, 0x00, 0x00, 0x00, 0x00, 0x00, 0x00, 
  0x00, 0x00, 0x00, 0x00, 0x00, 0x00, 0x00, 0x00, 0x00, 0x00, 0x00, 0x00, 
  0x00, 0x00, 0x00, 0x00, 0x00, 0x00, 0x00, 0x00, 0x00, 0x00, 0x00, 0x00, 
  0x00, 0x00, 0x00, 0x00, 0x00, 0x00, 0x00, 0x00, 0x08, 0x00, 0x00, 0x00, 
  0x56, 0x89, 0xe4, 0x37, 0x27, 0x3e, 0x83, 0x37, 0x88, 0x80, 0xca, 0x37, 
  0xe3, 0x5c, 0xdf, 0x37, 0x99, 0xff, 0xb5, 0x37, 0x33, 0x92, 0xc3, 0x37, 
  0xa1, 0x6e, 0xc6, 0x37, 0x6d, 0xca, 0xca, 0x37, 0x13, 0x00, 0x00, 0x00, 
  0x74, 0x66, 0x6c, 0x2e, 0x70, 0x73, 0x65, 0x75, 0x64, 0x6f, 0x5f, 0x71, 
  0x63, 0x6f, 0x6e, 0x73, 0x74, 0x31, 0x38, 0x00, 0x01, 0x00, 0x00, 0x00, 
  0x08, 0x00, 0x00, 0x00, 0x1a, 0xe9, 0xff, 0xff, 0x00, 0x00, 0x00, 0x01, 
  0x14, 0x00, 0x00, 0x00, 0xb8, 0x00, 0x00, 0x00, 0x14, 0x00, 0x00, 0x00, 
  0x00, 0x00, 0x00, 0x09, 0xc4, 0x00, 0x00, 0x00, 0x94, 0xe8, 0xff, 0xff, 
  0x08, 0x00, 0x00, 0x00, 0x6c, 0x00, 0x00, 0x00, 0x0c, 0x00, 0x00, 0x00, 
  0x00, 0x00, 0x00, 0x00, 0x00, 0x00, 0x00, 0x00, 0x00, 0x00, 0x00, 0x00, 
  0x00, 0x00, 0x00, 0x00, 0x00, 0x00, 0x00, 0x00, 0x00, 0x00, 0x00, 0x00, 
  0x00, 0x00, 0x00, 0x00, 0x00, 0x00, 0x00, 0x00, 0x00, 0x00, 0x00, 0x00, 
  0x00, 0x00, 0x00, 0x00, 0x00, 0x00, 0x00, 0x00, 0x00, 0x00, 0x00, 0x00, 
  0x00, 0x00, 0x00, 0x00, 0x00, 0x00, 0x00, 0x00, 0x00, 0x00, 0x00, 0x00, 
  0x00, 0x00, 0x00, 0x00, 0x00, 0x00, 0x00, 0x00, 0x00, 0x00, 0x00, 0x00, 
  0x00, 0x00, 0x00, 0x00, 0x00, 0x00, 0x00, 0x00, 0x00, 0x00, 0x00, 0x00, 
  0x00, 0x00, 0x00, 0x00, 0x00, 0x00, 0x00, 0x00, 0x00, 0x00, 0x00, 0x00, 
  0x00, 0x00, 0x00, 0x00, 0x0c, 0x00, 0x00, 0x00, 0x27, 0xae, 0xf7, 0x3b, 
  0x26, 0x74, 0xfe, 0x3b, 0x85, 0xe8, 0xba, 0x3b, 0x38, 0xeb, 0xaa, 0x3b, 
  0x88, 0x45, 0xf2, 0x3b, 0xdb, 0xe9, 0xf4, 0x3b, 0xb6, 0xf7, 0xfd, 0x3b, 
  0x2c, 0xb4, 0xe6, 0x3b, 0x2c, 0xd8, 0x04, 0x3c, 0x57, 0x1f, 0xa0, 0x3b, 
  0xb0, 0x18, 0x03, 0x3c, 0x52, 0xf5, 0xf3, 0x3b, 0x13, 0x00, 0x00, 0x00, 
  0x74, 0x66, 0x6c, 0x2e, 0x70, 0x73, 0x65, 0x75, 0x64, 0x6f, 0x5f, 0x71, 
  0x63, 0x6f, 0x6e, 0x73, 0x74, 0x31, 0x37, 0x00, 0x04, 0x00, 0x00, 0x00, 
  0x0c, 0x00, 0x00, 0x00, 0x01, 0x00, 0x00, 0x00, 0x01, 0x00, 0x00, 0x00, 
  0x08, 0x00, 0x00, 0x00, 0x0a, 0xea, 0xff, 0xff, 0x00, 0x00, 0x00, 0x01, 
  0x14, 0x00, 0x00, 0x00, 0xb8, 0x00, 0x00, 0x00, 0x13, 0x00, 0x00, 0x00, 
  0x00, 0x00, 0x00, 0x02, 0xc4, 0x00, 0x00, 0x00, 0x84, 0xe9, 0xff, 0xff, 
  0x08, 0x00, 0x00, 0x00, 0x6c, 0x00, 0x00, 0x00, 0x0c, 0x00, 0x00, 0x00, 
  0x00, 0x00, 0x00, 0x00, 0x00, 0x00, 0x00, 0x00, 0x00, 0x00, 0x00, 0x00, 
  0x00, 0x00, 0x00, 0x00, 0x00, 0x00, 0x00, 0x00, 0x00, 0x00, 0x00, 0x00, 
  0x00, 0x00, 0x00, 0x00, 0x00, 0x00, 0x00, 0x00, 0x00, 0x00, 0x00, 0x00, 
  0x00, 0x00, 0x00, 0x00, 0x00, 0x00, 0x00, 0x00, 0x00, 0x00, 0x00, 0x00, 
  0x00, 0x00, 0x00, 0x00, 0x00, 0x00, 0x00, 0x00, 0x00, 0x00, 0x00, 0x00, 
  0x00, 0x00, 0x00, 0x00, 0x00, 0x00, 0x00, 0x00, 0x00, 0x00, 0x00, 0x00, 
  0x00, 0x00, 0x00, 0x00, 0x00, 0x00, 0x00, 0x00, 0x00, 0x00, 0x00, 0x00, 
  0x00, 0x00, 0x00, 0x00, 0x00, 0x00, 0x00, 0x00, 0x00, 0x00, 0x00, 0x00, 
  0x00, 0x00, 0x00, 0x00, 0x0c, 0x00, 0x00, 0x00, 0x52, 0xa6, 0x12, 0x38, 
  0x02, 0xa9, 0x16, 0x38, 0x84, 0x55, 0xdd, 0x37, 0x4a, 0x66, 0xca, 0x37, 
  0x7f, 0x72, 0x0f, 0x38, 0xf1, 0x02, 0x11, 0x38, 0x54, 0x5f, 0x16, 0x38, 
  0x19, 0x99, 0x08, 0x38, 0xfb, 0x4f, 0x1d, 0x38, 0x58, 0x9d, 0xbd, 0x37, 
  0x13, 0x3e, 0x1b, 0x38, 0x28, 0x72, 0x10, 0x38, 0x13, 0x00, 0x00, 0x00, 
  0x74, 0x66, 0x6c, 0x2e, 0x70, 0x73, 0x65, 0x75, 0x64, 0x6f, 0x5f, 0x71, 
  0x63, 0x6f, 0x6e, 0x73, 0x74, 0x31, 0x36, 0x00, 0x01, 0x00, 0x00, 0x00, 
  0x0c, 0x00, 0x00, 0x00, 0xee, 0xea, 0xff, 0xff, 0x00, 0x00, 0x00, 0x01, 
  0x14, 0x00, 0x00, 0x00, 0xbc, 0x00, 0x00, 0x00, 0x12, 0x00, 0x00, 0x00, 
  0x00, 0x00, 0x00, 0x09, 0xc8, 0x00, 0x00, 0x00, 0xba, 0xf6, 0xff, 0xff, 
  0x03, 0x00, 0x00, 0x00, 0x08, 0x00, 0x00, 0x00, 0x6c, 0x00, 0x00, 0x00, 
  0x0c, 0x00, 0x00, 0x00, 0x00, 0x00, 0x00, 0x00, 0x00, 0x00, 0x00, 0x00, 
  0x00, 0x00, 0x00, 0x00, 0x00, 0x00, 0x00, 0x00, 0x00, 0x00, 0x00, 0x00, 
  0x00, 0x00, 0x00, 0x00, 0x00, 0x00, 0x00, 0x00, 0x00, 0x00, 0x00, 0x00, 
  0x00, 0x00, 0x00, 0x00, 0x00, 0x00, 0x00, 0x00, 0x00, 0x00, 0x00, 0x00, 
  0x00, 0x00, 0x00, 0x00, 0x00, 0x00, 0x00, 0x00, 0x00, 0x00, 0x00, 0x00, 
  0x00, 0x00, 0x00, 0x00, 0x00, 0x00, 0x00, 0x00, 0x00, 0x00, 0x00, 0x00, 
  0x00, 0x00, 0x00, 0x00, 0x00, 0x00, 0x00, 0x00, 0x00, 0x00, 0x00, 0x00, 
  0x00, 0x00, 0x00, 0x00, 0x00, 0x00, 0x00, 0x00, 0x00, 0x00, 0x00, 0x00, 
  0x00, 0x00, 0x00, 0x00, 0x00, 0x00, 0x00, 0x00, 0x0c, 0x00, 0x00, 0x00, 
  0xb5, 0xde, 0x3e, 0x3b, 0xee, 0x52, 0x96, 0x3b, 0x93, 0xce, 0x92, 0x3b, 
  0xea, 0xc4, 0x7d, 0x3b, 0xe2, 0x35, 0x81, 0x3b, 0xb0, 0x69, 0x82, 0x3b, 
  0x97, 0x6d, 0x8b, 0x3b, 0x5a, 0x8c, 0x85, 0x3b, 0x04, 0x34, 0x5e, 0x3b, 
  0x25, 0xf4, 0x6e, 0x3b, 0xcf, 0x70, 0x87, 0x3b, 0x6b, 0xa6, 0x8d, 0x3b, 
  0x13, 0x00, 0x00, 0x00, 0x74, 0x66, 0x6c, 0x2e, 0x70, 0x73, 0x65, 0x75, 
  0x64, 0x6f, 0x5f, 0x71, 0x63, 0x6f, 0x6e, 0x73, 0x74, 0x31, 0x35, 0x00, 
  0x04, 0x00, 0x00, 0x00, 0x01, 0x00, 0x00, 0x00, 0x03, 0x00, 0x00, 0x00, 
  0x03, 0x00, 0x00, 0x00, 0x0c, 0x00, 0x00, 0x00, 0xe2, 0xeb, 0xff, 0xff, 
  0x00, 0x00, 0x00, 0x01, 0x14, 0x00, 0x00, 0x00, 0xb4, 0x00, 0x00, 0x00, 
  0x11, 0x00, 0x00, 0x00, 0x00, 0x00, 0x00, 0x02, 0xc0, 0x00, 0x00, 0x00, 
  0x5c, 0xeb, 0xff, 0xff, 0x08, 0x00, 0x00, 0x00, 0x68, 0x00, 0x00, 0x00, 
  0x0c, 0x00, 0x00, 0x00, 0x00, 0x00, 0x00, 0x00, 0x00, 0x00, 0x00, 0x00, 
  0x00, 0x00, 0x00, 0x00, 0x00, 0x00, 0x00, 0x00, 0x00, 0x00, 0x00, 0x00, 
  0x00, 0x00, 0x00, 0x00, 0x00, 0x00, 0x00, 0x00, 0x00, 0x00, 0x00, 0x00, 
  0x00, 0x00, 0x00, 0x00, 0x00, 0x00, 0x00, 0x00, 0x00, 0x00, 0x00, 0x00, 
  0x00, 0x00, 0x00, 0x00, 0x00, 0x00, 0x00, 0x00, 0x00, 0x00, 0x00, 0x00, 
  0x00, 0x00, 0x00, 0x00, 0x00, 0x00, 0x00, 0x00, 0x00, 0x00, 0x00, 0x00, 
  0x00, 0x00, 0x00, 0x00, 0x00, 0x00, 0x00, 0x00, 0x00, 0x00, 0x00, 0x00, 
  0x00, 0x00, 0x00, 0x00, 0x00, 0x00, 0x00, 0x00, 0x00, 0x00, 0x00, 0x00, 
  0x00, 0x00, 0x00, 0x00, 0x0c, 0x00, 0x00, 0x00, 0x5b, 0xa7, 0x6a, 0x37, 
  0x8e, 0xce, 0xb8, 0x37, 0xaa, 0x7b, 0xb4, 0x37, 0xa1, 0xfd, 0x9b, 0x37, 
  0xa4, 0xd9, 0x9e, 0x37, 0x0d, 0x54, 0xa0, 0x37, 0x5d, 0x69, 0xab, 0x37, 
  0xd7, 0x2e, 0xa4, 0x37, 0x56, 0x96, 0x88, 0x37, 0x3b, 0xe2, 0x92, 0x37, 
  0x6d, 0x82, 0xa6, 0x37, 0xad, 0x24, 0xae, 0x37, 0x13, 0x00, 0x00, 0x00, 
  0x74, 0x66, 0x6c, 0x2e, 0x70, 0x73, 0x65, 0x75, 0x64, 0x6f, 0x5f, 0x71, 
  0x63, 0x6f, 0x6e, 0x73, 0x74, 0x31, 0x34, 0x00, 0x01, 0x00, 0x00, 0x00, 
  0x0c, 0x00, 0x00, 0x00, 0xc2, 0xec, 0xff, 0xff, 0x00, 0x00, 0x00, 0x01, 
  0x14, 0x00, 0x00, 0x00, 0xe8, 0x00, 0x00, 0x00, 0x10, 0x00, 0x00, 0x00, 
  0x00, 0x00, 0x00, 0x09, 0xf4, 0x00, 0x00, 0x00, 0x3c, 0xec, 0xff, 0xff, 
  0x08, 0x00, 0x00, 0x00, 0x8c, 0x00, 0x00, 0x00, 0x10, 0x00, 0x00, 0x00, 
  0x00, 0x00, 0x00, 0x00, 0x00, 0x00, 0x00, 0x00, 0x00, 0x00, 0x00, 0x00, 
  0x00, 0x00, 0x00, 0x00, 0x00, 0x00, 0x00, 0x00, 0x00, 0x00, 0x00, 0x00, 
  0x00, 0x00, 0x00, 0x00, 0x00, 0x00, 0x00, 0x00, 0x00, 0x00, 0x00, 0x00, 
  0x00, 0x00, 0x00, 0x00, 0x00, 0x00, 0x00, 0x00, 0x00, 0x00, 0x00, 0x00, 
  0x00, 0x00, 0x00, 0x00, 0x00, 0x00, 0x00, 0x00, 0x00, 0x00, 0x00, 0x00, 
  0x00, 0x00, 0x00, 0x00, 0x00, 0x00, 0x00, 0x00, 0x00, 0x00, 0x00, 0x00, 
  0x00, 0x00, 0x00, 0x00, 0x00, 0x00, 0x00, 0x00, 0x00, 0x00, 0x00, 0x00, 
  0x00, 0x00, 0x00, 0x00, 0x00, 0x00, 0x00, 0x00, 0x00, 0x00, 0x00, 0x00, 
  0x00, 0x00, 0x00, 0x00, 0x00, 0x00, 0x00, 0x00, 0x00, 0x00, 0x00, 0x00, 
  0x00, 0x00, 0x00, 0x00, 0x00, 0x00, 0x00, 0x00, 0x00, 0x00, 0x00, 0x00, 
  0x00, 0x00, 0x00, 0x00, 0x00, 0x00, 0x00, 0x00, 0x00, 0x00, 0x00, 0x00, 
  0x10, 0x00, 0x00, 0x00, 0xf8, 0xb4, 0xa2, 0x3b, 0x83, 0xd6, 0x9b, 0x3b, 
  0x22, 0x28, 0xa8, 0x3b, 0xab, 0x1e, 0x9a, 0x3b, 0x01, 0xca, 0xad, 0x3b, 
  0x97, 0xbc, 0xaf, 0x3b, 0x49, 0x64, 0x8a, 0x3b, 0x8e, 0x16, 0xbf, 0x3b, 
  0x03, 0x06, 0xb3, 0x3b, 0xf7, 0xfc, 0xaa, 0x3b, 0xd4, 0x51, 0xcb, 0x3b, 
  0x37, 0xb0, 0xae, 0x3b, 0x64, 0xa2, 0xa2, 0x3b, 0x85, 0x8b, 0xe4, 0x3b, 
  0xa4, 0xd2, 0xb3, 0x3b, 0xb4, 0x5d, 0xb7, 0x3b, 0x13, 0x00, 0x00, 0x00, 
  0x74, 0x66, 0x6c, 0x2e, 0x70, 0x73, 0x65, 0x75, 0x64, 0x6f, 0x5f, 0x71, 
  0x63, 0x6f, 0x6e, 0x73, 0x74, 0x31, 0x33, 0x00, 0x04, 0x00, 0x00, 0x00, 
  0x10, 0x00, 0x00, 0x00, 0x01, 0x00, 0x00, 0x00, 0x01, 0x00, 0x00, 0x00, 
  0x0c, 0x00, 0x00, 0x00, 0xe2, 0xed, 0xff, 0xff, 0x00, 0x00, 0x00, 0x01, 
  0x14, 0x00, 0x00, 0x00, 0xe8, 0x00, 0x00, 0x00, 0x0f, 0x00, 0x00, 0x00, 
  0x00, 0x00, 0x00, 0x02, 0xf4, 0x00, 0x00, 0x00, 0x5c, 0xed, 0xff, 0xff, 
  0x08, 0x00, 0x00, 0x00, 0x8c, 0x00, 0x00, 0x00, 0x10, 0x00, 0x00, 0x00, 
  0x00, 0x00, 0x00, 0x00, 0x00, 0x00, 0x00, 0x00, 0x00, 0x00, 0x00, 0x00, 
  0x00, 0x00, 0x00, 0x00, 0x00, 0x00, 0x00, 0x00, 0x00, 0x00, 0x00, 0x00, 
  0x00, 0x00, 0x00, 0x00, 0x00, 0x00, 0x00, 0x00, 0x00, 0x00, 0x00, 0x00, 
  0x00, 0x00, 0x00, 0x00, 0x00, 0x00, 0x00, 0x00, 0x00, 0x00, 0x00, 0x00, 
  0x00, 0x00, 0x00, 0x00, 0x00, 0x00, 0x00, 0x00, 0x00, 0x00, 0x00, 0x00, 
  0x00, 0x00, 0x00, 0x00, 0x00, 0x00, 0x00, 0x00, 0x00, 0x00, 0x00, 0x00, 
  0x00, 0x00, 0x00, 0x00, 0x00, 0x00, 0x00, 0x00, 0x00, 0x00, 0x00, 0x00, 
  0x00, 0x00, 0x00, 0x00, 0x00, 0x00, 0x00, 0x00, 0x00, 0x00, 0x00, 0x00, 
  0x00, 0x00, 0x00, 0x00, 0x00, 0x00, 0x00, 0x00, 0x00, 0x00, 0x00, 0x00, 
  0x00, 0x00, 0x00, 0x00, 0x00, 0x00, 0x00, 0x00, 0x00, 0x00, 0x00, 0x00, 
  0x00, 0x00, 0x00, 0x00, 0x00, 0x00, 0x00, 0x00, 0x00, 0x00, 0x00, 0x00, 
  0x10, 0x00, 0x00, 0x00, 0x7c, 0x6d, 0x4e, 0x37, 0x84, 0xb6, 0x45, 0x37, 
  0x8a, 0x57, 0x55, 0x37, 0x7b, 0x88, 0x43, 0x37, 0xdb, 0x7c, 0x5c, 0x37, 
  0x6a, 0xf5, 0x5e, 0x37, 0x2c, 0x94, 0x2f, 0x37, 0x65, 0x6f, 0x72, 0x37, 
  0xef, 0x20, 0x63, 0x37, 0x24, 0xef, 0x58, 0x37, 0x09, 0xfa, 0x80, 0x37, 
  0xed, 0xa0, 0x5d, 0x37, 0xea, 0x55, 0x4e, 0x37, 0x80, 0xfa, 0x90, 0x37, 
  0x8d, 0x24, 0x64, 0x37, 0x59, 0xa3, 0x68, 0x37, 0x13, 0x00, 0x00, 0x00, 
  0x74, 0x66, 0x6c, 0x2e, 0x70, 0x73, 0x65, 0x75, 0x64, 0x6f, 0x5f, 0x71, 
  0x63, 0x6f, 0x6e, 0x73, 0x74, 0x31, 0x32, 0x00, 0x01, 0x00, 0x00, 0x00, 
  0x10, 0x00, 0x00, 0x00, 0xf6, 0xee, 0xff, 0xff, 0x00, 0x00, 0x00, 0x01, 
  0x14, 0x00, 0x00, 0x00, 0xec, 0x00, 0x00, 0x00, 0x0e, 0x00, 0x00, 0x00, 
  0x00, 0x00, 0x00, 0x09, 0xf8, 0x00, 0x00, 0x00, 0xc2, 0xfa, 0xff, 0xff, 
  0x03, 0x00, 0x00, 0x00, 0x08, 0x00, 0x00, 0x00, 0x8c, 0x00, 0x00, 0x00, 
  0x10, 0x00, 0x00, 0x00, 0x00, 0x00, 0x00, 0x00, 0x00, 0x00, 0x00, 0x00, 
  0x00, 0x00, 0x00, 0x00, 0x00, 0x00, 0x00, 0x00, 0x00, 0x00, 0x00, 0x00, 
  0x00, 0x00, 0x00, 0x00, 0x00, 0x00, 0x00, 0x00, 0x00, 0x00, 0x00, 0x00, 
  0x00, 0x00, 0x00, 0x00, 0x00, 0x00, 0x00, 0x00, 0x00, 0x00, 0x00, 0x00, 
  0x00, 0x00, 0x00, 0x00, 0x00, 0x00, 0x00, 0x00, 0x00, 0x00, 0x00, 0x00, 
  0x00, 0x00, 0x00, 0x00, 0x00, 0x00, 0x00, 0x00, 0x00, 0x00, 0x00, 0x00, 
  0x00, 0x00, 0x00, 0x00, 0x00, 0x00, 0x00, 0x00, 0x00, 0x00, 0x00, 0x00, 
  0x00, 0x00, 0x00, 0x00, 0x00, 0x00, 0x00, 0x00, 0x00, 0x00, 0x00, 0x00, 
  0x00, 0x00, 0x00, 0x00, 0x00, 0x00, 0x00, 0x00, 0x00, 0x00, 0x00, 0x00, 
  0x00, 0x00, 0x00, 0x00, 0x00, 0x00, 0x00, 0x00, 0x00, 0x00, 0x00, 0x00, 
  0x00, 0x00, 0x00, 0x00, 0x00, 0x00, 0x00, 0x00, 0x00, 0x00, 0x00, 0x00, 
  0x00, 0x00, 0x00, 0x00, 0x10, 0x00, 0x00, 0x00, 0xd1, 0x91, 0x3c, 0x3b, 
  0x80, 0x2e, 0x6f, 0x3b, 0x36, 0x85, 0x4f, 0x3b, 0x2c, 0x6e, 0x7c, 0x3b, 
  0x42, 0x22, 0x5c, 0x3b, 0x18, 0x1f, 0x77, 0x3b, 0x91, 0xaa, 0x6e, 0x3b, 
  0xd3, 0xdf, 0x37, 0x3b, 0x13, 0x40, 0x3c, 0x3b, 0x24, 0xd1, 0x88, 0x3b, 
  0xad, 0xa4, 0x65, 0x3b, 0x28, 0xc9, 0x87, 0x3b, 0x3b, 0xaf, 0x66, 0x3b, 
  0x81, 0x4e, 0x7f, 0x3b, 0x2a, 0x6f, 0x57, 0x3b, 0xb7, 0x4e, 0x49, 0x3b, 
  0x13, 0x00, 0x00, 0x00, 0x74, 0x66, 0x6c, 0x2e, 0x70, 0x73, 0x65, 0x75, 
  0x64, 0x6f, 0x5f, 0x71, 0x63, 0x6f, 0x6e, 0x73, 0x74, 0x31, 0x31, 0x00, 
  0x04, 0x00, 0x00, 0x00, 0x01, 0x00, 0x00, 0x00, 0x03, 0x00, 0x00, 0x00, 
  0x03, 0x00, 0x00, 0x00, 0x10, 0x00, 0x00, 0x00, 0x1a, 0xf0, 0xff, 0xff, 
  0x00, 0x00, 0x00, 0x01, 0x14, 0x00, 0x00, 0x00, 0xe4, 0x00, 0x00, 0x00, 
  0x0d, 0x00, 0x00, 0x00, 0x00, 0x00, 0x00, 0x02, 0xf0, 0x00, 0x00, 0x00, 
  0x94, 0xef, 0xff, 0xff, 0x08, 0x00, 0x00, 0x00, 0x88, 0x00, 0x00, 0x00, 
  0x10, 0x00, 0x00, 0x00, 0x00, 0x00, 0x00, 0x00, 0x00, 0x00, 0x00, 0x00, 
  0x00, 0x00, 0x00, 0x00, 0x00, 0x00, 0x00, 0x00, 0x00, 0x00, 0x00, 0x00, 
  0x00, 0x00, 0x00, 0x00, 0x00, 0x00, 0x00, 0x00, 0x00, 0x00, 0x00, 0x00, 
  0x00, 0x00, 0x00, 0x00, 0x00, 0x00, 0x00, 0x00, 0x00, 0x00, 0x00, 0x00, 
  0x00, 0x00, 0x00, 0x00, 0x00, 0x00, 0x00, 0x00, 0x00, 0x00, 0x00, 0x00, 
  0x00, 0x00, 0x00, 0x00, 0x00, 0x00, 0x00, 0x00, 0x00, 0x00, 0x00, 0x00, 
  0x00, 0x00, 0x00, 0x00, 0x00, 0x00, 0x00, 0x00, 0x00, 0x00, 0x00, 0x00, 
  0x00, 0x00, 0x00, 0x00, 0x00, 0x00, 0x00, 0x00, 0x00, 0x00, 0x00, 0x00, 
  0x00, 0x00, 0x00, 0x00, 0x00, 0x00, 0x00, 0x00, 0x00, 0x00, 0x00, 0x00, 
  0x00, 0x00, 0x00, 0x00, 0x00, 0x00, 0x00, 0x00, 0x00, 0x00, 0x00, 0x00, 
  0x00, 0x00, 0x00, 0x00, 0x00, 0x00, 0x00, 0x00, 0x00, 0x00, 0x00, 0x00, 
  0x10, 0x00, 0x00, 0x00, 0x0b, 0x88, 0x3a, 0x37, 0xaf, 0x98, 0x6c, 0x37, 
  0x01, 0x47, 0x4d, 0x37, 0xb3, 0xb3, 0x79, 0x37, 0x26, 0xc1, 0x59, 0x37, 
  0x4f, 0x73, 0x74, 0x37, 0x2d, 0x16, 0x6c, 0x37, 0x0b, 0xe3, 0x35, 0x37, 
  0x30, 0x37, 0x3a, 0x37, 0x91, 0x56, 0x87, 0x37, 0x41, 0x29, 0x63, 0x37, 
  0x70, 0x51, 0x86, 0x37, 0xed, 0x30, 0x64, 0x37, 0x12, 0x8c, 0x7c, 0x37, 
  0x0f, 0x1b, 0x55, 0x37, 0xb3, 0x21, 0x47, 0x37, 0x13, 0x00, 0x00, 0x00, 
  0x74, 0x66, 0x6c, 0x2e, 0x70, 0x73, 0x65, 0x75, 0x64, 0x6f, 0x5f, 0x71, 
  0x63, 0x6f, 0x6e, 0x73, 0x74, 0x31, 0x30, 0x00, 0x01, 0x00, 0x00, 0x00, 
  0x10, 0x00, 0x00, 0x00, 0x2a, 0xf1, 0xff, 0xff, 0x00, 0x00, 0x00, 0x01, 
  0x14, 0x00, 0x00, 0x00, 0x48, 0x01, 0x00, 0x00, 0x0c, 0x00, 0x00, 0x00, 
  0x00, 0x00, 0x00, 0x09, 0x54, 0x01, 0x00, 0x00, 0xa4, 0xf0, 0xff, 0xff, 
  0x08, 0x00, 0x00, 0x00, 0xcc, 0x00, 0x00, 0x00, 0x18, 0x00, 0x00, 0x00, 
  0x00, 0x00, 0x00, 0x00, 0x00, 0x00, 0x00, 0x00, 0x00, 0x00, 0x00, 0x00, 
  0x00, 0x00, 0x00, 0x00, 0x00, 0x00, 0x00, 0x00, 0x00, 0x00, 0x00, 0x00, 
  0x00, 0x00, 0x00, 0x00, 0x00, 0x00, 0x00, 0x00, 0x00, 0x00, 0x00, 0x00, 
  0x00, 0x00, 0x00, 0x00, 0x00, 0x00, 0x00, 0x00, 0x00, 0x00, 0x00, 0x00, 
  0x00, 0x00, 0x00, 0x00, 0x00, 0x00, 0x00, 0x00, 0x00, 0x00, 0x00, 0x00, 
  0x00, 0x00, 0x00, 0x00, 0x00, 0x00, 0x00, 0x00, 0x00, 0x00, 0x00, 0x00, 
  0x00, 0x00, 0x00, 0x00, 0x00, 0x00, 0x00, 0x00, 0x00, 0x00, 0x00, 0x00, 
  0x00, 0x00, 0x00, 0x00, 0x00, 0x00, 0x00, 0x00, 0x00, 0x00, 0x00, 0x00, 
  0x00, 0x00, 0x00, 0x00, 0x00, 0x00, 0x00, 0x00, 0x00, 0x00, 0x00, 0x00, 
  0x00, 0x00, 0x00, 0x00, 0x00, 0x00, 0x00, 0x00, 0x00, 0x00, 0x00, 0x00, 
  0x00, 0x00, 0x00, 0x00, 0x00, 0x00, 0x00, 0x00, 0x00, 0x00, 0x00, 0x00, 
  0x00, 0x00, 0x00, 0x00, 0x00, 0x00, 0x00, 0x00, 0x00, 0x00, 0x00, 0x00, 
  0x00, 0x00, 0x00, 0x00, 0x00, 0x00, 0x00, 0x00, 0x00, 0x00, 0x00, 0x00, 
  0x00, 0x00, 0x00, 0x00, 0x00, 0x00, 0x00, 0x00, 0x00, 0x00, 0x00, 0x00, 
  0x00, 0x00, 0x00, 0x00, 0x00, 0x00, 0x00, 0x00, 0x00, 0x00, 0x00, 0x00, 
  0x00, 0x00, 0x00, 0x00, 0x00, 0x00, 0x00, 0x00, 0x00, 0x00, 0x00, 0x00, 
  0x00, 0x00, 0x00, 0x00, 0x18, 0x00, 0x00, 0x00, 0xa2, 0xd5, 0x89, 0x3b, 
  0x65, 0x4a, 0xa7, 0x3b, 0xc2, 0x16, 0x95, 0x3b, 0x67, 0x96, 0x9a, 0x3b, 
  0x63, 0x3e, 0xa0, 0x3b, 0xb0, 0xfe, 0x9b, 0x3b, 0x9a, 0x40, 0xa8, 0x3b, 
  0xf9, 0xf0, 0x8b, 0x3b, 0xcc, 0xf0, 0x92, 0x3b, 0x50, 0x8b, 0xa2, 0x3b, 
  0x3f, 0x78, 0xbc, 0x3b, 0xd3, 0xcb, 0x99, 0x3b, 0xd8, 0xa9, 0xa1, 0x3b, 
  0xda, 0x98, 0xad, 0x3b, 0xc9, 0x1c, 0x92, 0x3b, 0xa0, 0x28, 0x87, 0x3b, 
  0xc8, 0x61, 0x86, 0x3b, 0x80, 0x0a, 0xa8, 0x3b, 0x25, 0x1d, 0x9c, 0x3b, 
  0x0d, 0xe0, 0x9c, 0x3b, 0xf8, 0x70, 0xa1, 0x3b, 0xe2, 0xb6, 0x96, 0x3b, 
  0x7c, 0xe8, 0xae, 0x3b, 0xea, 0xa7, 0x91, 0x3b, 0x12, 0x00, 0x00, 0x00, 
  0x74, 0x66, 0x6c, 0x2e, 0x70, 0x73, 0x65, 0x75, 0x64, 0x6f, 0x5f, 0x71, 
  0x63, 0x6f, 0x6e, 0x73, 0x74, 0x39, 0x00, 0x00, 0x04, 0x00, 0x00, 0x00, 
  0x18, 0x00, 0x00, 0x00, 0x01, 0x00, 0x00, 0x00, 0x01, 0x00, 0x00, 0x00, 
  0x10, 0x00, 0x00, 0x00, 0xaa, 0xf2, 0xff, 0xff, 0x00, 0x00, 0x00, 0x01, 
  0x14, 0x00, 0x00, 0x00, 0x44, 0x01, 0x00, 0x00, 0x0b, 0x00, 0x00, 0x00, 
  0x00, 0x00, 0x00, 0x02, 0x50, 0x01, 0x00, 0x00, 0x24, 0xf2, 0xff, 0xff, 
  0x08, 0x00, 0x00, 0x00, 0xc8, 0x00, 0x00, 0x00, 0x18, 0x00, 0x00, 0x00, 
  0x00, 0x00, 0x00, 0x00, 0x00, 0x00, 0x00, 0x00, 0x00, 0x00, 0x00, 0x00, 
  0x00, 0x00, 0x00, 0x00, 0x00, 0x00, 0x00, 0x00, 0x00, 0x00, 0x00, 0x00, 
  0x00, 0x00, 0x00, 0x00, 0x00, 0x00, 0x00, 0x00, 0x00, 0x00, 0x00, 0x00, 
  0x00, 0x00, 0x00, 0x00, 0x00, 0x00, 0x00, 0x00, 0x00, 0x00, 0x00, 0x00, 
  0x00, 0x00, 0x00, 0x00, 0x00, 0x00, 0x00, 0x00, 0x00, 0x00, 0x00, 0x00, 
  0x00, 0x00, 0x00, 0x00, 0x00, 0x00, 0x00, 0x00, 0x00, 0x00, 0x00, 0x00, 
  0x00, 0x00, 0x00, 0x00, 0x00, 0x00, 0x00, 0x00, 0x00, 0x00, 0x00, 0x00, 
  0x00, 0x00, 0x00, 0x00, 0x00, 0x00, 0x00, 0x00, 0x00, 0x00, 0x00, 0x00, 
  0x00, 0x00, 0x00, 0x00, 0x00, 0x00, 0x00, 0x00, 0x00, 0x00, 0x00, 0x00, 
  0x00, 0x00, 0x00, 0x00, 0x00, 0x00, 0x00, 0x00, 0x00, 0x00, 0x00, 0x00, 
  0x00, 0x00, 0x00, 0x00, 0x00, 0x00, 0x00, 0x00, 0x00, 0x00, 0x00, 0x00, 
  0x00, 0x00, 0x00, 0x00, 0x00, 0x00, 0x00, 0x00, 0x00, 0x00, 0x00, 0x00, 
  0x00, 0x00, 0x00, 0x00, 0x00, 0x00, 0x00, 0x00, 0x00, 0x00, 0x00, 0x00, 
  0x00, 0x00, 0x00, 0x00, 0x00, 0x00, 0x00, 0x00, 0x00, 0x00, 0x00, 0x00, 
  0x00, 0x00, 0x00, 0x00, 0x00, 0x00, 0x00, 0x00, 0x00, 0x00, 0x00, 0x00, 
  0x00, 0x00, 0x00, 0x00, 0x00, 0x00, 0x00, 0x00, 0x00, 0x00, 0x00, 0x00, 
  0x18, 0x00, 0x00, 0x00, 0x3d, 0x57, 0x02, 0x37, 0x07, 0x32, 0x1e, 0x37, 
  0xba, 0xfb, 0x0c, 0x37, 0xd7, 0x2e, 0x12, 0x37, 0x1a, 0x88, 0x17, 0x37, 
  0x89, 0x83, 0x13, 0x37, 0xda, 0x1a, 0x1f, 0x37, 0x42, 0x55, 0x04, 0x37, 
  0xaa, 0xf3, 0x0a, 0x37, 0x02, 0xb5, 0x19, 0x37, 0x1c, 0x39, 0x32, 0x37, 
  0x46, 0x6f, 0x11, 0x37, 0xcc, 0xdf, 0x18, 0x37, 0xb6, 0x28, 0x24, 0x37, 
  0x2e, 0x2b, 0x0a, 0x37, 0xf3, 0x9e, 0xff, 0x36, 0xe2, 0x26, 0xfe, 0x36, 
  0xb1, 0xe7, 0x1e, 0x37, 0x56, 0xa0, 0x13, 0x37, 0xa6, 0x58, 0x14, 0x37, 
  0x04, 0xaa, 0x18, 0x37, 0x3a, 0x85, 0x0e, 0x37, 0x19, 0x66, 0x25, 0x37, 
  0xa9, 0xbc, 0x09, 0x37, 0x12, 0x00, 0x00, 0x00, 0x74, 0x66, 0x6c, 0x2e, 
  0x70, 0x73, 0x65, 0x75, 0x64, 0x6f, 0x5f, 0x71, 0x63, 0x6f, 0x6e, 0x73, 
  0x74, 0x38, 0x00, 0x00, 0x01, 0x00, 0x00, 0x00, 0x18, 0x00, 0x00, 0x00, 
  0x00, 0x00, 0x16, 0x00, 0x1e, 0x00, 0x18, 0x00, 0x17, 0x00, 0x10, 0x00, 
  0x0c, 0x00, 0x08, 0x00, 0x00, 0x00, 0x00, 0x00, 0x00, 0x00, 0x07, 0x00, 
  0x16, 0x00, 0x00, 0x00, 0x00, 0x00, 0x00, 0x01, 0x28, 0x00, 0x00, 0x00, 
  0x60, 0x01, 0x00, 0x00, 0x0a, 0x00, 0x00, 0x00, 0x00, 0x00, 0x00, 0x09, 
  0x6c, 0x01, 0x00, 0x00, 0x00, 0x00, 0x12, 0x00, 0x10, 0x00, 0x00, 0x00, 
  0x00, 0x00, 0x0c, 0x00, 0x08, 0x00, 0x00, 0x00, 0x00, 0x00, 0x04, 0x00, 
  0x12, 0x00, 0x00, 0x00, 0x03, 0x00, 0x00, 0x00, 0x08, 0x00, 0x00, 0x00, 
  0xcc, 0x00, 0x00, 0x00, 0x18, 0x00, 0x00, 0x00, 0x00, 0x00, 0x00, 0x00, 
  0x00, 0x00, 0x00, 0x00, 0x00, 0x00, 0x00, 0x00, 0x00, 0x00, 0x00, 0x00, 
  0x00, 0x00, 0x00, 0x00, 0x00, 0x00, 0x00, 0x00, 0x00, 0x00, 0x00, 0x00, 
  0x00, 0x00, 0x00, 0x00, 0x00, 0x00, 0x00, 0x00, 0x00, 0x00, 0x00, 0x00, 
  0x00, 0x00, 0x00, 0x00, 0x00, 0x00, 0x00, 0x00, 0x00, 0x00, 0x00, 0x00, 
  0x00, 0x00, 0x00, 0x00, 0x00, 0x00, 0x00, 0x00, 0x00, 0x00, 0x00, 0x00, 
  0x00, 0x00, 0x00, 0x00, 0x00, 0x00, 0x00, 0x00, 0x00, 0x00, 0x00, 0x00, 
  0x00, 0x00, 0x00, 0x00, 0x00, 0x00, 0x00, 0x00, 0x00, 0x00, 0x00, 0x00, 
  0x00, 0x00, 0x00, 0x00, 0x00, 0x00, 0x00, 0x00, 0x00, 0x00, 0x00, 0x00, 
  0x00, 0x00, 0x00, 0x00, 0x00, 0x00, 0x00, 0x00, 0x00, 0x00, 0x00, 0x00, 
  0x00, 0x00, 0x00, 0x00, 0x00, 0x00, 0x00, 0x00, 0x00, 0x00, 0x00, 0x00, 
  0x00, 0x00, 0x00, 0x00, 0x00, 0x00, 0x00, 0x00, 0x00, 0x00, 0x00, 0x00, 
  0x00, 0x00, 0x00, 0x00, 0x00, 0x00, 0x00, 0x00, 0x00, 0x00, 0x00, 0x00, 
  0x00, 0x00, 0x00, 0x00, 0x00, 0x00, 0x00, 0x00, 0x00, 0x00, 0x00, 0x00, 
  0x00, 0x00, 0x00, 0x00, 0x00, 0x00, 0x00, 0x00, 0x00, 0x00, 0x00, 0x00, 
  0x00, 0x00, 0x00, 0x00, 0x00, 0x00, 0x00, 0x00, 0x00, 0x00, 0x00, 0x00, 
  0x00, 0x00, 0x00, 0x00, 0x00, 0x00, 0x00, 0x00, 0x00, 0x00, 0x00, 0x00, 
  0x18, 0x00, 0x00, 0x00, 0xfe, 0x9f, 0x55, 0x3b, 0xe0, 0x59, 0x37, 0x3b, 
  0xd0, 0xe0, 0x45, 0x3b, 0x0f, 0x12, 0x7f, 0x3b, 0x11, 0x6f, 0x34, 0x3b, 
  0x1b, 0x3c, 0x50, 0x3b, 0x21, 0x17, 0x3d, 0x3b, 0x0b, 0x19, 0x59, 0x3b, 
  0x20, 0x72, 0x6a, 0x3b, 0x8c, 0x9f, 0x3f, 0x3b, 0x62, 0x08, 0x71, 0x3b, 
  0xd0, 0xb9, 0x66, 0x3b, 0x30, 0xc9, 0x29, 0x3b, 0xaf, 0x8b, 0x41, 0x3b, 
  0x84, 0x9d, 0x54, 0x3b, 0x03, 0xf4, 0x69, 0x3b, 0xcf, 0x23, 0x86, 0x3b, 
  0xdf, 0xf0, 0x72, 0x3b, 0x53, 0x52, 0x5d, 0x3b, 0x58, 0x89, 0x5f, 0x3b, 
  0x4c, 0x89, 0x4f, 0x3b, 0xbf, 0x61, 0x12, 0x3b, 0x3d, 0x01, 0x6f, 0x3b, 
  0xc4, 0xeb, 0x31, 0x3b, 0x12, 0x00, 0x00, 0x00, 0x74, 0x66, 0x6c, 0x2e, 
  0x70, 0x73, 0x65, 0x75, 0x64, 0x6f, 0x5f, 0x71, 0x63, 0x6f, 0x6e, 0x73, 
  0x74, 0x37, 0x00, 0x00, 0x04, 0x00, 0x00, 0x00, 0x01, 0x00, 0x00, 0x00, 
  0x03, 0x00, 0x00, 0x00, 0x03, 0x00, 0x00, 0x00, 0x18, 0x00, 0x00, 0x00, 
  0xca, 0xf5, 0xff, 0xff, 0x00, 0x00, 0x00, 0x01, 0x14, 0x00, 0x00, 0x00, 
  0x44, 0x01, 0x00, 0x00, 0x09, 0x00, 0x00, 0x00, 0x00, 0x00, 0x00, 0x02, 
  0x50, 0x01, 0x00, 0x00, 0x44, 0xf5, 0xff, 0xff, 0x08, 0x00, 0x00, 0x00, 
  0xc8, 0x00, 0x00, 0x00, 0x18, 0x00, 0x00, 0x00, 0x00, 0x00, 0x00, 0x00, 
  0x00, 0x00, 0x00, 0x00, 0x00, 0x00, 0x00, 0x00, 0x00, 0x00, 0x00, 0x00, 
  0x00, 0x00, 0x00, 0x00, 0x00, 0x00, 0x00, 0x00, 0x00, 0x00, 0x00, 0x00, 
  0x00, 0x00, 0x00, 0x00, 0x00, 0x00, 0x00, 0x00, 0x00, 0x00, 0x00, 0x00, 
  0x00, 0x00, 0x00, 0x00, 0x00, 0x00, 0x00, 0x00, 0x00, 0x00, 0x00, 0x00, 
  0x00, 0x00, 0x00, 0x00, 0x00, 0x00, 0x00, 0x00, 0x00, 0x00, 0x00, 0x00, 
  0x00, 0x00, 0x00, 0x00, 0x00, 0x00, 0x00, 0x00, 0x00, 0x00, 0x00, 0x00, 
  0x00, 0x00, 0x00, 0x00, 0x00, 0x00, 0x00, 0x00, 0x00, 0x00, 0x00, 0x00, 
  0x00, 0x00, 0x00, 0x00, 0x00, 0x00, 0x00, 0x00, 0x00, 0x00, 0x00, 0x00, 
  0x00, 0x00, 0x00, 0x00, 0x00, 0x00, 0x00, 0x00, 0x00, 0x00, 0x00, 0x00, 
  0x00, 0x00, 0x00, 0x00, 0x00, 0x00, 0x00, 0x00, 0x00, 0x00, 0x00, 0x00, 
  0x00, 0x00, 0x00, 0x00, 0x00, 0x00, 0x00, 0x00, 0x00, 0x00, 0x00, 0x00, 
  0x00, 0x00, 0x00, 0x00, 0x00, 0x00, 0x00, 0x00, 0x00, 0x00, 0x00, 0x00, 
  0x00, 0x00, 0x00, 0x00, 0x00, 0x00, 0x00, 0x00, 0x00, 0x00, 0x00, 0x00, 
  0x00, 0x00, 0x00, 0x00, 0x00, 0x00, 0x00, 0x00, 0x00, 0x00, 0x00, 0x00, 
  0x00, 0x00, 0x00, 0x00, 0x00, 0x00, 0x00, 0x00, 0x00, 0x00, 0x00, 0x00, 
  0x00, 0x00, 0x00, 0x00, 0x00, 0x00, 0x00, 0x00, 0x18, 0x00, 0x00, 0x00, 
  0x86, 0xb8, 0x63, 0x37, 0x06, 0x73, 0x43, 0x37, 0x5a, 0xef, 0x52, 0x37, 
  0x58, 0xf3, 0x87, 0x37, 0xf0, 0x56, 0x40, 0x37, 0x97, 0xf9, 0x5d, 0x37, 
  0x3a, 0x91, 0x49, 0x37, 0x3d, 0x6c, 0x67, 0x37, 0x5d, 0xea, 0x79, 0x37, 
  0x6e, 0x44, 0x4c, 0x37, 0xf1, 0x77, 0x80, 0x37, 0x36, 0xf3, 0x75, 0x37, 
  0x32, 0xfd, 0x34, 0x37, 0x0a, 0x51, 0x4e, 0x37, 0xfe, 0xa4, 0x62, 0x37, 
  0xed, 0x63, 0x79, 0x37, 0xb0, 0xfd, 0x8e, 0x37, 0x4e, 0x7c, 0x81, 0x37, 
  0xde, 0xec, 0x6b, 0x37, 0x4d, 0x49, 0x6e, 0x37, 0xfb, 0x3a, 0x5d, 0x37, 
  0x6a, 0x0a, 0x1c, 0x37, 0x7c, 0xc6, 0x7e, 0x37, 0x31, 0xa9, 0x3d, 0x37, 
  0x12, 0x00, 0x00, 0x00, 0x74, 0x66, 0x6c, 0x2e, 0x70, 0x73, 0x65, 0x75, 
  0x64, 0x6f, 0x5f, 0x71, 0x63, 0x6f, 0x6e, 0x73, 0x74, 0x36, 0x00, 0x00, 
  0x01, 0x00, 0x00, 0x00, 0x18, 0x00, 0x00, 0x00, 0x3a, 0xf7, 0xff, 0xff, 
  0x00, 0x00, 0x00, 0x01, 0x14, 0x00, 0x00, 0x00, 0xa8, 0x01, 0x00, 0x00, 
  0x08, 0x00, 0x00, 0x00, 0x00, 0x00, 0x00, 0x09, 0xb4, 0x01, 0x00, 0x00, 
  0xb4, 0xf6, 0xff, 0xff, 0x08, 0x00, 0x00, 0x00, 0x0c, 0x01, 0x00, 0x00, 
  0x20, 0x00, 0x00, 0x00, 0x00, 0x00, 0x00, 0x00, 0x00, 0x00, 0x00, 0x00, 
  0x00, 0x00, 0x00, 0x00, 0x00, 0x00, 0x00, 0x00, 0x00, 0x00, 0x00, 0x00, 
  0x00, 0x00, 0x00, 0x00, 0x00, 0x00, 0x00, 0x00, 0x00, 0x00, 0x00, 0x00, 
  0x00, 0x00, 0x00, 0x00, 0x00, 0x00, 0x00, 0x00, 0x00, 0x00, 0x00, 0x00, 
  0x00, 0x00, 0x00, 0x00, 0x00, 0x00, 0x00, 0x00, 0x00, 0x00, 0x00, 0x00, 
  0x00, 0x00, 0x00, 0x00, 0x00, 0x00, 0x00, 0x00, 0x00, 0x00, 0x00, 0x00, 
  0x00, 0x00, 0x00, 0x00, 0x00, 0x00, 0x00, 0x00, 0x00, 0x00, 0x00, 0x00, 
  0x00, 0x00, 0x00, 0x00, 0x00, 0x00, 0x00, 0x00, 0x00, 0x00, 0x00, 0x00, 
  0x00, 0x00, 0x00, 0x00, 0x00, 0x00, 0x00, 0x00, 0x00, 0x00, 0x00, 0x00, 
  0x00, 0x00, 0x00, 0x00, 0x00, 0x00, 0x00, 0x00, 0x00, 0x00, 0x00, 0x00, 
  0x00, 0x00, 0x00, 0x00, 0x00, 0x00, 0x00, 0x00, 0x00, 0x00, 0x00, 0x00, 
  0x00, 0x00, 0x00, 0x00, 0x00, 0x00, 0x00, 0x00, 0x00, 0x00, 0x00, 0x00, 
  0x00, 0x00, 0x00, 0x00, 0x00, 0x00, 0x00, 0x00, 0x00, 0x00, 0x00, 0x00, 
  0x00, 0x00, 0x00, 0x00, 0x00, 0x00, 0x00, 0x00, 0x00, 0x00, 0x00, 0x00, 
  0x00, 0x00, 0x00, 0x00, 0x00, 0x00, 0x00, 0x00, 0x00, 0x00, 0x00, 0x00, 
  0x00, 0x00, 0x00, 0x00, 0x00, 0x00, 0x00, 0x00, 0x00, 0x00, 0x00, 0x00, 
  0x00, 0x00, 0x00, 0x00, 0x00, 0x00, 0x00, 0x00, 0x00, 0x00, 0x00, 0x00, 
  0x00, 0x00, 0x00, 0x00, 0x00, 0x00, 0x00, 0x00, 0x00, 0x00, 0x00, 0x00, 
  0x00, 0x00, 0x00, 0x00, 0x00, 0x00, 0x00, 0x00, 0x00, 0x00, 0x00, 0x00, 
  0x00, 0x00, 0x00, 0x00, 0x00, 0x00, 0x00, 0x00, 0x00, 0x00, 0x00, 0x00, 
  0x00, 0x00, 0x00, 0x00, 0x00, 0x00, 0x00, 0x00, 0x00, 0x00, 0x00, 0x00, 
  0x00, 0x00, 0x00, 0x00, 0x00, 0x00, 0x00, 0x00, 0x00, 0x00, 0x00, 0x00, 
  0x20, 0x00, 0x00, 0x00, 0x1f, 0xbf, 0xa5, 0x3b, 0xc9, 0x63, 0x99, 0x3b, 
  0x23, 0x9b, 0x9a, 0x3b, 0x9c, 0x3f, 0x97, 0x3b, 0x9d, 0xf5, 0x98, 0x3b, 
  0xa9, 0xcf, 0x9b, 0x3b, 0xe4, 0xf1, 0x80, 0x3b, 0xd0, 0x39, 0x99, 0x3b, 
  0xfd, 0x25, 0x92, 0x3b, 0xff, 0x2d, 0x8e, 0x3b, 0xea, 0x42, 0xa4, 0x3b, 
  0x86, 0x9a, 0x83, 0x3b, 0x60, 0x23, 0x90, 0x3b, 0x61, 0x23, 0x97, 0x3b, 
  0xb0, 0x4b, 0xba, 0x3b, 0xc8, 0x67, 0x97, 0x3b, 0x64, 0x77, 0x85, 0x3b, 
  0xbe, 0xb7, 0x97, 0x3b, 0xb5, 0xd4, 0x88, 0x3b, 0xa6, 0xf7, 0xbd, 0x3b, 
  0x6f, 0xd1, 0xa0, 0x3b, 0xcc, 0x76, 0x80, 0x3b, 0xa2, 0x82, 0x94, 0x3b, 
  0x70, 0xde, 0x92, 0x3b, 0x3e, 0xdd, 0x7a, 0x3b, 0xac, 0x7e, 0x8a, 0x3b, 
  0x1c, 0x73, 0xa3, 0x3b, 0x53, 0xc7, 0x8a, 0x3b, 0xa3, 0x85, 0x82, 0x3b, 
  0x69, 0x51, 0xb7, 0x3b, 0x7a, 0xc7, 0xba, 0x3b, 0xc1, 0xf2, 0x95, 0x3b, 
  0x12, 0x00, 0x00, 0x00, 0x74, 0x66, 0x6c, 0x2e, 0x70, 0x73, 0x65, 0x75, 
  0x64, 0x6f, 0x5f, 0x71, 0x63, 0x6f, 0x6e, 0x73, 0x74, 0x35, 0x00, 0x00, 
  0x04, 0x00, 0x00, 0x00, 0x20, 0x00, 0x00, 0x00, 0x01, 0x00, 0x00, 0x00, 
  0x01, 0x00, 0x00, 0x00, 0x18, 0x00, 0x00, 0x00, 0x1a, 0xf9, 0xff, 0xff, 
  0x00, 0x00, 0x00, 0x01, 0x14, 0x00, 0x00, 0x00, 0xa4, 0x01, 0x00, 0x00, 
  0x07, 0x00, 0x00, 0x00, 0x00, 0x00, 0x00, 0x02, 0xb0, 0x01, 0x00, 0x00, 
  0x94, 0xf8, 0xff, 0xff, 0x08, 0x00, 0x00, 0x00, 0x08, 0x01, 0x00, 0x00, 
  0x20, 0x00, 0x00, 0x00, 0x00, 0x00, 0x00, 0x00, 0x00, 0x00, 0x00, 0x00, 
  0x00, 0x00, 0x00, 0x00, 0x00, 0x00, 0x00, 0x00, 0x00, 0x00, 0x00, 0x00, 
  0x00, 0x00, 0x00, 0x00, 0x00, 0x00, 0x00, 0x00, 0x00, 0x00, 0x00, 0x00, 
  0x00, 0x00, 0x00, 0x00, 0x00, 0x00, 0x00, 0x00, 0x00, 0x00, 0x00, 0x00, 
  0x00, 0x00, 0x00, 0x00, 0x00, 0x00, 0x00, 0x00, 0x00, 0x00, 0x00, 0x00, 
  0x00, 0x00, 0x00, 0x00, 0x00, 0x00, 0x00, 0x00, 0x00, 0x00, 0x00, 0x00, 
  0x00, 0x00, 0x00, 0x00, 0x00, 0x00, 0x00, 0x00, 0x00, 0x00, 0x00, 0x00, 
  0x00, 0x00, 0x00, 0x00, 0x00, 0x00, 0x00, 0x00, 0x00, 0x00, 0x00, 0x00, 
  0x00, 0x00, 0x00, 0x00, 0x00, 0x00, 0x00, 0x00, 0x00, 0x00, 0x00, 0x00, 
  0x00, 0x00, 0x00, 0x00, 0x00, 0x00, 0x00, 0x00, 0x00, 0x00, 0x00, 0x00, 
  0x00, 0x00, 0x00, 0x00, 0x00, 0x00, 0x00, 0x00, 0x00, 0x00, 0x00, 0x00, 
  0x00, 0x00, 0x00, 0x00, 0x00, 0x00, 0x00, 0x00, 0x00, 0x00, 0x00, 0x00, 
  0x00, 0x00, 0x00, 0x00, 0x00, 0x00, 0x00, 0x00, 0x00, 0x00, 0x00, 0x00, 
  0x00, 0x00, 0x00, 0x00, 0x00, 0x00, 0x00, 0x00, 0x00, 0x00, 0x00, 0x00, 
  0x00, 0x00, 0x00, 0x00, 0x00, 0x00, 0x00, 0x00, 0x00, 0x00, 0x00, 0x00, 
  0x00, 0x00, 0x00, 0x00, 0x00, 0x00, 0x00, 0x00, 0x00, 0x00, 0x00, 0x00, 
  0x00, 0x00, 0x00, 0x00, 0x00, 0x00, 0x00, 0x00, 0x00, 0x00, 0x00, 0x00, 
  0x00, 0x00, 0x00, 0x00, 0x00, 0x00, 0x00, 0x00, 0x00, 0x00, 0x00, 0x00, 
  0x00, 0x00, 0x00, 0x00, 0x00, 0x00, 0x00, 0x00, 0x00, 0x00, 0x00, 0x00, 
  0x00, 0x00, 0x00, 0x00, 0x00, 0x00, 0x00, 0x00, 0x00, 0x00, 0x00, 0x00, 
  0x00, 0x00, 0x00, 0x00, 0x00, 0x00, 0x00, 0x00, 0x00, 0x00, 0x00, 0x00, 
  0x00, 0x00, 0x00, 0x00, 0x00, 0x00, 0x00, 0x00, 0x20, 0x00, 0x00, 0x00, 
  0x2e, 0x85, 0xb4, 0x37, 0xe2, 0x0f, 0xa7, 0x37, 0xfd, 0x62, 0xa8, 0x37, 
  0xd9, 0xba, 0xa4, 0x37, 0xe4, 0x97, 0xa6, 0x37, 0x03, 0xb3, 0xa9, 0x37, 
  0x33, 0x70, 0x8c, 0x37, 0x2b, 0xe2, 0xa6, 0x37, 0xda, 0x2c, 0x9f, 0x37, 
  0x4c, 0xda, 0x9a, 0x37, 0x16, 0xe7, 0xb2, 0x37, 0x7f, 0x55, 0x8f, 0x37, 
  0x5e, 0xfc, 0x9c, 0x37, 0x1a, 0x9c, 0xa4, 0x37, 0xa5, 0xe6, 0xca, 0x37, 
  0x99, 0xe6, 0xa4, 0x37, 0xdf, 0x5c, 0x91, 0x37, 0xb0, 0x3d, 0xa5, 0x37, 
  0xf6, 0x06, 0x95, 0x37, 0x63, 0xe6, 0xce, 0x37, 0x09, 0x27, 0xaf, 0x37, 
  0x22, 0xea, 0x8b, 0x37, 0x64, 0xbf, 0xa1, 0x37, 0xbe, 0xf5, 0x9f, 0x37, 
  0xc6, 0x9c, 0x88, 0x37, 0xe4, 0xd6, 0x96, 0x37, 0xc2, 0x04, 0xb2, 0x37, 
  0x05, 0x26, 0x97, 0x37, 0xee, 0x27, 0x8e, 0x37, 0x6c, 0xa8, 0xc7, 0x37, 
  0x77, 0x6d, 0xcb, 0x37, 0x53, 0x50, 0xa3, 0x37, 0x12, 0x00, 0x00, 0x00, 
  0x74, 0x66, 0x6c, 0x2e, 0x70, 0x73, 0x65, 0x75, 0x64, 0x6f, 0x5f, 0x71, 
  0x63, 0x6f, 0x6e, 0x73, 0x74, 0x34, 0x00, 0x00, 0x01, 0x00, 0x00, 0x00, 
  0x20, 0x00, 0x00, 0x00, 0xea, 0xfa, 0xff, 0xff, 0x00, 0x00, 0x00, 0x01, 
  0x14, 0x00, 0x00, 0x00, 0xa8, 0x01, 0x00, 0x00, 0x06, 0x00, 0x00, 0x00, 
  0x00, 0x00, 0x00, 0x09, 0xb4, 0x01, 0x00, 0x00, 0x64, 0xfa, 0xff, 0xff, 
  0x08, 0x00, 0x00, 0x00, 0x0c, 0x01, 0x00, 0x00, 0x20, 0x00, 0x00, 0x00, 
  0x00, 0x00, 0x00, 0x00, 0x00, 0x00, 0x00, 0x00, 0x00, 0x00, 0x00, 0x00, 
  0x00, 0x00, 0x00, 0x00, 0x00, 0x00, 0x00, 0x00, 0x00, 0x00, 0x00, 0x00, 
  0x00, 0x00, 0x00, 0x00, 0x00, 0x00, 0x00, 0x00, 0x00, 0x00, 0x00, 0x00, 
  0x00, 0x00, 0x00, 0x00, 0x00, 0x00, 0x00, 0x00, 0x00, 0x00, 0x00, 0x00, 
  0x00, 0x00, 0x00, 0x00, 0x00, 0x00, 0x00, 0x00, 0x00, 0x00, 0x00, 0x00, 
  0x00, 0x00, 0x00, 0x00, 0x00, 0x00, 0x00, 0x00, 0x00, 0x00, 0x00, 0x00, 
  0x00, 0x00, 0x00, 0x00, 0x00, 0x00, 0x00, 0x00, 0x00, 0x00, 0x00, 0x00, 
  0x00, 0x00, 0x00, 0x00, 0x00, 0x00, 0x00, 0x00, 0x00, 0x00, 0x00, 0x00, 
  0x00, 0x00, 0x00, 0x00, 0x00, 0x00, 0x00, 0x00, 0x00, 0x00, 0x00, 0x00, 
  0x00, 0x00, 0x00, 0x00, 0x00, 0x00, 0x00, 0x00, 0x00, 0x00, 0x00, 0x00, 
  0x00, 0x00, 0x00, 0x00, 0x00, 0x00, 0x00, 0x00, 0x00, 0x00, 0x00, 0x00, 
  0x00, 0x00, 0x00, 0x00, 0x00, 0x00, 0x00, 0x00, 0x00, 0x00, 0x00, 0x00, 
  0x00, 0x00, 0x00, 0x00, 0x00, 0x00, 0x00, 0x00, 0x00, 0x00, 0x00, 0x00, 
  0x00, 0x00, 0x00, 0x00, 0x00, 0x00, 0x00, 0x00, 0x00, 0x00, 0x00, 0x00, 
  0x00, 0x00, 0x00, 0x00, 0x00, 0x00, 0x00, 0x00, 0x00, 0x00, 0x00, 0x00, 
  0x00, 0x00, 0x00, 0x00, 0x00, 0x00, 0x00, 0x00, 0x00, 0x00, 0x00, 0x00, 
  0x00, 0x00, 0x00, 0x00, 0x00, 0x00, 0x00, 0x00, 0x00, 0x00, 0x00, 0x00, 
  0x00, 0x00, 0x00, 0x00, 0x00, 0x00, 0x00, 0x00, 0x00, 0x00, 0x00, 0x00, 
  0x00, 0x00, 0x00, 0x00, 0x00, 0x00, 0x00, 0x00, 0x00, 0x00, 0x00, 0x00, 
  0x00, 0x00, 0x00, 0x00, 0x00, 0x00, 0x00, 0x00, 0x00, 0x00, 0x00, 0x00, 
  0x00, 0x00, 0x00, 0x00, 0x00, 0x00, 0x00, 0x00, 0x00, 0x00, 0x00, 0x00, 
  0x00, 0x00, 0x00, 0x00, 0x00, 0x00, 0x00, 0x00, 0x20, 0x00, 0x00, 0x00, 
  0xda, 0x1e, 0x3b, 0x3b, 0x14, 0xb9, 0x2d, 0x3b, 0x53, 0xf8, 0x2b, 0x3b, 
  0xac, 0x2b, 0x1b, 0x3b, 0x5b, 0x8a, 0x22, 0x3b, 0x67, 0x81, 0x1f, 0x3b, 
  0xda, 0xc0, 0x17, 0x3b, 0xf9, 0xbf, 0x2b, 0x3b, 0xbd, 0x27, 0x1d, 0x3b, 
  0x1f, 0xb3, 0x16, 0x3b, 0x29, 0x0a, 0x29, 0x3b, 0xf7, 0x61, 0x1d, 0x3b, 
  0xb8, 0xae, 0x18, 0x3b, 0xb1, 0x38, 0x22, 0x3b, 0xd2, 0x92, 0x30, 0x3b, 
  0x69, 0x70, 0x21, 0x3b, 0x43, 0x9c, 0x16, 0x3b, 0xa2, 0x35, 0x10, 0x3b, 
  0xef, 0x71, 0x1e, 0x3b, 0x7a, 0xf6, 0x2b, 0x3b, 0x9d, 0xc1, 0x29, 0x3b, 
  0x18, 0x20, 0x13, 0x3b, 0xd0, 0xe2, 0x0c, 0x3b, 0xae, 0x2d, 0x17, 0x3b, 
  0xc9, 0x50, 0x21, 0x3b, 0x25, 0x39, 0x22, 0x3b, 0x4a, 0xe0, 0x27, 0x3b, 
  0x00, 0xf2, 0x1f, 0x3b, 0xcb, 0x6b, 0x1d, 0x3b, 0x2c, 0x17, 0x23, 0x3b, 
  0x0c, 0x5f, 0x1d, 0x3b, 0xd0, 0x3d, 0x20, 0x3b, 0x12, 0x00, 0x00, 0x00, 
  0x74, 0x66, 0x6c, 0x2e, 0x70, 0x73, 0x65, 0x75, 0x64, 0x6f, 0x5f, 0x71, 
  0x63, 0x6f, 0x6e, 0x73, 0x74, 0x33, 0x00, 0x00, 0x02, 0x00, 0x00, 0x00, 
  0x20, 0x00, 0x00, 0x00, 0x20, 0x00, 0x00, 0x00, 0xc2, 0xfc, 0xff, 0xff, 
  0x00, 0x00, 0x00, 0x01, 0x14, 0x00, 0x00, 0x00, 0xa4, 0x01, 0x00, 0x00, 
  0x05, 0x00, 0x00, 0x00, 0x00, 0x00, 0x00, 0x02, 0xb0, 0x01, 0x00, 0x00, 
  0x3c, 0xfc, 0xff, 0xff, 0x08, 0x00, 0x00, 0x00, 0x08, 0x01, 0x00, 0x00, 
  0x20, 0x00, 0x00, 0x00, 0x00, 0x00, 0x00, 0x00, 0x00, 0x00, 0x00, 0x00, 
  0x00, 0x00, 0x00, 0x00, 0x00, 0x00, 0x00, 0x00, 0x00, 0x00, 0x00, 0x00, 
  0x00, 0x00, 0x00, 0x00, 0x00, 0x00, 0x00, 0x00, 0x00, 0x00, 0x00, 0x00, 
  0x00, 0x00, 0x00, 0x00, 0x00, 0x00, 0x00, 0x00, 0x00, 0x00, 0x00, 0x00, 
  0x00, 0x00, 0x00, 0x00, 0x00, 0x00, 0x00, 0x00, 0x00, 0x00, 0x00, 0x00, 
  0x00, 0x00, 0x00, 0x00, 0x00, 0x00, 0x00, 0x00, 0x00, 0x00, 0x00, 0x00, 
  0x00, 0x00, 0x00, 0x00, 0x00, 0x00, 0x00, 0x00, 0x00, 0x00, 0x00, 0x00, 
  0x00, 0x00, 0x00, 0x00, 0x00, 0x00, 0x00, 0x00, 0x00, 0x00, 0x00, 0x00, 
  0x00, 0x00, 0x00, 0x00, 0x00, 0x00, 0x00, 0x00, 0x00, 0x00, 0x00, 0x00, 
  0x00, 0x00, 0x00, 0x00, 0x00, 0x00, 0x00, 0x00, 0x00, 0x00, 0x00, 0x00, 
  0x00, 0x00, 0x00, 0x00, 0x00, 0x00, 0x00, 0x00, 0x00, 0x00, 0x00, 0x00, 
  0x00, 0x00, 0x00, 0x00, 0x00, 0x00, 0x00, 0x00, 0x00, 0x00, 0x00, 0x00, 
  0x00, 0x00, 0x00, 0x00, 0x00, 0x00, 0x00, 0x00, 0x00, 0x00, 0x00, 0x00, 
  0x00, 0x00, 0x00, 0x00, 0x00, 0x00, 0x00, 0x00, 0x00, 0x00, 0x00, 0x00, 
  0x00, 0x00, 0x00, 0x00, 0x00, 0x00, 0x00, 0x00, 0x00, 0x00, 0x00, 0x00, 
  0x00, 0x00, 0x00, 0x00, 0x00, 0x00, 0x00, 0x00, 0x00, 0x00, 0x00, 0x00, 
  0x00, 0x00, 0x00, 0x00, 0x00, 0x00, 0x00, 0x00, 0x00, 0x00, 0x00, 0x00, 
  0x00, 0x00, 0x00, 0x00, 0x00, 0x00, 0x00, 0x00, 0x00, 0x00, 0x00, 0x00, 
  0x00, 0x00, 0x00, 0x00, 0x00, 0x00, 0x00, 0x00, 0x00, 0x00, 0x00, 0x00, 
  0x00, 0x00, 0x00, 0x00, 0x00, 0x00, 0x00, 0x00, 0x00, 0x00, 0x00, 0x00, 
  0x00, 0x00, 0x00, 0x00, 0x00, 0x00, 0x00, 0x00, 0x00, 0x00, 0x00, 0x00, 
  0x00, 0x00, 0x00, 0x00, 0x00, 0x00, 0x00, 0x00, 0x20, 0x00, 0x00, 0x00, 
  0x8c, 0x95, 0x2e, 0x37, 0x8e, 0x15, 0x22, 0x37, 0xde, 0x72, 0x20, 0x37, 
  0x57, 0xc6, 0x10, 0x37, 0xa0, 0xa6, 0x17, 0x37, 0xb9, 0xd1, 0x14, 0x37, 
  0x21, 0x96, 0x0d, 0x37, 0x4a, 0x3e, 0x20, 0x37, 0x5e, 0xa0, 0x12, 0x37, 
  0x78, 0x9a, 0x0c, 0x37, 0xf6, 0xb6, 0x1d, 0x37, 0xb2, 0xd6, 0x12, 0x37, 
  0x10, 0x74, 0x0e, 0x37, 0x6e, 0x5a, 0x17, 0x37, 0x68, 0xbe, 0x24, 0x37, 
  0x91, 0x9f, 0x16, 0x37, 0x25, 0x85, 0x0c, 0x37, 0x4c, 0x8c, 0x06, 0x37, 
  0x71, 0xd4, 0x13, 0x37, 0x24, 0x71, 0x20, 0x37, 0x1f, 0x62, 0x1e, 0x37, 
  0xbf, 0x44, 0x09, 0x37, 0x7a, 0x72, 0x03, 0x37, 0xd1, 0x0c, 0x0d, 0x37, 
  0x10, 0x82, 0x16, 0x37, 0xdb, 0x5a, 0x17, 0x37, 0x0c, 0xa1, 0x1c, 0x37, 
  0xc7, 0x3a, 0x15, 0x37, 0xdd, 0xdf, 0x12, 0x37, 0x02, 0x2a, 0x18, 0x37, 
  0xf9, 0xd3, 0x12, 0x37, 0x83, 0x81, 0x15, 0x37, 0x12, 0x00, 0x00, 0x00, 
  0x74, 0x66, 0x6c, 0x2e, 0x70, 0x73, 0x65, 0x75, 0x64, 0x6f, 0x5f, 0x71, 
  0x63, 0x6f, 0x6e, 0x73, 0x74, 0x32, 0x00, 0x00, 0x01, 0x00, 0x00, 0x00, 
  0x20, 0x00, 0x00, 0x00, 0x92, 0xfe, 0xff, 0xff, 0x00, 0x00, 0x00, 0x01, 
  0x14, 0x00, 0x00, 0x00, 0x88, 0x00, 0x00, 0x00, 0x04, 0x00, 0x00, 0x00, 
  0x00, 0x00, 0x00, 0x09, 0x94, 0x00, 0x00, 0x00, 0x0c, 0xfe, 0xff, 0xff, 
  0x08, 0x00, 0x00, 0x00, 0x4c, 0x00, 0x00, 0x00, 0x08, 0x00, 0x00, 0x00, 
  0x00, 0x00, 0x00, 0x00, 0x00, 0x00, 0x00, 0x00, 0x00, 0x00, 0x00, 0x00, 
  0x00, 0x00, 0x00, 0x00, 0x00, 0x00, 0x00, 0x00, 0x00, 0x00, 0x00, 0x00, 
  0x00, 0x00, 0x00, 0x00, 0x00, 0x00, 0x00, 0x00, 0x00, 0x00, 0x00, 0x00, 
  0x00, 0x00, 0x00, 0x00, 0x00, 0x00, 0x00, 0x00, 0x00, 0x00, 0x00, 0x00, 
  0x00, 0x00, 0x00, 0x00, 0x00, 0x00, 0x00, 0x00, 0x00, 0x00, 0x00, 0x00, 
  0x00, 0x00, 0x00, 0x00, 0x00, 0x00, 0x00, 0x00, 0x08, 0x00, 0x00, 0x00, 
  0x64, 0x61, 0x38, 0x3b, 0x18, 0x74, 0x51, 0x3b, 0x60, 0x6a, 0x51, 0x3b, 
  0xbb, 0xa1, 0x31, 0x3b, 0x9e, 0xef, 0x39, 0x3b, 0xfe, 0x90, 0x40, 0x3b, 
  0xb8, 0x14, 0x35, 0x3b, 0xf9, 0x48, 0x49, 0x3b, 0x12, 0x00, 0x00, 0x00, 
  0x74, 0x66, 0x6c, 0x2e, 0x70, 0x73, 0x65, 0x75, 0x64, 0x6f, 0x5f, 0x71, 
  0x63, 0x6f, 0x6e, 0x73, 0x74, 0x31, 0x00, 0x00, 0x02, 0x00, 0x00, 0x00, 
  0x08, 0x00, 0x00, 0x00, 0x20, 0x00, 0x00, 0x00, 0x4a, 0xff, 0xff, 0xff, 
  0x00, 0x00, 0x00, 0x01, 0x14, 0x00, 0x00, 0x00, 0x88, 0x00, 0x00, 0x00, 
  0x03, 0x00, 0x00, 0x00, 0x00, 0x00, 0x00, 0x02, 0x94, 0x00, 0x00, 0x00, 
  0xc4, 0xfe, 0xff, 0xff, 0x08, 0x00, 0x00, 0x00, 0x4c, 0x00, 0x00, 0x00, 
  0x08, 0x00, 0x00, 0x00, 0x00, 0x00, 0x00, 0x00, 0x00, 0x00, 0x00, 0x00, 
  0x00, 0x00, 0x00, 0x00, 0x00, 0x00, 0x00, 0x00, 0x00, 0x00, 0x00, 0x00, 
  0x00, 0x00, 0x00, 0x00, 0x00, 0x00, 0x00, 0x00, 0x00, 0x00, 0x00, 0x00, 
  0x00, 0x00, 0x00, 0x00, 0x00, 0x00, 0x00, 0x00, 0x00, 0x00, 0x00, 0x00, 
  0x00, 0x00, 0x00, 0x00, 0x00, 0x00, 0x00, 0x00, 0x00, 0x00, 0x00, 0x00, 
  0x00, 0x00, 0x00, 0x00, 0x00, 0x00, 0x00, 0x00, 0x00, 0x00, 0x00, 0x00, 
  0x08, 0x00, 0x00, 0x00, 0x1a, 0x10, 0x16, 0x37, 0x22, 0x78, 0x2a, 0x37, 
  0x3a, 0x70, 0x2a, 0x37, 0x00, 0x92, 0x10, 0x37, 0x36, 0x54, 0x17, 0x37, 
  0xaa, 0xb9, 0x1c, 0x37, 0xa5, 0x60, 0x13, 0x37, 0x38, 0xd2, 0x23, 0x37, 
  0x11, 0x00, 0x00, 0x00, 0x74, 0x66, 0x6c, 0x2e, 0x70, 0x73, 0x65, 0x75, 
  0x64, 0x6f, 0x5f, 0x71, 0x63, 0x6f, 0x6e, 0x73, 0x74, 0x00, 0x00, 0x00, 
  0x01, 0x00, 0x00, 0x00, 0x08, 0x00, 0x00, 0x00, 0x00, 0x00, 0x16, 0x00, 
  0x1c, 0x00, 0x18, 0x00, 0x17, 0x00, 0x10, 0x00, 0x0c, 0x00, 0x08, 0x00, 
  0x00, 0x00, 0x00, 0x00, 0x00, 0x00, 0x07, 0x00, 0x16, 0x00, 0x00, 0x00, 
  0x00, 0x00, 0x00, 0x01, 0x18, 0x00, 0x00, 0x00, 0x18, 0x00, 0x00, 0x00, 
  0x02, 0x00, 0x00, 0x00, 0x00, 0x00, 0x00, 0x02, 0x20, 0x00, 0x00, 0x00, 
  0x04, 0x00, 0x04, 0x00, 0x04, 0x00, 0x00, 0x00, 0x0e, 0x00, 0x00, 0x00, 
  0x61, 0x72, 0x69, 0x74, 0x68, 0x2e, 0x63, 0x6f, 0x6e, 0x73, 0x74, 0x61, 
  0x6e, 0x74, 0x00, 0x00, 0x01, 0x00, 0x00, 0x00, 0x02, 0x00, 0x00, 0x00, 
  0x00, 0x00, 0x16, 0x00, 0x20, 0x00, 0x1c, 0x00, 0x1b, 0x00, 0x14, 0x00, 
  0x10, 0x00, 0x0c, 0x00, 0x00, 0x00, 0x00, 0x00, 0x08, 0x00, 0x07, 0x00, 
  0x16, 0x00, 0x00, 0x00, 0x00, 0x00, 0x00, 0x01, 0x18, 0x00, 0x00, 0x00, 
  0x34, 0x00, 0x00, 0x00, 0x50, 0x00, 0x00, 0x00, 0x01, 0x00, 0x00, 0x00, 
  0x00, 0x00, 0x00, 0x09, 0x68, 0x00, 0x00, 0x00, 0x04, 0x00, 0x00, 0x00, 
  0xff, 0xff, 0xff, 0xff, 0x80, 0x00, 0x00, 0x00, 0x80, 0x00, 0x00, 0x00, 
  0x01, 0x00, 0x00, 0x00, 0x0c, 0x00, 0x0c, 0x00, 0x00, 0x00, 0x00, 0x00, 
  0x08, 0x00, 0x04, 0x00, 0x0c, 0x00, 0x00, 0x00, 0x08, 0x00, 0x00, 0x00, 
  0x10, 0x00, 0x00, 0x00, 0x01, 0x00, 0x00, 0x00, 0x80, 0xff, 0xff, 0xff, 
  0xff, 0xff, 0xff, 0xff, 0x01, 0x00, 0x00, 0x00, 0x00, 0x00, 0x80, 0x3f, 
  0x1d, 0x00, 0x00, 0x00, 0x73, 0x65, 0x72, 0x76, 0x69, 0x6e, 0x67, 0x5f, 
  0x64, 0x65, 0x66, 0x61, 0x75, 0x6c, 0x74, 0x5f, 0x74, 0x68, 0x75, 0x6d, 
  0x62, 0x5f, 0x69, 0x6e, 0x70, 0x75, 0x74, 0x3a, 0x30, 0x00, 0x00, 0x00, 
  0x04, 0x00, 0x00, 0x00, 0x01, 0x00, 0x00, 0x00, 0x80, 0x00, 0x00, 0x00, 
  0x80, 0x00, 0x00, 0x00, 0x01, 0x00, 0x00, 0x00, 0x06, 0x00, 0x00, 0x00, 
  0x74, 0x00, 0x00, 0x00, 0x54, 0x00, 0x00, 0x00, 0x40, 0x00, 0x00, 0x00, 
  0x2c, 0x00, 0x00, 0x00, 0x18, 0x00, 0x00, 0x00, 0x04, 0x00, 0x00, 0x00, 
  0xb0, 0xff, 0xff, 0xff, 0x06, 0x00, 0x00, 0x00, 0x02, 0x00, 0x00, 0x00, 
  0x00, 0x00, 0x00, 0x06, 0xc0, 0xff, 0xff, 0xff, 0x0e, 0x00, 0x00, 0x00, 
  0x02, 0x00, 0x00, 0x00, 0x00, 0x00, 0x00, 0x0e, 0xd0, 0xff, 0xff, 0xff, 
  0x09, 0x00, 0x00, 0x00, 0x04, 0x00, 0x00, 0x00, 0x00, 0x00, 0x00, 0x09, 
  0xe0, 0xff, 0xff, 0xff, 0x28, 0x00, 0x00, 0x00, 0x02, 0x00, 0x00, 0x00, 
  0x00, 0x00, 0x00, 0x28, 0xf0, 0xff, 0xff, 0xff, 0x04, 0x00, 0x00, 0x00, 
  0x03, 0x00, 0x00, 0x00, 0x00, 0x00, 0x00, 0x04, 0x0c, 0x00, 0x10, 0x00, 
  0x0f, 0x00, 0x00, 0x00, 0x08, 0x00, 0x04, 0x00, 0x0c, 0x00, 0x00, 0x00, 
  0x03, 0x00, 0x00, 0x00, 0x03, 0x00, 0x00, 0x00, 0x00, 0x00, 0x00, 0x03, 
};

const unsigned int g_corner_model_data_len = 17520;

#ifdef __cplusplus
}
#endif

#endif // CORNER_MODEL_QUANTIZED_H_
